table_name,field_name,field_alias,field_description,unit,missing_pct,estimated_information_value,estimated_implementation_effort,justification
ANALYSIS_DIS_AC,BLK_CRACK_A,Block Cracking Area Total,Total area of block cracking.,sq m,0.0,HIGH,LOW (<30 min),Severity-disaggregated distress components can provide richer lagged condition state than the current single aggregate target.
ANALYSIS_DIS_AC,BLK_CRACK_A_H,High Severity Block Cracking Area,Area of high severity block cracking. (Mean crack width greater than 19 mm or under 19 mm with moderate to high severity random cracking.),sq m,0.0,HIGH,LOW (<30 min),Severity-disaggregated distress components can provide richer lagged condition state than the current single aggregate target.
ANALYSIS_DIS_AC,BLK_CRACK_A_L,Low Severity Block Cracking Area,Area of low severity block cracking. (Cracks of unknown width well sealed or with mean width of 6 mm or less.),sq m,0.0,HIGH,LOW (<30 min),Severity-disaggregated distress components can provide richer lagged condition state than the current single aggregate target.
ANALYSIS_DIS_AC,BLK_CRACK_A_M,Medium Severity Block Cracking Area,Area of moderate severity block cracking. (Mean crack width from 6 to 19 mm or under 19 mm with adjacent low severity random cracking.),sq m,0.0,HIGH,LOW (<30 min),Severity-disaggregated distress components can provide richer lagged condition state than the current single aggregate target.
ANALYSIS_DIS_AC,BLOCKVERSE_CRACKING,Blockverse Crack Area,Transverse cracking area at a foot-length plus the block cracking area. Used as a measure to identify change in distress definition.,sq m,0.022906009009696877,HIGH,LOW (<30 min),Severity-disaggregated distress components can provide richer lagged condition state than the current single aggregate target.
ANALYSIS_DIS_AC,EDGE_CRACK_L,Edge Crack Length,Total length of edge cracking.,m,0.030541345346262502,HIGH,LOW (<30 min),Severity-disaggregated distress components can provide richer lagged condition state than the current single aggregate target.
ANALYSIS_DIS_AC,EDGE_CRACK_L_H,High Severity Edge Crack Length,Length of high severity edge cracking.,m,0.015270672673131251,HIGH,LOW (<30 min),Severity-disaggregated distress components can provide richer lagged condition state than the current single aggregate target.
ANALYSIS_DIS_AC,EDGE_CRACK_L_L,Low Severity Edge Crack Length,Length of low severity edge cracking.,m,0.007635336336565626,HIGH,LOW (<30 min),Severity-disaggregated distress components can provide richer lagged condition state than the current single aggregate target.
ANALYSIS_DIS_AC,EDGE_CRACK_L_M,Medium Severity Edge Crack Length,Length of moderate severity edge cracking.,m,0.007635336336565626,HIGH,LOW (<30 min),Severity-disaggregated distress components can provide richer lagged condition state than the current single aggregate target.
ANALYSIS_DIS_AC,GATOR_CRACK_A,Alligator Cracking Area Total,Total alligator (fatigue) cracking area.,sq m,0.053447354355959376,HIGH,LOW (<30 min),Severity-disaggregated distress components can provide richer lagged condition state than the current single aggregate target.
ANALYSIS_DIS_AC,GATOR_CRACK_A_H,High Severity Alligator Cracking Area,"Area of alligator (fatigue) cracking of high severity. (Moderately or severely spalled interconnected cracks, may be sealed, pumping may be evident.)",sq m,0.03817668168282813,HIGH,LOW (<30 min),Severity-disaggregated distress components can provide richer lagged condition state than the current single aggregate target.
ANALYSIS_DIS_AC,GATOR_CRACK_A_L,Low Severity Alligator Cracking Area,"Area of alligator (fatigue) cracking of low severity. (No or few connecting cracks, not spalled or sealed, no pumping evident.)",sq m,0.04581201801939375,HIGH,LOW (<30 min),Severity-disaggregated distress components can provide richer lagged condition state than the current single aggregate target.
ANALYSIS_DIS_AC,GATOR_CRACK_A_M,Medium Severity Alligator Cracking Area,"Area of alligator (fatigue) cracking of moderate severity. (Interconnected cracks possibly slightly spalled, may be sealed, pumping may be evident.)",sq m,0.053447354355959376,HIGH,LOW (<30 min),Severity-disaggregated distress components can provide richer lagged condition state than the current single aggregate target.
ANALYSIS_DIS_AC,LONGIGATOR_CRACKING,Longigator Crack Area,Longitudinal cracking area at a foot-width plus the alligator cracking area. Used as a measure to identify change in distress definition.,sq m,0.09925937237535315,HIGH,LOW (<30 min),Severity-disaggregated distress components can provide richer lagged condition state than the current single aggregate target.
ANALYSIS_DIS_AC,LONG_CRACK_NWP_L,Non-Wheel Path Longitudinal Crack Length Total,Total length of non-wheel path longitudinal cracking.,m,0.12216538138505001,HIGH,LOW (<30 min),Severity-disaggregated distress components can provide richer lagged condition state than the current single aggregate target.
ANALYSIS_DIS_AC,LONG_CRACK_NWP_L_H,High Severity Non-Wheel Path Longitudinal Crack Length,"Length of high severity, non-wheel path longitudinal cracking. (Mean crack width greater than 19 mm or under 19 mm with adjacent moderate to high severity random cracking.)",m,0.06871802702909063,HIGH,LOW (<30 min),Severity-disaggregated distress components can provide richer lagged condition state than the current single aggregate target.
ANALYSIS_DIS_AC,LONG_CRACK_NWP_L_L,Low Severity Non-Wheel Path Longitudinal Crack Length,"Length of low severity, non-wheel path longitudinal cracking. (Cracks of unknown width well sealed or with mean width of 6 mm or less.)",m,0.12216538138505001,HIGH,LOW (<30 min),Severity-disaggregated distress components can provide richer lagged condition state than the current single aggregate target.
ANALYSIS_DIS_AC,LONG_CRACK_NWP_L_M,Medium Severity Non-Wheel Path Longitudinal Crack Length,"Length of moderate severity, non-wheel path longitudinal cracking. (Mean crack width from 6 to 19 mm or under 19 mm with adjacent low severity random cracking.)",m,0.06871802702909063,HIGH,LOW (<30 min),Severity-disaggregated distress components can provide richer lagged condition state than the current single aggregate target.
ANALYSIS_DIS_AC,LONG_CRACK_NWP_SEAL_L,Non-Well-Sealed Wheel Path Longitudinal Crack Length Total,Total length of well sealed non-wheel path longitudinal cracking.,m,0.900969687714744,HIGH,LOW (<30 min),Severity-disaggregated distress components can provide richer lagged condition state than the current single aggregate target.
ANALYSIS_DIS_AC,LONG_CRACK_NWP_SEAL_L_H,High Severity Non-Wheel Path Well-Sealed Longitudinal Crack Length,"Length of high severity, well sealed non-wheel path longitudinal cracking. (Mean crack width greater than 19 mm or under 19 mm with adjacent moderate to high severity random cracking.)",m,0.09925937237535315,HIGH,LOW (<30 min),Severity-disaggregated distress components can provide richer lagged condition state than the current single aggregate target.
ANALYSIS_DIS_AC,LONG_CRACK_NWP_SEAL_L_L,Low Severity Non-Wheel Path Well-Sealed Longitudinal Crack Length,"Length of low severity, well sealed non-wheel path longitudinal cracking. (Cracks of unknown width or with mean width of 6 mm or less.)",m,0.878063678705047,HIGH,LOW (<30 min),Severity-disaggregated distress components can provide richer lagged condition state than the current single aggregate target.
ANALYSIS_DIS_AC,LONG_CRACK_NWP_SEAL_L_M,Medium Severity Non-Wheel Path Well-Sealed Longitudinal Crack Length,"Length of moderate severity, well sealed non-wheel path longitudinal cracking. (Mean crack width from 6 to 19 mm or under 19 mm with adjacent low severity random cracking.)",m,0.11453004504848438,HIGH,LOW (<30 min),Severity-disaggregated distress components can provide richer lagged condition state than the current single aggregate target.
ANALYSIS_DIS_AC,LONG_CRACK_WP_L,Wheel Path Longitudinal Crack Length Total,Total longitudinal cracking length in wheel path.,m,0.04581201801939375,HIGH,LOW (<30 min),Severity-disaggregated distress components can provide richer lagged condition state than the current single aggregate target.
ANALYSIS_DIS_AC,LONG_CRACK_WP_L_H,High Severity Wheel Path Longitudinal Crack Length,"Length of high severity, longitudinal cracking in wheel path. (Mean crack width greater than 19 mm or under 19 mm with adjacent moderate to high severity random cracking.)",m,0.030541345346262502,HIGH,LOW (<30 min),Severity-disaggregated distress components can provide richer lagged condition state than the current single aggregate target.
ANALYSIS_DIS_AC,LONG_CRACK_WP_L_L,Low Severity Wheel Path Longitudinal Crack Length,"Length of low severity, longitudinal cracking in wheel path. (Cracks of unknown width well sealed or with mean width of 6 mm or less.)",m,0.03817668168282813,HIGH,LOW (<30 min),Severity-disaggregated distress components can provide richer lagged condition state than the current single aggregate target.
ANALYSIS_DIS_AC,LONG_CRACK_WP_L_M,Medium Severity Wheel Path Longitudinal Crack Length,"Length of moderate severity, longitudinal cracking in wheel path. (Mean crack width from 6 to 19 mm or under 19 mm with adjacent low severity random cracking.)",m,0.030541345346262502,HIGH,LOW (<30 min),Severity-disaggregated distress components can provide richer lagged condition state than the current single aggregate target.
ANALYSIS_DIS_AC,LONG_CRACK_WP_SEAL_L,Well-Sealed Wheel Path Longitudinal Crack Length Total,Total well sealed longitudinal cracking length in wheel path.,m,1.0842177597923188,HIGH,LOW (<30 min),Severity-disaggregated distress components can provide richer lagged condition state than the current single aggregate target.
ANALYSIS_DIS_AC,LONG_CRACK_WP_SEAL_L_H,High Severity Well-Sealed Wheel Path Longitudinal Crack Length,"Length of high severity, well sealed longitudinal cracking in wheel path. (Crack mean width greater than 19 mm or under 19 mm with adjacent moderate to high severity random cracking.)",m,0.030541345346262502,HIGH,LOW (<30 min),Severity-disaggregated distress components can provide richer lagged condition state than the current single aggregate target.
ANALYSIS_DIS_AC,LONG_CRACK_WP_SEAL_L_L,Low Severity Well-Sealed Wheel Path Longitudinal Crack Length,"Length of low severity, well sealed longitudinal cracking in wheel path. (Cracks of unknown width or with mean width of 6 mm or less.)",m,1.061311750782622,HIGH,LOW (<30 min),Severity-disaggregated distress components can provide richer lagged condition state than the current single aggregate target.
ANALYSIS_DIS_AC,LONG_CRACK_WP_SEAL_L_M,Medium Severity Well-Sealed Wheel Path Longitudinal Crack Length,"Length of moderate severity, well sealed longitudinal cracking in wheel path. (Mean crack width from 6 to 19 mm or under 19 mm with adjacent low severity random cracking.)",m,0.09925937237535315,HIGH,LOW (<30 min),Severity-disaggregated distress components can provide richer lagged condition state than the current single aggregate target.
ANALYSIS_DIS_AC,MEPDG_LONG_CRACK_LENGTH_AC,MEPDG AC Longitudinal Cracking Length,Total length of sealed and unsealed longitudinal cracks in the wheel path at all severity levels divided by test section length.,ft/mi,1.122394441475147,HIGH,LOW (<30 min),Severity-disaggregated distress components can provide richer lagged condition state than the current single aggregate target.
ANALYSIS_DIS_AC,MEPDG_TRANS_CRACK_LENGTH_AC_FLAG_EX,,,,97.35053829121173,HIGH,LOW (<30 min),Severity-disaggregated distress components can provide richer lagged condition state than the current single aggregate target.
ANALYSIS_DIS_AC,PATCH_A_H,High Severity Patches Area,Area of patching with high severity distress or patch deterioration.,sq m,0.015270672673131251,HIGH,LOW (<30 min),Severity-disaggregated distress components can provide richer lagged condition state than the current single aggregate target.
ANALYSIS_DIS_AC,PATCH_A_L,Low Severity Patches Area,Area of patching with low severity distress or patch deterioration.,sq m,0.022906009009696877,HIGH,LOW (<30 min),Severity-disaggregated distress components can provide richer lagged condition state than the current single aggregate target.
ANALYSIS_DIS_AC,PATCH_A_M,Medium Severity Patches Area,Area of patching with moderate severity distress or patch deterioration.,sq m,0.015270672673131251,HIGH,LOW (<30 min),Severity-disaggregated distress components can provide richer lagged condition state than the current single aggregate target.
ANALYSIS_DIS_AC,PATCH_NO_H,High Severity Patches Number,Number of patches/patch deteriorations with high severity distress of any type.,,0.015270672673131251,HIGH,LOW (<30 min),Severity-disaggregated distress components can provide richer lagged condition state than the current single aggregate target.
ANALYSIS_DIS_AC,PATCH_NO_L,Low Severity Patches Number,Number of patches/patch deteriorations with low severity distress of any type.,,0.015270672673131251,HIGH,LOW (<30 min),Severity-disaggregated distress components can provide richer lagged condition state than the current single aggregate target.
ANALYSIS_DIS_AC,PATCH_NO_M,Medium Severity Patches Number,Number of patches/patch deteriorations with moderate severity distress of any type.,,0.015270672673131251,HIGH,LOW (<30 min),Severity-disaggregated distress components can provide richer lagged condition state than the current single aggregate target.
ANALYSIS_DIS_AC,POTHOLES_A_H,High Severity Pothole Area,Area of high severity potholes (more than 50 mm deep).,sq m,0.015270672673131251,HIGH,LOW (<30 min),Severity-disaggregated distress components can provide richer lagged condition state than the current single aggregate target.
ANALYSIS_DIS_AC,POTHOLES_A_L,Low Severity Pothole Area,Area of low severity potholes (less than 25 mm deep).,sq m,0.0,HIGH,LOW (<30 min),Severity-disaggregated distress components can provide richer lagged condition state than the current single aggregate target.
ANALYSIS_DIS_AC,POTHOLES_A_M,Medium Severity Pothole Area,Area of moderate severity potholes (from 25 to 50 mm deep).,sq m,0.0,HIGH,LOW (<30 min),Severity-disaggregated distress components can provide richer lagged condition state than the current single aggregate target.
ANALYSIS_DIS_AC,POTHOLES_NO_H,High Severity Potholes Number,Number of high severity potholes (more than 50 mm deep).,,0.0,HIGH,LOW (<30 min),Severity-disaggregated distress components can provide richer lagged condition state than the current single aggregate target.
ANALYSIS_DIS_AC,POTHOLES_NO_L,Low Severity Potholes Number,Number of low severity potholes (less than 25 mm deep).,,0.0,HIGH,LOW (<30 min),Severity-disaggregated distress components can provide richer lagged condition state than the current single aggregate target.
ANALYSIS_DIS_AC,POTHOLES_NO_M,Medium Severity Potholes Number,Number of moderate severity potholes (from 25 to 50 mm deep).,,0.0,HIGH,LOW (<30 min),Severity-disaggregated distress components can provide richer lagged condition state than the current single aggregate target.
ANALYSIS_DIS_AC,TRANS_CRACK_L,Transverse Crack Length Total,Total transverse cracking length.,m,0.022906009009696877,HIGH,LOW (<30 min),Severity-disaggregated distress components can provide richer lagged condition state than the current single aggregate target.
ANALYSIS_DIS_AC,TRANS_CRACK_L_GT183,Transverse Crack Length Greater Than 1.83m,Total length of transverse cracks greater than 1.83 meters.,m,0.7100862793006032,HIGH,LOW (<30 min),Severity-disaggregated distress components can provide richer lagged condition state than the current single aggregate target.
ANALYSIS_DIS_AC,TRANS_CRACK_L_H,High Severity Transverse Crack Length,Length of high severity transverse cracking. (Mean crack width greater than 19 mm or under 19 mm with adjacent moderate to high severity random cracking.),m,0.015270672673131251,HIGH,LOW (<30 min),Severity-disaggregated distress components can provide richer lagged condition state than the current single aggregate target.
ANALYSIS_DIS_AC,TRANS_CRACK_L_L,Low Severity Transverse Crack Length,Length of low severity transverse cracking. (Cracks of unknown width well sealed or with mean width of 6 mm or less.),m,0.022906009009696877,HIGH,LOW (<30 min),Severity-disaggregated distress components can provide richer lagged condition state than the current single aggregate target.
ANALYSIS_DIS_AC,TRANS_CRACK_L_M,Medium Severity Transverse Crack Length,Length of moderate severity transverse cracking. (Crack mean width from 6 to 19 mm or under 19 mm with adjacent low severity random cracking.),m,0.022906009009696877,HIGH,LOW (<30 min),Severity-disaggregated distress components can provide richer lagged condition state than the current single aggregate target.
ANALYSIS_DIS_AC,TRANS_CRACK_NO_H,High Severity Transverse Cracks Number,Number of high severity transverse cracks. (Mean crack width greater than 19 mm or under 19 mm with adjacent moderate to high severity random cracking.),,0.015270672673131251,HIGH,LOW (<30 min),Severity-disaggregated distress components can provide richer lagged condition state than the current single aggregate target.
ANALYSIS_DIS_AC,TRANS_CRACK_NO_L,Low Severity Transverse Cracks Number,Number of low severity transverse cracks. (Cracks of unknown width well sealed or with mean width of 6 mm or less.),,0.015270672673131251,HIGH,LOW (<30 min),Severity-disaggregated distress components can provide richer lagged condition state than the current single aggregate target.
ANALYSIS_DIS_AC,TRANS_CRACK_NO_M,Medium Severity Transverse Cracks Number,Number of moderate severity transverse cracks. (Mean crack width from 6 to 19 mm or under 19 mm with adjacent low severity random cracking.),,0.015270672673131251,HIGH,LOW (<30 min),Severity-disaggregated distress components can provide richer lagged condition state than the current single aggregate target.
ANALYSIS_DIS_AC,TRANS_CRACK_SEAL_L,Well Sealed Transverse Crack Length Total,Total length of well sealed transverse cracking.,m,1.2980071772161563,HIGH,LOW (<30 min),Severity-disaggregated distress components can provide richer lagged condition state than the current single aggregate target.
ANALYSIS_DIS_AC,TRANS_CRACK_SEAL_L_H,High Severity Well Sealed Transverse Crack Length,"Length of well sealed, high severity transverse cracking. (Mean crack width greater than 19 mm or under 19 mm with adjacent moderate to high severity random cracking.)",m,0.2596014354432313,HIGH,LOW (<30 min),Severity-disaggregated distress components can provide richer lagged condition state than the current single aggregate target.
ANALYSIS_DIS_AC,TRANS_CRACK_SEAL_L_L,Low Severity Well Sealed Transverse Crack Length,"Length of well sealed, low severity transverse cracking. (Cracks of unknown width or with mean width of 6 mm or less.)",m,1.1758417958311065,HIGH,LOW (<30 min),Severity-disaggregated distress components can provide richer lagged condition state than the current single aggregate target.
ANALYSIS_DIS_AC,TRANS_CRACK_SEAL_L_M,Medium Severity Well Sealed Transverse Crack Length,"Length of well sealed, moderate severity transverse cracking. (Mean crack width from 6 to 19 mm or under 19 mm with adjacent low severity random cracking.)",m,0.4428495075208063,HIGH,LOW (<30 min),Severity-disaggregated distress components can provide richer lagged condition state than the current single aggregate target.
ANALYSIS_DIS_AC,WP_LENGTH_CRACKED,Wheel Path Length Cracked,Wheel path cracking length.,m,0.15270672673131253,HIGH,LOW (<30 min),Severity-disaggregated distress components can provide richer lagged condition state than the current single aggregate target.
ANALYSIS_DIS_CRCP,CONST_JOINT_NO_H,High Severity Construction Joint Number,Number of high severity transverse construction joint deterioration areas. (Spalling greater than 75 mm and breakup within .6 m of joint.),,0.1838235294117647,HIGH,LOW (<30 min),Severity-disaggregated distress components can provide richer lagged condition state than the current single aggregate target.
ANALYSIS_DIS_CRCP,CONST_JOINT_NO_L,Low Severity Construction Joint Number,Number of low severity transverse construction joint deterioration areas. (No spalling within .6 m of joint.),,0.0,HIGH,LOW (<30 min),Severity-disaggregated distress components can provide richer lagged condition state than the current single aggregate target.
ANALYSIS_DIS_CRCP,CONST_JOINT_NO_M,Medium Severity Construction Joint Number,Number of moderate severity transverse construction joint deterioration areas. (Spalling less than 75 mm exists within .6 m of joint.),,0.0,HIGH,LOW (<30 min),Severity-disaggregated distress components can provide richer lagged condition state than the current single aggregate target.
ANALYSIS_DIS_CRCP,DURAB_CRACK_A,Durability Crack Area,Total area of durability cracking.,sq m,0.3676470588235294,HIGH,LOW (<30 min),Severity-disaggregated distress components can provide richer lagged condition state than the current single aggregate target.
ANALYSIS_DIS_CRCP,DURAB_CRACK_A_H,High Severity Durability Crack Area,"Area of high severity durability (""D"") cracking.",sq m,0.3676470588235294,HIGH,LOW (<30 min),Severity-disaggregated distress components can provide richer lagged condition state than the current single aggregate target.
ANALYSIS_DIS_CRCP,DURAB_CRACK_A_L,Low Severity Durability Crack Area,"Area of low severity durability (""D"") cracking.",sq m,0.0,HIGH,LOW (<30 min),Severity-disaggregated distress components can provide richer lagged condition state than the current single aggregate target.
ANALYSIS_DIS_CRCP,DURAB_CRACK_A_M,Medium Severity Durability Crack Area,"Area of moderate severity durability (""D"") cracking.",sq m,0.0,HIGH,LOW (<30 min),Severity-disaggregated distress components can provide richer lagged condition state than the current single aggregate target.
ANALYSIS_DIS_CRCP,DURAB_CRACK_NO_H,High Severity Durability Crack Number,"Number of areas affected by high severity durability (""D"") cracking.",,0.0,HIGH,LOW (<30 min),Severity-disaggregated distress components can provide richer lagged condition state than the current single aggregate target.
ANALYSIS_DIS_CRCP,DURAB_CRACK_NO_L,Low Severity Durability Crack Number,"Number of areas affected by low severity durability (""D"") cracking.",,0.0,HIGH,LOW (<30 min),Severity-disaggregated distress components can provide richer lagged condition state than the current single aggregate target.
ANALYSIS_DIS_CRCP,DURAB_CRACK_NO_M,Medium Severity Durability Crack Number,"Number of areas affected by moderate severity durability (""D"") cracking.",,0.0,HIGH,LOW (<30 min),Severity-disaggregated distress components can provide richer lagged condition state than the current single aggregate target.
ANALYSIS_DIS_CRCP,HPMS16_CRACKING_PERCENT_CRCP,2016 HPMS CRCP Cracking Percentage,"Percent of section cracked using 2016 HPMS Field Guide definitions. Includes punchouts, patching, and longitudinal cracking.",%,2.0220588235294117,HIGH,LOW (<30 min),Severity-disaggregated distress components can provide richer lagged condition state than the current single aggregate target.
ANALYSIS_DIS_CRCP,LONG_CRACK_L,Longitudinal Crack Length,Total length of longitudinal cracking.,m,0.1838235294117647,HIGH,LOW (<30 min),Severity-disaggregated distress components can provide richer lagged condition state than the current single aggregate target.
ANALYSIS_DIS_CRCP,LONG_CRACK_L_H,High Severity Longitudinal Crack Length,Length of high severity longitudinal cracking. (Crack widths greater than 13 mm or spalling greater than 75 mm or faulting greater than 13 mm.),m,0.1838235294117647,HIGH,LOW (<30 min),Severity-disaggregated distress components can provide richer lagged condition state than the current single aggregate target.
ANALYSIS_DIS_CRCP,LONG_CRACK_L_L,Low Severity Longitudinal Crack Length,"Length of high severity longitudinal cracking. (Crack widths less than 3 mm, no spalling or measurable faulting.)",m,0.1838235294117647,HIGH,LOW (<30 min),Severity-disaggregated distress components can provide richer lagged condition state than the current single aggregate target.
ANALYSIS_DIS_CRCP,LONG_CRACK_L_M,Medium Severity Longitudinal Crack Length,Length of moderate severity longitudinal cracking. (Crack widths between 3 and 13 mm or spalling less than 75 mm or faulting up to 13 mm.),m,0.1838235294117647,HIGH,LOW (<30 min),Severity-disaggregated distress components can provide richer lagged condition state than the current single aggregate target.
ANALYSIS_DIS_CRCP,LONG_CRACK_SEAL_L,Well Sealed Longitudinal Crack Length,Total length of well sealed longitudinal cracking.,m,0.9191176470588236,HIGH,LOW (<30 min),Severity-disaggregated distress components can provide richer lagged condition state than the current single aggregate target.
ANALYSIS_DIS_CRCP,LONG_CRACK_SEAL_L_H,High Severity Well Sealed Longitudinal Crack Length,"Length of well sealed, high severity longitudinal cracking. (Crack widths greater than 13 mm or spalling greater than 75 mm or faulting greater than 13 mm.)",m,0.0,HIGH,LOW (<30 min),Severity-disaggregated distress components can provide richer lagged condition state than the current single aggregate target.
ANALYSIS_DIS_CRCP,LONG_CRACK_SEAL_L_L,Low Severity Well Sealed Longitudinal Crack Length,"Length of well sealed, low severity longitudinal cracking. (Crack widths less than 3 mm, no spalling or measurable faulting.)",m,0.9191176470588236,HIGH,LOW (<30 min),Severity-disaggregated distress components can provide richer lagged condition state than the current single aggregate target.
ANALYSIS_DIS_CRCP,LONG_CRACK_SEAL_L_M,Medium Severity Well Sealed Longitudinal Crack Length,"Length of well sealed, moderate severity longitudinal cracking. (Crack widths between 3 and 13 mm or spalling less than 75 mm or faulting up to 13 mm.)",m,0.0,HIGH,LOW (<30 min),Severity-disaggregated distress components can provide richer lagged condition state than the current single aggregate target.
ANALYSIS_DIS_CRCP,LONG_JT_SEAL_DAM_L,Low Severity Joint Seal Damage Longitudinal Joint Length,Length of sealed longitudinal joints with joint seal damage.,m,11.397058823529411,HIGH,LOW (<30 min),Severity-disaggregated distress components can provide richer lagged condition state than the current single aggregate target.
ANALYSIS_DIS_CRCP,LONG_SPALLING_L,Longitudinal Joint Spalling Length,Total length of spalling of longitudinal joints.,m,0.0,HIGH,LOW (<30 min),Severity-disaggregated distress components can provide richer lagged condition state than the current single aggregate target.
ANALYSIS_DIS_CRCP,LONG_SPALLING_L_H,High Severity Longitudinal Joint Spalling Length,Length of high severity spalling of longitudinal joints. (Spalls greater than 150 mm measured to center of joint with loss of material.),m,0.0,HIGH,LOW (<30 min),Severity-disaggregated distress components can provide richer lagged condition state than the current single aggregate target.
ANALYSIS_DIS_CRCP,LONG_SPALLING_L_L,Low Severity Longitudinal Joint Spalling Length,Length of low severity spalling of longitudinal joints. (Spalls less than 75 mm measured to center of joint with no loss of material.),m,0.0,HIGH,LOW (<30 min),Severity-disaggregated distress components can provide richer lagged condition state than the current single aggregate target.
ANALYSIS_DIS_CRCP,LONG_SPALLING_L_M,Medium Severity Longitudinal Joint Spalling Length,Length of moderate severity spalling of longitudinal joints. (Spalls between 75 and 150 mm wide measured to center of joint with loss of material.),m,0.0,HIGH,LOW (<30 min),Severity-disaggregated distress components can provide richer lagged condition state than the current single aggregate target.
ANALYSIS_DIS_CRCP,MEPDG_PUNCHOUTS_CRCP,MEPDG CRCP Punchouts,Number of punchouts per unit length using AASHTO MEPDG definitions.  Includes medium and high severity punchouts.,1/mi,0.0,HIGH,LOW (<30 min),Severity-disaggregated distress components can provide richer lagged condition state than the current single aggregate target.
ANALYSIS_DIS_CRCP,PATCH_FLEX_A_H,High Severity Flexible Patch Area,Area of flexible patching showing high severity distress of any type or settlement of 6 mm or more at the perimeter.,sq m,0.1838235294117647,HIGH,LOW (<30 min),Severity-disaggregated distress components can provide richer lagged condition state than the current single aggregate target.
ANALYSIS_DIS_CRCP,PATCH_FLEX_A_L,Low Severity Flexible Patch Area,"Area of flexible patching showing, at most, low severity distress of any type and no settlement at the perimeter.",sq m,0.3676470588235294,HIGH,LOW (<30 min),Severity-disaggregated distress components can provide richer lagged condition state than the current single aggregate target.
ANALYSIS_DIS_CRCP,PATCH_FLEX_A_M,Medium Severity Flexible Patch Area,Area of flexible patching showing moderate severity distress of any type or settlement of up to 6 mm at the perimeter.,sq m,0.1838235294117647,HIGH,LOW (<30 min),Severity-disaggregated distress components can provide richer lagged condition state than the current single aggregate target.
ANALYSIS_DIS_CRCP,PATCH_FLEX_NO_H,High Severity Flexible Patch Number,Number of flexible patches showing high severity distress or settlement of 6 mm or more at the perimeter.,,0.0,HIGH,LOW (<30 min),Severity-disaggregated distress components can provide richer lagged condition state than the current single aggregate target.
ANALYSIS_DIS_CRCP,PATCH_FLEX_NO_L,Low Severity Flexible Patch Number,"Number of flexible patches showing, at most, low severity distress of any type and no settlement at the perimeter.",,0.1838235294117647,HIGH,LOW (<30 min),Severity-disaggregated distress components can provide richer lagged condition state than the current single aggregate target.
ANALYSIS_DIS_CRCP,PATCH_FLEX_NO_M,Medium Severity Flexible Patch Number,Number of flexible patches showing moderate severity distress of any type or settlement of up to 6 mm at the perimeter.,,0.0,HIGH,LOW (<30 min),Severity-disaggregated distress components can provide richer lagged condition state than the current single aggregate target.
ANALYSIS_DIS_CRCP,PATCH_RIGID_A_H,High Severity Rigid Patch Area,Area of rigid patching showing high severity distress of any type or settlement of 6 mm or more at the perimeter.,sq m,0.0,HIGH,LOW (<30 min),Severity-disaggregated distress components can provide richer lagged condition state than the current single aggregate target.
ANALYSIS_DIS_CRCP,PATCH_RIGID_A_L,Low Severity Rigid Patch Area,"Area of rigid patching showing, at most, low severity distress of any type and no settlement at the perimeter.",sq m,0.0,HIGH,LOW (<30 min),Severity-disaggregated distress components can provide richer lagged condition state than the current single aggregate target.
ANALYSIS_DIS_CRCP,PATCH_RIGID_A_M,Medium Severity Rigid Patch Area,Area of rigid patching showing moderate severity distress of any type or settlement of up to 6 mm at the perimeter.,sq m,0.0,HIGH,LOW (<30 min),Severity-disaggregated distress components can provide richer lagged condition state than the current single aggregate target.
ANALYSIS_DIS_CRCP,PATCH_RIGID_NO_H,High Severity Rigid Patch Number,Number of rigid patches showing high severity distress of any type or settlement of 6 mm or more at the perimeter.,,0.0,HIGH,LOW (<30 min),Severity-disaggregated distress components can provide richer lagged condition state than the current single aggregate target.
ANALYSIS_DIS_CRCP,PATCH_RIGID_NO_L,Low Severity Rigid Patch Number,"Number of rigid patches showing, at most, low severity distress of any type and no settlement at the perimeter.",,0.0,HIGH,LOW (<30 min),Severity-disaggregated distress components can provide richer lagged condition state than the current single aggregate target.
ANALYSIS_DIS_CRCP,PATCH_RIGID_NO_M,Medium Severity Rigid Patch Number,Number of rigid patches showing moderate severity distress of any type or settlement of up to 6 mm at the perimeter.,,0.0,HIGH,LOW (<30 min),Severity-disaggregated distress components can provide richer lagged condition state than the current single aggregate target.
ANALYSIS_DIS_CRCP,PUNCHOUTS_NO_H,High Severity Punchouts Number,Number of high severity punch outs (spalling of at least 150 mm or concrete punched down at least 13 mm.),,0.0,HIGH,LOW (<30 min),Severity-disaggregated distress components can provide richer lagged condition state than the current single aggregate target.
ANALYSIS_DIS_CRCP,PUNCHOUTS_NO_L,Low Severity Punchouts Number,Number of low severity punch outs (tight cracks with spalling less than 75 mm or faulting less than 6 mm.),,0.0,HIGH,LOW (<30 min),Severity-disaggregated distress components can provide richer lagged condition state than the current single aggregate target.
ANALYSIS_DIS_CRCP,PUNCHOUTS_NO_M,Medium Severity Punchouts Number,Number of moderate severity punch outs (spalling of at least 75 mm but less than 150 mm and faulting of at least 6 mm but less than 13 mm.),,0.0,HIGH,LOW (<30 min),Severity-disaggregated distress components can provide richer lagged condition state than the current single aggregate target.
ANALYSIS_DIS_CRCP,TRANS_CRACK_L,Transverse Crack Length,Total length of transverse cracking.,m,0.0,HIGH,LOW (<30 min),Severity-disaggregated distress components can provide richer lagged condition state than the current single aggregate target.
ANALYSIS_DIS_CRCP,TRANS_CRACK_L_H,High Severity Transverse Crack Length,Length of high severity transverse cracking. (Spalling along more than 50 percent of the crack length.),m,0.0,HIGH,LOW (<30 min),Severity-disaggregated distress components can provide richer lagged condition state than the current single aggregate target.
ANALYSIS_DIS_CRCP,TRANS_CRACK_L_L,Low Severity Transverse Crack Length,Length of low severity transverse cracking. (Spalling along no more than 10 percent of the crack length.),m,0.0,HIGH,LOW (<30 min),Severity-disaggregated distress components can provide richer lagged condition state than the current single aggregate target.
ANALYSIS_DIS_CRCP,TRANS_CRACK_L_M,Medium Severity Transverse Crack Length,Length of moderate severity transverse cracking. (Spalling of at least 10 percent but no more than 50 percent of the crack length.),m,0.0,HIGH,LOW (<30 min),Severity-disaggregated distress components can provide richer lagged condition state than the current single aggregate target.
ANALYSIS_DIS_CRCP,TRANS_CRACK_NO_H,High Severity Transverse Crack Number,Number of high severity (greater than 50 percent spalled) transverse cracks.,,0.0,HIGH,LOW (<30 min),Severity-disaggregated distress components can provide richer lagged condition state than the current single aggregate target.
ANALYSIS_DIS_CRCP,TRANS_CRACK_NO_L,Low Severity Transverse Crack Number,Number of low severity transverse cracks. (No spalling exceeding 10 percent of length).,,0.0,HIGH,LOW (<30 min),Severity-disaggregated distress components can provide richer lagged condition state than the current single aggregate target.
ANALYSIS_DIS_CRCP,TRANS_CRACK_NO_M,Medium Severity Transverse Crack Number,Number of moderate severity (spalling of at least 10 percent but no more than 50 percent) transverse cracks.,,0.0,HIGH,LOW (<30 min),Severity-disaggregated distress components can provide richer lagged condition state than the current single aggregate target.
ANALYSIS_DIS_JPCC,AVG_EDGE_FAULT,Average Edge Fault,Average edge faulting calculated per site per survey.,mm,8.904347826086957,HIGH,LOW (<30 min),Severity-disaggregated distress components can provide richer lagged condition state than the current single aggregate target.
ANALYSIS_DIS_JPCC,AVG_WHEELPATH_FAULT,Average Wheel path Fault,Average wheel path faulting calculated per site per survey.,mm,11.530434782608696,HIGH,LOW (<30 min),Severity-disaggregated distress components can provide richer lagged condition state than the current single aggregate target.
ANALYSIS_DIS_JPCC,CORNER_BREAKS_NO_H,High Severity Corner Breaks Number,Number of high severity corner breaks. (Spalled at moderate to high severity for more than 10 percent of crack; or faulting exceeds 13 mm or corner piece in two or more pieces.),,0.0,HIGH,LOW (<30 min),Severity-disaggregated distress components can provide richer lagged condition state than the current single aggregate target.
ANALYSIS_DIS_JPCC,CORNER_BREAKS_NO_L,Low Severity Corner Breaks Number,Number of low severity corner breaks. (Not spalled for more than 10 percent of length; no measurable faulting; corner piece not broken in two or more pieces.),,0.017391304347826087,HIGH,LOW (<30 min),Severity-disaggregated distress components can provide richer lagged condition state than the current single aggregate target.
ANALYSIS_DIS_JPCC,CORNER_BREAKS_NO_M,Medium Severity Corner Breaks Number,Number of moderate severity corner breaks. (Spalled at low severity for more than 10 percent; or faulting less than 13 mm; corner piece not broken in two or more pieces.),,0.0,HIGH,LOW (<30 min),Severity-disaggregated distress components can provide richer lagged condition state than the current single aggregate target.
ANALYSIS_DIS_JPCC,CRACKED_SLABS_HALF,Half-Width Transverse Cracked Slabs,"Number of slabs with transverse cracks extending to at least the midpoint of the slab, and with length at least half of the slab width.",,0.5739130434782609,HIGH,LOW (<30 min),Severity-disaggregated distress components can provide richer lagged condition state than the current single aggregate target.
ANALYSIS_DIS_JPCC,CRACKED_SLABS_TOTAL,Total Cracked Slabs,Number of slabs with either transverse or longitudinal cracking.,,10.626086956521739,HIGH,LOW (<30 min),Severity-disaggregated distress components can provide richer lagged condition state than the current single aggregate target.
ANALYSIS_DIS_JPCC,CRACKED_SLABS_TRANS,Transverse Cracked Slabs,Number of slabs with transverse cracking.,,0.591304347826087,HIGH,LOW (<30 min),Severity-disaggregated distress components can provide richer lagged condition state than the current single aggregate target.
ANALYSIS_DIS_JPCC,DURAB_CRACK_A,Durability Crack Area,Total area of durability cracking,sq m,0.034782608695652174,HIGH,LOW (<30 min),Severity-disaggregated distress components can provide richer lagged condition state than the current single aggregate target.
ANALYSIS_DIS_JPCC,DURAB_CRACK_A_H,High Severity Durability Crack Area,Area of high severity durability (“D”) cracking.,sq m,0.034782608695652174,HIGH,LOW (<30 min),Severity-disaggregated distress components can provide richer lagged condition state than the current single aggregate target.
ANALYSIS_DIS_JPCC,DURAB_CRACK_A_L,Low Severity Durability Crack Area,Area of low severity durability (“D”) cracking.,sq m,0.034782608695652174,HIGH,LOW (<30 min),Severity-disaggregated distress components can provide richer lagged condition state than the current single aggregate target.
ANALYSIS_DIS_JPCC,DURAB_CRACK_A_M,Medium Severity Durability Crack Area,Area of moderate severity durability (“D”) cracking.,sq m,0.034782608695652174,HIGH,LOW (<30 min),Severity-disaggregated distress components can provide richer lagged condition state than the current single aggregate target.
ANALYSIS_DIS_JPCC,DURAB_CRACK_NO_H,High Severity Durability Crack Number,Number of slabs affected with high severity durability (“D”) cracking.,,0.034782608695652174,HIGH,LOW (<30 min),Severity-disaggregated distress components can provide richer lagged condition state than the current single aggregate target.
ANALYSIS_DIS_JPCC,DURAB_CRACK_NO_L,Low Severity Durability Crack Number,Number of slabs affected with low severity durability (“D”) cracking.,,0.0,HIGH,LOW (<30 min),Severity-disaggregated distress components can provide richer lagged condition state than the current single aggregate target.
ANALYSIS_DIS_JPCC,DURAB_CRACK_NO_M,Medium Severity Durability Crack Number,Number of slabs affected with moderate severity durability (“D”) cracking.,,0.017391304347826087,HIGH,LOW (<30 min),Severity-disaggregated distress components can provide richer lagged condition state than the current single aggregate target.
ANALYSIS_DIS_JPCC,HPMS16_CRACKING_PERCENT_JPCC,2016 HPMS JPCC Cracking Percentage,Percent of section cracked using 2016 HPMS definitions. Includes longitudinal and transverse cracking at least half slab width in length.,%,0.591304347826087,HIGH,LOW (<30 min),Severity-disaggregated distress components can provide richer lagged condition state than the current single aggregate target.
ANALYSIS_DIS_JPCC,JOINT_SEAL_TRANS_NO_H,High Severity Transverse Joint Seal Damage Number,Number of transverse joints with high severity seal damage (damage over more than 50 percent of joint).,,4.104347826086956,HIGH,LOW (<30 min),Severity-disaggregated distress components can provide richer lagged condition state than the current single aggregate target.
ANALYSIS_DIS_JPCC,JOINT_SEAL_TRANS_NO_L,Low Severity Transverse Joint Seal Damage Number,Number of transverse joints with low severity seal damage (damage on less than 10 percent of the joint).,,4.104347826086956,HIGH,LOW (<30 min),Severity-disaggregated distress components can provide richer lagged condition state than the current single aggregate target.
ANALYSIS_DIS_JPCC,JOINT_SEAL_TRANS_NO_M,Medium Severity Transverse Joint Seal Damage Number,Number of transverse joints with moderate severity seal damage (damage on 10 percent to 50 percent of joint).,,4.08695652173913,HIGH,LOW (<30 min),Severity-disaggregated distress components can provide richer lagged condition state than the current single aggregate target.
ANALYSIS_DIS_JPCC,JT_SEALED,Joint Sealed Code,Code indicating if transverse joints were sealed.,,0.0,HIGH,LOW (<30 min),Severity-disaggregated distress components can provide richer lagged condition state than the current single aggregate target.
ANALYSIS_DIS_JPCC,LONG_CRACK_L,Longitudinal Crack Length,Total length of longitudinal cracking.,m,0.1217391304347826,HIGH,LOW (<30 min),Severity-disaggregated distress components can provide richer lagged condition state than the current single aggregate target.
ANALYSIS_DIS_JPCC,LONG_CRACK_L_H,High Severity Longitudinal Crack Length,Length of high severity longitudinal cracking. (Crack widths greater than 13 mm or spalling greater than 75 mm or faulting greater than 13 mm.),m,0.06956521739130435,HIGH,LOW (<30 min),Severity-disaggregated distress components can provide richer lagged condition state than the current single aggregate target.
ANALYSIS_DIS_JPCC,LONG_CRACK_L_L,Low Severity Longitudinal Crack Length,"Length of low severity longitudinal cracking. (Crack widths less than 3 mm, no spalling or measurable faulting.)",m,0.10434782608695652,HIGH,LOW (<30 min),Severity-disaggregated distress components can provide richer lagged condition state than the current single aggregate target.
ANALYSIS_DIS_JPCC,LONG_CRACK_L_M,Medium Severity Longitudinal Crack Length,Length of moderate severity longitudinal cracking. (Crack widths between 3 and 13 mm or spalling less than 75 mm or faulting less than 13 mm.),m,0.08695652173913043,HIGH,LOW (<30 min),Severity-disaggregated distress components can provide richer lagged condition state than the current single aggregate target.
ANALYSIS_DIS_JPCC,LONG_CRACK_SEAL_L,Well Sealed Longitudinal Crack Length,Total length of well sealed longitudinal cracking.,m,0.2434782608695652,HIGH,LOW (<30 min),Severity-disaggregated distress components can provide richer lagged condition state than the current single aggregate target.
ANALYSIS_DIS_JPCC,LONG_CRACK_SEAL_L_H,High Severity Well Sealed Longitudinal Crack Length,"Length of well sealed, high severity longitudinal cracking. (Crack widths greater than 13 mm or spalling greater than 75 mm or faulting greater than 13 mm.)",m,0.05217391304347826,HIGH,LOW (<30 min),Severity-disaggregated distress components can provide richer lagged condition state than the current single aggregate target.
ANALYSIS_DIS_JPCC,LONG_CRACK_SEAL_L_L,Low Severity Well Sealed Longitudinal Crack Length,"Length of well sealed, low severity longitudinal cracking. (Crack widths less than 3 mm, no spalling or measurable faulting.)",m,0.2434782608695652,HIGH,LOW (<30 min),Severity-disaggregated distress components can provide richer lagged condition state than the current single aggregate target.
ANALYSIS_DIS_JPCC,LONG_CRACK_SEAL_L_M,Medium Severity Well Sealed Longitudinal Crack Length,"Length of well sealed, moderate severity longitudinal cracking. (Crack widths between 3 and 13 mm or spalling less than 75 mm or faulting up to 13 mm.)",m,0.08695652173913043,HIGH,LOW (<30 min),Severity-disaggregated distress components can provide richer lagged condition state than the current single aggregate target.
ANALYSIS_DIS_JPCC,LONG_JT_SEAL_DAM_L,Low Severity Joint Seal Damage Longitudinal Joint Length,Length of sealed longitudinal joints with joint seal damage.,m,5.339130434782609,HIGH,LOW (<30 min),Severity-disaggregated distress components can provide richer lagged condition state than the current single aggregate target.
ANALYSIS_DIS_JPCC,LONG_SPALLING_L,Longitudinal Joint Spalling,Total length of spalling of longitudinal joints.,m,0.43478260869565216,HIGH,LOW (<30 min),Severity-disaggregated distress components can provide richer lagged condition state than the current single aggregate target.
ANALYSIS_DIS_JPCC,LONG_SPALLING_L_H,High Severity Longitudinal Joint Spalling Length,Length of high severity spalling of longitudinal joints. (Spalls greater than 150 mm measured to center of joint with loss of material.),m,0.4,HIGH,LOW (<30 min),Severity-disaggregated distress components can provide richer lagged condition state than the current single aggregate target.
ANALYSIS_DIS_JPCC,LONG_SPALLING_L_L,Low Severity Longitudinal Joint Spalling Length,Length of low severity spalling of longitudinal joints. (Spalls less than 75 mm measured to center of joint with no loss of material.),m,0.4,HIGH,LOW (<30 min),Severity-disaggregated distress components can provide richer lagged condition state than the current single aggregate target.
ANALYSIS_DIS_JPCC,LONG_SPALLING_L_M,Medium Severity Longitudinal Joint Spalling Length,Length of moderate severity spalling of longitudinal joints. (Spalls between 75 and 150 mm wide measured to center of joint with loss of material.),m,0.3826086956521739,HIGH,LOW (<30 min),Severity-disaggregated distress components can provide richer lagged condition state than the current single aggregate target.
ANALYSIS_DIS_JPCC,MEPDG_CRACKING_PERCENT_JPCC,MEPDG JPCC Cracking Percentage,"Percent of slabs cracked computed from the total number of transverse cracks on a test section divided by the ratio of joint spacing and test section length, times 100. This value is truncated to a maximum value of 100 percent.",%,15.6,HIGH,LOW (<30 min),Severity-disaggregated distress components can provide richer lagged condition state than the current single aggregate target.
ANALYSIS_DIS_JPCC,ME_PERCENT_CRACKED_SLABS,MEPDG Percentage of Cracked Slabs,Percentage of cracked slabs based on the actual number of slabs in the test section divided by the slabs with transverse cracks that intercepted the outside lane edge and at least 1 foot long.,%,10.626086956521739,HIGH,LOW (<30 min),Severity-disaggregated distress components can provide richer lagged condition state than the current single aggregate target.
ANALYSIS_DIS_JPCC,PATCH_FLEX_A_H,High Severity Flexible Patch Area,Area of flexible patching showing high severity distress of any type or settlement of 6 mm or more at the perimeter.,sq m,0.08695652173913043,HIGH,LOW (<30 min),Severity-disaggregated distress components can provide richer lagged condition state than the current single aggregate target.
ANALYSIS_DIS_JPCC,PATCH_FLEX_A_L,Low Severity Flexible Patch Area,"Area of flexible patching showing, at most, low severity distress of any type and no settlement at the perimeter.",sq m,0.08695652173913043,HIGH,LOW (<30 min),Severity-disaggregated distress components can provide richer lagged condition state than the current single aggregate target.
ANALYSIS_DIS_JPCC,PATCH_FLEX_A_M,Medium Severity Flexible Patch Area,Area of flexible patching showing moderate severity distress of any type or settlement of up to 6 mm at the perimeter.,sq m,0.08695652173913043,HIGH,LOW (<30 min),Severity-disaggregated distress components can provide richer lagged condition state than the current single aggregate target.
ANALYSIS_DIS_JPCC,PATCH_FLEX_NO_H,High Severity Flexible Patch Number,Number of flexible patches showing high severity distress or settlement of 6 mm or more at the perimeter.,,0.34782608695652173,HIGH,LOW (<30 min),Severity-disaggregated distress components can provide richer lagged condition state than the current single aggregate target.
ANALYSIS_DIS_JPCC,PATCH_FLEX_NO_L,Low Severity Flexible Patch Number,Number of flexible patches showing at most low severity distress of any type and no settlement at the perimeter.,,0.3652173913043478,HIGH,LOW (<30 min),Severity-disaggregated distress components can provide richer lagged condition state than the current single aggregate target.
ANALYSIS_DIS_JPCC,PATCH_FLEX_NO_M,Medium Severity Flexible Patch Number,Number of flexible patches showing moderate severity distress of any type or settlement of up to 6 mm at the perimeter.,,0.34782608695652173,HIGH,LOW (<30 min),Severity-disaggregated distress components can provide richer lagged condition state than the current single aggregate target.
ANALYSIS_DIS_JPCC,PATCH_RIGID_A_H,High Severity Rigid Patch Area,Area of rigid patching showing high severity distress of any type or settlement of 6 mm or more at the perimeter.,sq m,0.08695652173913043,HIGH,LOW (<30 min),Severity-disaggregated distress components can provide richer lagged condition state than the current single aggregate target.
ANALYSIS_DIS_JPCC,PATCH_RIGID_A_L,Low Severity Rigid Patch Area,"Area of rigid patching showing, at most, low severity distress of any type and no settlement at the perimeter.",sq m,0.1391304347826087,HIGH,LOW (<30 min),Severity-disaggregated distress components can provide richer lagged condition state than the current single aggregate target.
ANALYSIS_DIS_JPCC,PATCH_RIGID_A_M,Medium Severity Rigid Patch Area,Area of rigid patching showing moderate severity distress of any type or settlement of up to 6 mm at the perimeter.,sq m,0.10434782608695652,HIGH,LOW (<30 min),Severity-disaggregated distress components can provide richer lagged condition state than the current single aggregate target.
ANALYSIS_DIS_JPCC,PATCH_RIGID_NO_H,High Severity Rigid Patch Number,Number of rigid patches showing high severity distress of any type or settlement of 6 mm or more at the perimeter.,,0.0,HIGH,LOW (<30 min),Severity-disaggregated distress components can provide richer lagged condition state than the current single aggregate target.
ANALYSIS_DIS_JPCC,PATCH_RIGID_NO_L,Low Severity Rigid Patch Number,"Number of rigid patches showing, at most, low severity distress of any type and no settlement at the perimeter.",,0.05217391304347826,HIGH,LOW (<30 min),Severity-disaggregated distress components can provide richer lagged condition state than the current single aggregate target.
ANALYSIS_DIS_JPCC,PATCH_RIGID_NO_M,Medium Severity Rigid Patch Number,Number of rigid patches showing moderate severity distress of any type or settlement of up to 6 mm at the perimeter.,,0.017391304347826087,HIGH,LOW (<30 min),Severity-disaggregated distress components can provide richer lagged condition state than the current single aggregate target.
ANALYSIS_DIS_JPCC,TRANS_CRACK_L,Transverse Crack Length,Total length of transverse cracking.,m,0.017391304347826087,HIGH,LOW (<30 min),Severity-disaggregated distress components can provide richer lagged condition state than the current single aggregate target.
ANALYSIS_DIS_JPCC,TRANS_CRACK_L_H,High Severity Transverse Crack Length,Length of high severity transverse cracking. (Crack widths greater than 6 mm or spalling over 75 mm or faulting over 6 mm.),m,0.017391304347826087,HIGH,LOW (<30 min),Severity-disaggregated distress components can provide richer lagged condition state than the current single aggregate target.
ANALYSIS_DIS_JPCC,TRANS_CRACK_L_L,Low Severity Transverse Crack Length,"Length of low severity transverse cracking. (Crack widths less than 3 mm, no spalling and no measurable faulting.)",m,0.0,HIGH,LOW (<30 min),Severity-disaggregated distress components can provide richer lagged condition state than the current single aggregate target.
ANALYSIS_DIS_JPCC,TRANS_CRACK_L_M,Medium Severity Transverse Crack Length,Length of moderate severity transverse cracking. (Crack widths between 3 and 6 mm or spalling under 75 mm or faulting up to 6 mm.),m,0.0,HIGH,LOW (<30 min),Severity-disaggregated distress components can provide richer lagged condition state than the current single aggregate target.
ANALYSIS_DIS_JPCC,TRANS_CRACK_NO_H,High Severity Transverse Crack Number,Number of transverse cracks for which high severity distress exceeds 10 percent of the length.,,0.0,HIGH,LOW (<30 min),Severity-disaggregated distress components can provide richer lagged condition state than the current single aggregate target.
ANALYSIS_DIS_JPCC,TRANS_CRACK_NO_L,Low Severity Transverse Crack Number,Number of low severity transverse cracks. (No spalling exceeding 10 percent of length.),,0.017391304347826087,HIGH,LOW (<30 min),Severity-disaggregated distress components can provide richer lagged condition state than the current single aggregate target.
ANALYSIS_DIS_JPCC,TRANS_CRACK_NO_M,Medium Severity Transverse Crack Number,Number of transverse cracks for which moderate severity distress is the highest level observed for at least 10 percent of the crack.,,0.0,HIGH,LOW (<30 min),Severity-disaggregated distress components can provide richer lagged condition state than the current single aggregate target.
ANALYSIS_DIS_JPCC,TRANS_CRACK_SEAL_L,Well Sealed Transverse Crack Length,Total length of transverse cracking with sealant in good condition for at least 90 percent of length of crack.,m,0.4869565217391304,HIGH,LOW (<30 min),Severity-disaggregated distress components can provide richer lagged condition state than the current single aggregate target.
ANALYSIS_DIS_JPCC,TRANS_CRACK_SEAL_L_H,High Severity Well Sealed Transverse Crack Length,Length of high severity transverse cracking with sealant in good condition for at least 90 percent of length of crack.,m,0.1217391304347826,HIGH,LOW (<30 min),Severity-disaggregated distress components can provide richer lagged condition state than the current single aggregate target.
ANALYSIS_DIS_JPCC,TRANS_CRACK_SEAL_L_L,Low Severity Well Sealed Transverse Crack Length,Length of low severity transverse cracking with sealant in good condition for at least 90 percent of length of crack.,m,0.41739130434782606,HIGH,LOW (<30 min),Severity-disaggregated distress components can provide richer lagged condition state than the current single aggregate target.
ANALYSIS_DIS_JPCC,TRANS_CRACK_SEAL_L_M,Medium Severity Well Sealed Transverse Crack Length,Length of moderate severity transverse cracking with sealant in good condition for at least 90 percent of length of crack.,m,0.2434782608695652,HIGH,LOW (<30 min),Severity-disaggregated distress components can provide richer lagged condition state than the current single aggregate target.
ANALYSIS_DIS_JPCC,TRANS_SPALLING_L,Transverse Joint Spalling Length,Total length of spalling of transverse joints.,m,0.7304347826086957,HIGH,LOW (<30 min),Severity-disaggregated distress components can provide richer lagged condition state than the current single aggregate target.
ANALYSIS_DIS_JPCC,TRANS_SPALLING_L_H,High Severity Transverse Spalling Length,Length of high severity spalling of transverse joints. (Spalls more than 150 mm wide measured to center of joint with loss of material.),m,0.2956521739130435,HIGH,LOW (<30 min),Severity-disaggregated distress components can provide richer lagged condition state than the current single aggregate target.
ANALYSIS_DIS_JPCC,TRANS_SPALLING_L_L,Low Severity Transverse Spalling Length,Length of low severity spalling of transverse joints. (Spalls less than 75 mm measured to center of joint or with no loss of material.),m,0.6434782608695652,HIGH,LOW (<30 min),Severity-disaggregated distress components can provide richer lagged condition state than the current single aggregate target.
ANALYSIS_DIS_JPCC,TRANS_SPALLING_L_M,Medium Severity Transverse Spalling Length,Length of moderate severity spalling of transverse joints. (Spalls 75 to 150 mm wide measured to center of joint with loss of material).,m,0.4,HIGH,LOW (<30 min),Severity-disaggregated distress components can provide richer lagged condition state than the current single aggregate target.
ANALYSIS_DIS_JPCC,TRANS_SPALLING_NO_H,High Severity Transverse Spalling Number,Number of transverse joints with high severity spalling. (Spalls more than 150 mm wide measured to center of joint.),,0.034782608695652174,HIGH,LOW (<30 min),Severity-disaggregated distress components can provide richer lagged condition state than the current single aggregate target.
ANALYSIS_DIS_JPCC,TRANS_SPALLING_NO_L,Low Severity Transverse Spalling Number,Number of transverse joints with low severity spalling. (Spalls less than 75 mm wide measured to center of joint.),,0.017391304347826087,HIGH,LOW (<30 min),Severity-disaggregated distress components can provide richer lagged condition state than the current single aggregate target.
ANALYSIS_DIS_JPCC,TRANS_SPALLING_NO_M,Medium Severity Transverse Spalling Number,Number of transverse joints with moderate severity spalling. (Spalls between 75 and 150 mm wide measured to center of joint.),,0.017391304347826087,HIGH,LOW (<30 min),Severity-disaggregated distress components can provide richer lagged condition state than the current single aggregate target.
EXPERIMENT_SECTION,BASIC_INFO_RS,Basic Information Record Status,RECORD_STATUS from minimum RECORD_STATUS for selected BASIC_INFO tables.,,0.7814469372321654,HIGH,MEDIUM (30-90 min),"This field can add timing, treatment, or structural-regime context that the current production features only partially capture."
EXPERIMENT_SECTION,CLIMATIC_RS,Climatic Record Status,RECORD_STATUS from maximum RECORD_STATUS for selected climatic tables.,,0.0,HIGH,MEDIUM (30-90 min),"This field can add timing, treatment, or structural-regime context that the current production features only partially capture."
EXPERIMENT_SECTION,EXPERIMENT_NO,Experiment Number Code,Code indicating to which LTPP experiment the pavement section is assigned.,,0.0,HIGH,MEDIUM (30-90 min),"This field can add timing, treatment, or structural-regime context that the current production features only partially capture."
EXPERIMENT_SECTION,EXP_SECT_RS,Experiment Section Record Status,RECORD_STATUS for EXPERIMENT_SECTION table.,,0.0,HIGH,MEDIUM (30-90 min),"This field can add timing, treatment, or structural-regime context that the current production features only partially capture."
EXPERIMENT_SECTION,PAVEMENT_FAMILY,Pavement Family,Code indicating pavement family assigned based on experiment design and layer structure of the pavement section.,,3.4534913032518273,HIGH,MEDIUM (30-90 min),"This field can add timing, treatment, or structural-regime context that the current production features only partially capture."
EXPERIMENT_SECTION,PAV_STRUCT_RS,Pavement Structure Record Status,"RECORD_STATUS from minimum RECORD_STATUS of all layers for tst_l05b for this SHRP_ID, STATE_CODE, and CONSTRUCTION_NO.",,3.1257877489286616,HIGH,MEDIUM (30-90 min),"This field can add timing, treatment, or structural-regime context that the current production features only partially capture."
EXPERIMENT_SECTION,RECORD_STATUS,Record Status,A code indicating the general quality of the data.,,0.0,HIGH,MEDIUM (30-90 min),"This field can add timing, treatment, or structural-regime context that the current production features only partially capture."
EXPERIMENT_SECTION,SEAS_ID,Seasonal Identification Code,State specific seasonal identification code.,,97.44139147970759,HIGH,MEDIUM (30-90 min),"This field can add timing, treatment, or structural-regime context that the current production features only partially capture."
EXPERIMENT_SECTION,STATUS,Status Code,Code indicating the status of a section for a given construction event.,,11.998991681371313,HIGH,MEDIUM (30-90 min),"This field can add timing, treatment, or structural-regime context that the current production features only partially capture."
EXPERIMENT_SECTION,TRAFFIC_RS,Traffic Record Status,RECORD_STATUS  from maximum RECORD_STATUS  for selected monitoring traffic tables.,,4.650869674817242,HIGH,MEDIUM (30-90 min),"This field can add timing, treatment, or structural-regime context that the current production features only partially capture."
TST_L05B,DESCRIPTION,Layer Description Code,Code indicating general type of layer.,,0.0,HIGH,HIGH (>90 min),Pavement layer composition and thickness are likely core determinants of how distress evolves after treatment.
TST_L05B,LAYER_TYPE,Layer Type Code,Code identifying the type of layer.,,0.0,HIGH,HIGH (>90 min),Pavement layer composition and thickness are likely core determinants of how distress evolves after treatment.
TST_L05B,MATL_CODE,Material Code,Code corresponding to the material type classification.,,0.0,HIGH,HIGH (>90 min),Pavement layer composition and thickness are likely core determinants of how distress evolves after treatment.
TST_L05B,PROJECT_LAYER_CODE,Project Layer Code,Sequential alphabetic code assigned to identify group project wide layers.,,31.95071868583162,HIGH,HIGH (>90 min),Pavement layer composition and thickness are likely core determinants of how distress evolves after treatment.
TST_L05B,REPR_THICKNESS,Representative Thickness,Representative thickness for a layer in a section.,in,18.17248459958932,HIGH,HIGH (>90 min),Pavement layer composition and thickness are likely core determinants of how distress evolves after treatment.
PERFORMANCE_EVENT,LTPP Change Events with Potential of Affecting Pavement Condition Measurements,,,,0.0,MEDIUM,HIGH (>90 min),"Event-type history may explain discontinuities in measured distress or treatment timing, but the sheet structure looks harder to operationalise cleanly."
PERFORMANCE_EVENT,Unnamed: 1,,,,2.1739130434782608,MEDIUM,HIGH (>90 min),"Event-type history may explain discontinuities in measured distress or treatment timing, but the sheet structure looks harder to operationalise cleanly."
PERFORMANCE_EVENT,Unnamed: 2,,,,2.1739130434782608,MEDIUM,HIGH (>90 min),"Event-type history may explain discontinuities in measured distress or treatment timing, but the sheet structure looks harder to operationalise cleanly."
PERFORMANCE_EVENT,Unnamed: 3,,,,19.565217391304348,MEDIUM,HIGH (>90 min),"Event-type history may explain discontinuities in measured distress or treatment timing, but the sheet structure looks harder to operationalise cleanly."
PERFORMANCE_EVENT,Unnamed: 4,,,,2.1739130434782608,MEDIUM,HIGH (>90 min),"Event-type history may explain discontinuities in measured distress or treatment timing, but the sheet structure looks harder to operationalise cleanly."
PERFORMANCE_EVENT,Unnamed: 5,,,,2.1739130434782608,MEDIUM,HIGH (>90 min),"Event-type history may explain discontinuities in measured distress or treatment timing, but the sheet structure looks harder to operationalise cleanly."
SHRP_INFO,CARDCINFO,C-Card Interpretation Code,Indicates how to process data after column 89 on the C-Card input record. This value is typically S(top) for sites not under direct LTPP control where the value is 5(-digits/vehicle) as data is submitted for 15 not 13 classes. A numeric value requires entries in Traffic_Class_Convert_Data.,,0.0,MEDIUM,MEDIUM (30-90 min),This field looks like stable site or traffic-system context that could improve heterogeneity modelling.
SHRP_INFO,CLASS_SITE,Classification Site,Site identifier for location at which class was collected.,,0.0,MEDIUM,MEDIUM (30-90 min),This field looks like stable site or traffic-system context that could improve heterogeneity modelling.
SHRP_INFO,DATA_AVAILABILITY,Data Availability Code,A qualitative description of the data available and its reliability for the period indicated.,,33.32606800348736,MEDIUM,MEDIUM (30-90 min),This field looks like stable site or traffic-system context that could improve heterogeneity modelling.
SHRP_INFO,ERR_1AM1PM,Error 1AM 1PM,For this site is the 1AM > 1PM daily class error enforced.,,0.0,MEDIUM,MEDIUM (30-90 min),This field looks like stable site or traffic-system context that could improve heterogeneity modelling.
SHRP_INFO,FUNC_CLASS,Functional Class Code,Functional class of the route where the LTPP section is located.,,0.0,MEDIUM,MEDIUM (30-90 min),This field looks like stable site or traffic-system context that could improve heterogeneity modelling.
SHRP_INFO,LANES_LTPP_DIR,Number of Lanes in LTPP Direction,The total number of through lanes in the LTPP direction.,,0.0,MEDIUM,MEDIUM (30-90 min),This field looks like stable site or traffic-system context that could improve heterogeneity modelling.
SHRP_INFO,LANES_NON_LTPP_DIR,Number of Lanes in Non-LTPP Direction,The total number of through lanes in the non-LTPP direction.,,0.08718395815170009,MEDIUM,MEDIUM (30-90 min),This field looks like stable site or traffic-system context that could improve heterogeneity modelling.
SHRP_INFO,LOAD_DIR,Loading Direction Code,"For this site if UPDATE_LNDIR is Y, from the file load this lane and renumber it to the LTPP DIR value.  The typical value is equal to LTPP_DIR.",,0.0,MEDIUM,MEDIUM (30-90 min),This field looks like stable site or traffic-system context that could improve heterogeneity modelling.
SHRP_INFO,LOAD_HOURS,Load Hours,"For this site, load data to HH_CL_CT table routinely. The value is typically N for any site not in SPSWIM_VALIDATION_INIT and Y otherwise. To capture days associated with time changes this value is set to Y. ",,0.0,MEDIUM,MEDIUM (30-90 min),This field looks like stable site or traffic-system context that could improve heterogeneity modelling.
SHRP_INFO,LOAD_LN,Load Lane,"For this site if UPDATE_LNDIR is Y, from the file load this lane and renumber it to the LTPP LN value.  The normal value is equal to LTPP_LN.",,0.0,MEDIUM,MEDIUM (30-90 min),This field looks like stable site or traffic-system context that could improve heterogeneity modelling.
SHRP_INFO,LTPP_DIR,LTPP Lane Direction Code,Direction of LTPP lane using Traffic Monitoring Guide conventions.,,0.0,MEDIUM,MEDIUM (30-90 min),This field looks like stable site or traffic-system context that could improve heterogeneity modelling.
SHRP_INFO,LTPP_LANE,LTPP Lane Number,Number of the LTPP lane where 1 is the outer through lane.,,0.0,MEDIUM,MEDIUM (30-90 min),This field looks like stable site or traffic-system context that could improve heterogeneity modelling.
SHRP_INFO,LTPP_LN_ONLY,LTPP Lane Only Loaded,Indicator if the LTPP Lane  is the only one loaded. This is typically N.,,0.0,MEDIUM,MEDIUM (30-90 min),This field looks like stable site or traffic-system context that could improve heterogeneity modelling.
SHRP_INFO,SRO_CLASS,Classification Site to LTPP Section Relationship Code,"Qualitative indicator of the spatial relationship between the classification data site and the LTPP section or project, S - site specific, R - Site related, O - other.",,33.80557977332171,MEDIUM,MEDIUM (30-90 min),This field looks like stable site or traffic-system context that could improve heterogeneity modelling.
SHRP_INFO,SRO_WEIGHT,Weight Site to LTPP Section Relationship Code,"Qualitative indicator of the spatial relationship between the weight data site and the LTPP section or project, S - site specific, R - Site related, O - other.",,34.98256320836966,MEDIUM,MEDIUM (30-90 min),This field looks like stable site or traffic-system context that could improve heterogeneity modelling.
SHRP_INFO,UPDATE_LNDIR,Update Lane Direction,For this site change the loading lane (LOAD_LN) to the LTPP lane and only load this one lane. This is typically N.,,0.0,MEDIUM,MEDIUM (30-90 min),This field looks like stable site or traffic-system context that could improve heterogeneity modelling.
SHRP_INFO,VOLUME_SITE,Volume Site,Site identifier for location at which volume was collected.,,99.0409764603313,MEDIUM,MEDIUM (30-90 min),This field looks like stable site or traffic-system context that could improve heterogeneity modelling.
SHRP_INFO,WIM_SITE,WIM Site Identifier,Site identifier for location at which WIM was collected.,,0.0,MEDIUM,MEDIUM (30-90 min),This field looks like stable site or traffic-system context that could improve heterogeneity modelling.
ANALYSIS_DIS_AC,ME_PERCENT_WHEEL_PATH_CRACK,MEPDG Wheel Path Cracking Percentage,Percentage of cracking in assumed 0.61 meter wide wheel paths corresponding to the MEPDG_CRACKING_PERCENT_AC field reported in the 2016 and 2017 LTPP data releases,%,0.24433076277010002,LOW,LOW (<30 min),"This field is available, but its direct predictive value is less obvious than structure, distress state, or treatment history."
ANALYSIS_DIS_AC,RAVELING,Raveling Area,Wearing away of the pavement surface caused by the dislodging of aggregate particles and loss of asphalt binder.,sq m,15.637168817286401,LOW,LOW (<30 min),"This field is available, but its direct predictive value is less obvious than structure, distress state, or treatment history."
ANALYSIS_DIS_CRCP,HPMS16_CRACKING_PERCENT_CRCP_FLAG_E,,,,97.42647058823529,LOW,LOW (<30 min),"This field is available, but its direct predictive value is less obvious than structure, distress state, or treatment history."
ANALYSIS_DIS_CRCP,MAP_CRACK_A,Map Cracking Area,Area of map cracking (surface cracks).,sq m,0.0,LOW,LOW (<30 min),"This field is available, but its direct predictive value is less obvious than structure, distress state, or treatment history."
ANALYSIS_DIS_CRCP,PATCH_FLEX_A,Flexible Patch Area,Total area of flexible patching showing distress of any type.,sq m,0.3676470588235294,LOW,LOW (<30 min),"This field is available, but its direct predictive value is less obvious than structure, distress state, or treatment history."
ANALYSIS_DIS_CRCP,PATCH_RIGID_A,Rigid Patch Area,Total area of rigid patching showing distress of any type.,sq m,0.0,LOW,LOW (<30 min),"This field is available, but its direct predictive value is less obvious than structure, distress state, or treatment history."
ANALYSIS_DIS_JPCC,HPMS16_CRACKING_PERCENT_JPCC_FLAG_E,,,,95.89565217391305,LOW,LOW (<30 min),"This field is available, but its direct predictive value is less obvious than structure, distress state, or treatment history."
ANALYSIS_DIS_JPCC,MAP_CRACK_A,Map Cracking Area,Area of map cracking (surface cracks).,sq m,0.1217391304347826,LOW,LOW (<30 min),"This field is available, but its direct predictive value is less obvious than structure, distress state, or treatment history."
ANALYSIS_DIS_JPCC,MEPDG_CRACKING_PERCENT_JPCC_FLAG_EX,,,,96.29565217391306,LOW,LOW (<30 min),"This field is available, but its direct predictive value is less obvious than structure, distress state, or treatment history."
ANALYSIS_DIS_JPCC,PATCH_FLEX_A,Flexible Patch Area,Total area of flexible patching showing distress of any type.,sq m,0.08695652173913043,LOW,LOW (<30 min),"This field is available, but its direct predictive value is less obvious than structure, distress state, or treatment history."
ANALYSIS_DIS_JPCC,PATCH_RIGID_A,Rigid Patch Area,Total area of rigid patching showing distress of any type.,sq m,0.1391304347826087,LOW,LOW (<30 min),"This field is available, but its direct predictive value is less obvious than structure, distress state, or treatment history."
EXPERIMENT_SECTION,GPS_SPS,Experiment Classification Code,Code indicating if the section is a GPS or SPS section.,,0.0,LOW,MEDIUM (30-90 min),"This field is available, but its direct predictive value is less obvious than structure, distress state, or treatment history."
SHRP_INFO,CARD4INFO,4-Card Interpretation Code,Indicates how to process data after column 51 on the 4-Card input record. This value is typically S(top). A numeric value requires entries in Traffic_Class_Convert_Data.,,0.0,LOW,MEDIUM (30-90 min),"This field is available, but its direct predictive value is less obvious than structure, distress state, or treatment history."
SHRP_INFO,ERR_4STATIC,Error 4 Static,Indicator if the 4 + Static volume daily class error enforced. This is typically Y.,,0.0,LOW,MEDIUM (30-90 min),"This field is available, but its direct predictive value is less obvious than structure, distress state, or treatment history."
SHRP_INFO,ERR_8ZERO,Error 8 Zero,Indicator if the 8 + zero volume class error enforced. This is typically Y.,,0.0,LOW,MEDIUM (30-90 min),"This field is available, but its direct predictive value is less obvious than structure, distress state, or treatment history."
SHRP_INFO,USEFILENAME,Filename,Indicator if the files are identified and loaded by the filename. This is typically Y.,,0.0,LOW,MEDIUM (30-90 min),"This field is available, but its direct predictive value is less obvious than structure, distress state, or treatment history."
TST_L05B,COMMENT_NOTE,Comment Note,Additional comments about layer.,,74.34804928131416,LOW,HIGH (>90 min),"This field is available, but its direct predictive value is less obvious than structure, distress state, or treatment history."
TST_L05B,CONSTRUCTION_NO,Construction Number,Event number used to relate changes in pavement structure with other time dependent data elements. This field is set to 1 when a test section is initially accepted into LTPP and is incremented with each change to the layer structure.,,0.0,LOW,HIGH (>90 min),"This field is available, but its direct predictive value is less obvious than structure, distress state, or treatment history."
TST_L05B,INV_LAYER_NO,Inventory Layer Number,First layer in inventory to which the testing layer corresponds.,,35.97279260780287,LOW,HIGH (>90 min),"This field is available, but its direct predictive value is less obvious than structure, distress state, or treatment history."
TST_L05B,INV_LAYER_NO_2,Inventory Layer Number 2,Last layer in inventory to which the testing layer corresponds.,,98.00308008213551,LOW,HIGH (>90 min),"This field is available, but its direct predictive value is less obvious than structure, distress state, or treatment history."
TST_L05B,LAYER_COMMENT1,Layer Comment  Code 1,Codes to describe any additional information concerning layer.,,64.65092402464066,LOW,HIGH (>90 min),"This field is available, but its direct predictive value is less obvious than structure, distress state, or treatment history."
TST_L05B,LAYER_COMMENT2,Layer Comment  Code 2,Codes to describe any additional information concerning layer.,,83.26745379876796,LOW,HIGH (>90 min),"This field is available, but its direct predictive value is less obvious than structure, distress state, or treatment history."
TST_L05B,LAYER_COMMENT3,Layer Comment  Code 3,Codes to describe any additional information concerning layer.,,90.3105749486653,LOW,HIGH (>90 min),"This field is available, but its direct predictive value is less obvious than structure, distress state, or treatment history."
TST_L05B,LAYER_NO,Layer Number,"Unique sequential number assigned to pavement layers, starting with layer 1 as the deepest layer (subgrade).",,0.0,LOW,HIGH (>90 min),"This field is available, but its direct predictive value is less obvious than structure, distress state, or treatment history."
