column_name,field_alias,field_description,field_unit,field_codetype,unit_system,table_alias,table_description,class_name,semantic_type,missing_count,missing_pct,n_unique,example_values
STATE_CODE,State Code,Numerical code for state or province. U.S. codes are consistent with Federal Information Processing Standards.,,STATE_PROVINCE,,Experiment Section,"Contains the time history of changes in construction numbers, experiment designations, and reasons for these changes.",Experiment Type and Improvement (M&R) History,id,0,0.0,62,19 | 83 | 46 | 42 | 89
STATE_CODE_EXP,State Code (Code Expansion),Numerical code for state or province. U.S. codes are consistent with Federal Information Processing Standards. (Code Expansion),,,,Experiment Section,"Contains the time history of changes in construction numbers, experiment designations, and reasons for these changes.",Experiment Type and Improvement (M&R) History,descriptive,0,0.0,62,Iowa | Manitoba | South Dakota | Pennsylvania | Quebec
SHRP_ID,LTPP Section Identifier,Test section identification number assigned by LTPP program. Must be combined with STATE_CODE to be unique.,,,,Experiment Section,"Contains the time history of changes in construction numbers, experiment designations, and reasons for these changes.",Experiment Type and Improvement (M&R) History,id,0,0.0,1064,0605 | 6454 | 0602 | 0601 | 3015
CONSTRUCTION_NO,Construction Number,Event number used to relate changes in pavement structure with other time dependent data elements. This field is set to 1 when a test section is initially accepted into LTPP and is incremented with each change to the layer structure.,,,,Experiment Section,"Contains the time history of changes in construction numbers, experiment designations, and reasons for these changes.",Experiment Type and Improvement (M&R) History,id,0,0.0,15,1 | 15 | 14 | 2 | 13
CN_ASSIGN_DATE,Construction Number Assign Date,"The assignment date for the beginning of a construction event. It is equal to acceptance date when a test section is first included in LTPP, i.e. CONSTRUCTION_NO = 1.",,,,Experiment Section,"Contains the time history of changes in construction numbers, experiment designations, and reasons for these changes.",Experiment Type and Improvement (M&R) History,date,0,0.0,1448,1987-01-01 | 2012-08-07 | 2017-06-01 | 2019-06-01 | 2007-06-01
CN_CHANGE_REASON,Construction Number Change Reason Code,IMP_TYPE rehabilitation and maintenance activity codes that caused the change in Construction Number (CONSTRUCTION_NO).,,MAINT_WORK,,Experiment Section,"Contains the time history of changes in construction numbers, experiment designations, and reasons for these changes.",Experiment Type and Improvement (M&R) History,treatment_code,2829,35.65666750693219,475,"22 | 19 | 27 | 31 | 38,50,54"
CN_CHANGE_REASON_EXP,Construction Number Change Reason Code (Code Expansion),IMP_TYPE rehabilitation and maintenance activity codes that caused the change in Construction Number (CONSTRUCTION_NO). (Code Expansion),,,,Experiment Section,"Contains the time history of changes in construction numbers, experiment designations, and reasons for these changes.",Experiment Type and Improvement (M&R) History,treatment_label,2840,35.795311318376605,406,"Manual Premix Spot Patch (hand spreading and compacting with roller) | Asphalt Concrete Overlay | Strip Patching (using spreader and distributor to apply hot liquid asphalt and aggregate) | Aggregate Seal Coat | Longitudinal Subdrains, Joint Load Transfer Restoration in PCC Pavements, Partial depth patching of PCC pavements at joints"
RECORD_STATUS,Record Status,A code indicating the general quality of the data.,,,,Experiment Section,"Contains the time history of changes in construction numbers, experiment designations, and reasons for these changes.",Experiment Type and Improvement (M&R) History,status,0,0.0,1,E
GPS_SPS,Experiment Classification Code,Code indicating if the section is a GPS or SPS section.,,GPS_SPS,,Experiment Section,"Contains the time history of changes in construction numbers, experiment designations, and reasons for these changes.",Experiment Type and Improvement (M&R) History,experiment_code,0,0.0,2,S | G
GPS_SPS_EXP,Experiment Classification Code (Code Expansion),Code indicating if the section is a GPS or SPS section. (Code Expansion),,,,Experiment Section,"Contains the time history of changes in construction numbers, experiment designations, and reasons for these changes.",Experiment Type and Improvement (M&R) History,experiment_code,0,0.0,2,Specific Pavement Studies | General Pavement Studies
EXPERIMENT_NO,Experiment Number Code,Code indicating to which LTPP experiment the pavement section is assigned.,,EXPERIMENT,,Experiment Section,"Contains the time history of changes in construction numbers, experiment designations, and reasons for these changes.",Experiment Type and Improvement (M&R) History,experiment_code,0,0.0,28,6 | 6S | 7D | 7S | 7C
EXPERIMENT_NO_EXP,Experiment Number Code (Code Expansion),Code indicating to which LTPP experiment the pavement section is assigned. (Code Expansion),,,,Experiment Section,"Contains the time history of changes in construction numbers, experiment designations, and reasons for these changes.",Experiment Type and Improvement (M&R) History,experiment_code,0,0.0,33,"Rehabilitation of Jointed PCC Pavement | AC Overlay on AC Pavement with Milling and/or Fabric Pretreatment | Multiple AC Overlays with Conventional Asphalt Cement on PCC Pavement, with No Pretreatment | AC Overlay on PCC Pavement with Pretreatment | AC Overlay with Modified Asphalt Cement on PCC Pavement, with CPR or No Pretreatment"
STATUS_EXP,Status Code (Code Expansion),Code indicating the status of a section for a given construction event. (Code Expansion),,,,Experiment Section,"Contains the time history of changes in construction numbers, experiment designations, and reasons for these changes.",Experiment Type and Improvement (M&R) History,status,952,11.998991681371313,1,Out-of-study
STATUS,Status Code,Code indicating the status of a section for a given construction event.,,STATUS,,Experiment Section,"Contains the time history of changes in construction numbers, experiment designations, and reasons for these changes.",Experiment Type and Improvement (M&R) History,status,952,11.998991681371313,1,O
ASSIGN_DATE,Assign Date,Date when a test section was assigned to the LTPP experiment. The experiment designation for a test section is the combination of EXPERIMENT_NO and GPS_SPS fields in the record.,,,,Experiment Section,"Contains the time history of changes in construction numbers, experiment designations, and reasons for these changes.",Experiment Type and Improvement (M&R) History,date,0,0.0,489,1987-01-01 | 1998-04-30 | 2017-06-01 | 2011-06-01 | 1997-07-01
DEASSIGN_DATE,Deassign Date,Date when a test section changed to another experiment or was placed in out of study status in the LTPP program (status = o).,,,,Experiment Section,"Contains the time history of changes in construction numbers, experiment designations, and reasons for these changes.",Experiment Type and Improvement (M&R) History,date,787,9.919334509705067,751,1997-07-13 | 2017-05-15 | 2019-03-06 | 2017-06-01 | 2005-05-15
SEAS_ID,Seasonal Identification Code,State specific seasonal identification code.,,,,Experiment Section,"Contains the time history of changes in construction numbers, experiment designations, and reasons for these changes.",Experiment Type and Improvement (M&R) History,descriptive,7731,97.44139147970759,17,A | C | B | O | G
SUPPLEMENTAL,Supplemental Section Identification Code,A marker to identify state supplemental sections.,,,,Experiment Section,"Contains the time history of changes in construction numbers, experiment designations, and reasons for these changes.",Experiment Type and Improvement (M&R) History,descriptive,6559,82.66952356944795,1,S
EXP_SECT_RS,Experiment Section Record Status,RECORD_STATUS for EXPERIMENT_SECTION table.,,,,Experiment Section,"Contains the time history of changes in construction numbers, experiment designations, and reasons for these changes.",Experiment Type and Improvement (M&R) History,descriptive,0,0.0,4,E | A | D | C
BASIC_INFO_RS,Basic Information Record Status,RECORD_STATUS from minimum RECORD_STATUS for selected BASIC_INFO tables.,,,,Experiment Section,"Contains the time history of changes in construction numbers, experiment designations, and reasons for these changes.",Experiment Type and Improvement (M&R) History,descriptive,62,0.7814469372321654,2,E | A
PAV_STRUCT_RS,Pavement Structure Record Status,"RECORD_STATUS from minimum RECORD_STATUS of all layers for tst_l05b for this SHRP_ID, STATE_CODE, and CONSTRUCTION_NO.",,,,Experiment Section,"Contains the time history of changes in construction numbers, experiment designations, and reasons for these changes.",Experiment Type and Improvement (M&R) History,descriptive,248,3.1257877489286616,4,E | D | A | C
TRAFFIC_RS,Traffic Record Status,RECORD_STATUS  from maximum RECORD_STATUS  for selected monitoring traffic tables.,,,,Experiment Section,"Contains the time history of changes in construction numbers, experiment designations, and reasons for these changes.",Experiment Type and Improvement (M&R) History,descriptive,369,4.650869674817242,1,E
CLIMATIC_RS,Climatic Record Status,RECORD_STATUS from maximum RECORD_STATUS for selected climatic tables.,,,,Experiment Section,"Contains the time history of changes in construction numbers, experiment designations, and reasons for these changes.",Experiment Type and Improvement (M&R) History,descriptive,0,0.0,1,E
PAVEMENT_FAMILY,Pavement Family,Code indicating pavement family assigned based on experiment design and layer structure of the pavement section.,,PAVEMENT_FAMILY,,Experiment Section,"Contains the time history of changes in construction numbers, experiment designations, and reasons for these changes.",Experiment Type and Improvement (M&R) History,descriptive,274,3.4534913032518273,9,JRCP | ACTB | ACPCC | ACATB | JPCTB
PAVEMENT_FAMILY_EXP,Pavement Family (Code Expansion),Code indicating pavement family assigned based on experiment design and layer structure of the pavement section. (Code Expansion),,,,Experiment Section,"Contains the time history of changes in construction numbers, experiment designations, and reasons for these changes.",Experiment Type and Improvement (M&R) History,descriptive,274,3.4534913032518273,9,Jointed reinforced concrete pavement | Asphalt concrete over cement/lime treated base/subgrade | Asphalt concrete over Portland cement concrete | Asphalt concrete over asphalt treated base/subgrade | Jointed plain concrete over treated base/subgrade
state_code,,,,,,Experiment Section,"Contains the time history of changes in construction numbers, experiment designations, and reasons for these changes.",Experiment Type and Improvement (M&R) History,descriptive,0,0.0,62,19 | 83 | 46 | 42 | 89
shrp_id,,,,,,Experiment Section,"Contains the time history of changes in construction numbers, experiment designations, and reasons for these changes.",Experiment Type and Improvement (M&R) History,descriptive,0,0.0,1064,0605 | 6454 | 0602 | 0601 | 3015
node_id,,,,,,Experiment Section,"Contains the time history of changes in construction numbers, experiment designations, and reasons for these changes.",Experiment Type and Improvement (M&R) History,id,0,0.0,2830,19_0605 | 83_6454 | 19_0602 | 46_0601 | 19_0601
node_id_join,,,,,,Experiment Section,"Contains the time history of changes in construction numbers, experiment designations, and reasons for these changes.",Experiment Type and Improvement (M&R) History,id,0,0.0,2829,19_605 | 83_6454 | 19_602 | 46_601 | 19_601
event_start_date,,,,,,Experiment Section,"Contains the time history of changes in construction numbers, experiment designations, and reasons for these changes.",Experiment Type and Improvement (M&R) History,date,0,0.0,1448,1987-01-01 | 2012-08-07 | 2017-06-01 | 2019-06-01 | 2007-06-01
event_end_date,,,,,,Experiment Section,"Contains the time history of changes in construction numbers, experiment designations, and reasons for these changes.",Experiment Type and Improvement (M&R) History,date,787,9.919334509705067,751,1997-07-13 | 2017-05-15 | 2019-03-06 | 2017-06-01 | 2005-05-15
event_year,,,,,,Experiment Section,"Contains the time history of changes in construction numbers, experiment designations, and reasons for these changes.",Experiment Type and Improvement (M&R) History,descriptive,0,0.0,37,1987 | 2012 | 2017 | 2019 | 2007
treatment_label,,,,,,Experiment Section,"Contains the time history of changes in construction numbers, experiment designations, and reasons for these changes.",Experiment Type and Improvement (M&R) History,descriptive,2840,35.795311318376605,406,"Manual Premix Spot Patch (hand spreading and compacting with roller) | Asphalt Concrete Overlay | Strip Patching (using spreader and distributor to apply hot liquid asphalt and aggregate) | Aggregate Seal Coat | Longitudinal Subdrains, Joint Load Transfer Restoration in PCC Pavements, Partial depth patching of PCC pavements at joints"
broad_treatment_group,,,,,,Experiment Section,"Contains the time history of changes in construction numbers, experiment designations, and reasons for these changes.",Experiment Type and Improvement (M&R) History,descriptive,0,0.0,9,unknown | patching | asphalt_overlay | seal_coat | crack_sealing
state_name,,,,,,Experiment Section,"Contains the time history of changes in construction numbers, experiment designations, and reasons for these changes.",Experiment Type and Improvement (M&R) History,descriptive,0,0.0,62,Iowa | State 83 | South Dakota | Pennsylvania | State 89
