broad_treatment_group,pre_cracking,annual_esal_trend,annual_gesal_trend,aadtt_all_trucks_trend,annual_truck_volume_trend,temp_year_temp_avg,temp_year_freeze_index,humid_rel_hum_avg_avg,precip_precipitation,wind_wind_velocity_avg,solar_shortwave_surface_avg,n_events_with_pre_data,n_pre_within_1yr,n_pre_within_2yr,n_pre_within_3yr
asphalt_overlay,7.0,145117.0,145418.0,713.0,181735.0,13.0,101.0,74.0,1053.2,3.0,144182.6,886,796,868,886
crack_sealing,1.0,298000.0,281421.0,861.0,314265.0,10.0,239.0,69.0,824.92,3.0,145201.7,964,512,797,964
grinding,0.0,591000.0,423393.0,1087.0,396755.0,10.0,294.0,73.0,726.31,3.0,141722.8,105,80,94,105
other_maintenance,46.0,322505.0,275717.0,836.0,242440.0,,,,,,,1,1,1,1
patching,5.0,417000.0,347707.0,1114.0,394565.0,11.0,194.0,72.0,938.225,3.0,143098.7,1299,733,1127,1299
reconstruction_or_major_rehab,9.0,821000.0,614769.5,1566.0,571590.0,11.0,275.0,77.0,1096.77,3.0,138089.9,34,23,28,34
seal_coat,5.0,122231.0,129504.0,370.0,134685.0,15.0,20.0,63.0,625.97,3.0,153322.8,313,232,284,313
shoulder_restoration,0.0,435060.0,425157.0,976.0,356717.5,9.0,398.0,73.0,993.27,3.0,134980.3,92,36,48,92
unknown,8.5,802774.0,611081.0,2009.0,733285.0,18.0,4.0,73.0,1157.3899999999999,3.0,154512.0,8,3,6,8
