node_id,number_of_years_in_panel,number_of_years_with_monthlyagg_missing,number_of_years_with_all_monthlyagg_missing,has_MERRA_ID_mapping,MERRA_ID,percent_missing
10_0101,37,0,0,True,143016,0.0
10_0102,37,0,0,True,143016,0.0
10_0103,37,0,0,True,143016,0.0
10_0104,37,0,0,True,143016,0.0
10_0105,37,0,0,True,143016,0.0
10_0106,37,0,0,True,143016,0.0
10_0107,37,0,0,True,143016,0.0
10_0108,37,0,0,True,143016,0.0
10_0109,37,0,0,True,143016,0.0
10_0110,37,0,0,True,143016,0.0
10_0111,37,0,0,True,143016,0.0
10_0112,37,0,0,True,143016,0.0
10_0159,37,0,0,True,143016,0.0
10_0160,37,0,0,True,143016,0.0
10_0201,37,0,0,True,143016,0.0
10_0202,37,0,0,True,143016,0.0
10_0203,37,0,0,True,143016,0.0
10_0204,37,0,0,True,143016,0.0
10_0205,37,0,0,True,143016,0.0
10_0206,37,0,0,True,143016,0.0
10_0207,37,0,0,True,143016,0.0
10_0208,37,0,0,True,143016,0.0
10_0209,37,0,0,True,143016,0.0
10_0210,37,0,0,True,143016,0.0
10_0211,37,0,0,True,143016,0.0
10_0212,37,0,0,True,143016,0.0
10_0259,37,0,0,True,143016,0.0
10_0260,37,0,0,True,143016,0.0
10_1201,37,0,0,True,143017,0.0
10_1450,37,0,0,True,143016,0.0
10_4002,37,0,0,True,143016,0.0
10_5004,37,0,0,True,143592,0.0
10_5005,37,0,0,True,143016,0.0
11_1400,37,0,0,True,143014,0.0
12_0101,37,0,0,True,128608,0.0
12_0102,37,0,0,True,128608,0.0
12_0103,37,0,0,True,128608,0.0
12_0104,37,0,0,True,128608,0.0
12_0105,37,0,0,True,128608,0.0
12_0106,37,0,0,True,128608,0.0
12_0107,37,0,0,True,128608,0.0
12_0108,37,0,0,True,128608,0.0
12_0109,37,0,0,True,128608,0.0
12_0110,37,0,0,True,128608,0.0
12_0111,37,0,0,True,128608,0.0
12_0112,37,0,0,True,128608,0.0
12_0161,37,0,0,True,128608,0.0
12_0502,37,0,0,True,129184,0.0
12_0503,37,0,0,True,129184,0.0
12_0504,37,0,0,True,129184,0.0
12_0505,37,0,0,True,129184,0.0
12_0506,37,0,0,True,129184,0.0
12_0507,37,0,0,True,129184,0.0
12_0508,37,0,0,True,129184,0.0
12_0509,37,0,0,True,129184,0.0
12_0561,37,0,0,True,129184,0.0
12_0562,37,0,0,True,129184,0.0
12_0563,37,0,0,True,129184,0.0
12_0564,37,0,0,True,129184,0.0
12_0565,37,0,0,True,129184,0.0
12_0566,37,0,0,True,129184,0.0
12_0901,37,0,0,True,133213,0.0
12_0902,37,0,0,True,133213,0.0
12_0903,37,0,0,True,133213,0.0
12_0959,37,0,0,True,133213,0.0
12_1030,37,0,0,True,129184,0.0
12_1060,37,0,0,True,127456,0.0
12_1370,37,0,0,True,130912,0.0
12_3804,37,0,0,True,130333,0.0
12_3811,37,0,0,True,133210,0.0
12_3995,37,0,0,True,128609,0.0
12_3996,37,0,0,True,130909,0.0
12_3997,37,0,0,True,132638,0.0
12_4000,37,0,0,True,131487,0.0
12_4057,37,0,0,True,130333,0.0
12_4059,37,0,0,True,131487,0.0
12_4096,37,0,0,True,133208,0.0
12_4097,37,0,0,True,133784,0.0
12_4099,37,0,0,True,128606,0.0
12_4100,37,0,0,True,133207,0.0
12_4101,37,0,0,True,130911,0.0
12_4103,37,0,0,True,128032,0.0
12_4105,37,0,0,True,133214,0.0
12_4106,37,0,0,True,129184,0.0
12_4107,37,0,0,True,129760,0.0
12_4108,37,0,0,True,133207,0.0
12_4109,37,0,0,True,131487,0.0
12_4135,37,0,0,True,130334,0.0
12_4136,37,0,0,True,130334,0.0
12_4137,37,0,0,True,130334,0.0
12_4138,37,0,0,True,131487,0.0
12_4154,37,0,0,True,131487,0.0
12_9054,37,0,0,True,133214,0.0
12_A310,37,0,0,True,133214,0.0
12_A320,37,0,0,True,133214,0.0
12_A321,37,0,0,True,133214,0.0
12_A330,37,0,0,True,133214,0.0
12_A350,37,0,0,True,133214,0.0
12_A351,37,0,0,True,133214,0.0
12_A352,37,0,0,True,133214,0.0
12_AA01,37,0,0,True,133784,0.0
12_AA02,37,0,0,True,133784,0.0
12_AA03,37,0,0,True,133784,0.0
12_AA61,37,0,0,True,133784,0.0
12_B310,37,0,0,True,132638,0.0
12_B320,37,0,0,True,132638,0.0
12_B321,37,0,0,True,132638,0.0
12_B330,37,0,0,True,132638,0.0
12_B350,37,0,0,True,132638,0.0
12_B351,37,0,0,True,132638,0.0
12_B352,37,0,0,True,132638,0.0
12_B360,37,0,0,True,132638,0.0
12_C310,37,0,0,True,131487,0.0
12_C320,37,0,0,True,131487,0.0
12_C321,37,0,0,True,131487,0.0
12_C330,37,0,0,True,131487,0.0
12_C350,37,0,0,True,131487,0.0
13_0502,37,0,0,True,137241,0.0
13_0503,37,0,0,True,137241,0.0
13_0504,37,0,0,True,137241,0.0
13_0505,37,0,0,True,137241,0.0
13_0506,37,0,0,True,137241,0.0
13_0507,37,0,0,True,137241,0.0
13_0508,37,0,0,True,137241,0.0
13_0509,37,0,0,True,137241,0.0
13_0560,37,0,0,True,137242,0.0
13_0561,37,0,0,True,137241,0.0
13_0562,37,0,0,True,137241,0.0
13_0563,37,0,0,True,137241,0.0
13_0564,37,0,0,True,137241,0.0
13_0565,37,0,0,True,137241,0.0
13_0566,37,0,0,True,137241,0.0
13_1001,37,0,0,True,137243,0.0
13_1004,37,0,0,True,136090,0.0
13_1005,37,0,0,True,135515,0.0
13_1031,37,0,0,True,137819,0.0
13_3007,37,0,0,True,137818,0.0
13_3011,37,0,0,True,135517,0.0
13_3015,37,0,0,True,135518,0.0
13_3016,37,0,0,True,136665,0.0
13_3017,37,0,0,True,136668,0.0
13_3018,37,0,0,True,136669,0.0
13_3019,37,0,0,True,137819,0.0
13_3020,37,0,0,True,134939,0.0
13_4092,37,0,0,True,133787,0.0
13_4093,37,0,0,True,133786,0.0
13_4096,37,0,0,True,134361,0.0
13_4111,37,0,0,True,137243,0.0
13_4112,37,0,0,True,133790,0.0
13_4113,37,0,0,True,133790,0.0
13_4118,37,0,0,True,136091,0.0
13_4119,37,0,0,True,137241,0.0
13_4420,37,0,0,True,134943,0.0
13_5023,37,0,0,True,133790,0.0
13_7028,37,0,0,True,137820,0.0
16_1001,37,0,0,True,153318,0.0
16_1005,37,0,0,True,149287,0.0
16_1007,37,0,0,True,146985,0.0
16_1009,37,0,0,True,146988,0.0
16_1010,37,0,0,True,148142,0.0
16_1020,37,0,0,True,146986,0.0
16_1021,37,0,0,True,148142,0.0
16_3017,37,0,0,True,146988,0.0
16_3023,37,0,0,True,148710,0.0
16_5025,37,0,0,True,146989,0.0
16_6027,37,0,0,True,146991,0.0
16_9032,37,0,0,True,152742,0.0
16_9034,37,0,0,True,153895,0.0
16_A310,37,0,0,True,146986,0.0
16_A320,37,0,0,True,146986,0.0
16_A330,37,0,0,True,146986,0.0
16_A350,37,0,0,True,146986,0.0
16_B310,37,0,0,True,148142,0.0
16_B320,37,0,0,True,148142,0.0
16_B330,37,0,0,True,148142,0.0
16_B350,37,0,0,True,148142,0.0
16_C310,37,0,0,True,148142,0.0
16_C320,37,0,0,True,148142,0.0
16_C330,37,0,0,True,148142,0.0
16_C350,37,0,0,True,148142,0.0
17_0601,37,0,0,True,144148,0.0
17_0602,37,0,0,True,144148,0.0
17_0603,37,0,0,True,144148,0.0
17_0604,37,0,0,True,144148,0.0
17_0605,37,0,0,True,144148,0.0
17_0606,37,0,0,True,144148,0.0
17_0607,37,0,0,True,144148,0.0
17_0608,37,0,0,True,144148,0.0
17_0659,37,0,0,True,144148,0.0
17_0660,37,0,0,True,144148,0.0
17_0661,37,0,0,True,144148,0.0
17_0662,37,0,0,True,144148,0.0
17_0663,37,0,0,True,144148,0.0
17_0664,37,0,0,True,144148,0.0
17_1002,37,0,0,True,147026,0.0
17_1003,37,0,0,True,142418,0.0
17_4074,37,0,0,True,147026,0.0
17_4082,37,0,0,True,142418,0.0
17_5020,37,0,0,True,142418,0.0
17_5151,37,0,0,True,145872,0.0
17_5217,37,0,0,True,144723,0.0
17_5423,37,0,0,True,144722,0.0
17_5453,37,0,0,True,142419,0.0
17_5843,37,0,0,True,146451,0.0
17_5849,37,0,0,True,144724,0.0
17_5854,37,0,0,True,145298,0.0
17_5869,37,0,0,True,145298,0.0
17_5908,37,0,0,True,141267,0.0
17_6050,37,0,0,True,142417,0.0
17_7937,37,0,0,True,145297,0.0
17_9267,37,0,0,True,145872,0.0
17_9327,37,0,0,True,144723,0.0
17_A310,37,0,0,True,142418,0.0
17_A320,37,0,0,True,142418,0.0
17_A330,37,0,0,True,142418,0.0
17_A340,37,0,0,True,142418,0.0
17_A350,37,0,0,True,142418,0.0
17_B310,37,0,0,True,147026,0.0
17_B320,37,0,0,True,147026,0.0
17_B330,37,0,0,True,147026,0.0
17_B340,37,0,0,True,147026,0.0
17_B350,37,0,0,True,147026,0.0
18_0601,37,0,0,True,145303,0.0
18_0602,37,0,0,True,145303,0.0
18_0603,37,0,0,True,145303,0.0
18_0604,37,0,0,True,145303,0.0
18_0605,37,0,0,True,145303,0.0
18_0606,37,0,0,True,145303,0.0
18_0607,37,0,0,True,145303,0.0
18_0608,37,0,0,True,145303,0.0
18_0659,37,0,0,True,145303,0.0
18_0660,37,0,0,True,145303,0.0
18_0661,37,0,0,True,145303,0.0
18_0662,37,0,0,True,145303,0.0
18_0663,37,0,0,True,145303,0.0
18_0664,37,0,0,True,145303,0.0
18_0665,37,0,0,True,145303,0.0
18_0666,37,0,0,True,145303,0.0
18_0667,37,0,0,True,145303,0.0
18_0668,37,0,0,True,145303,0.0
18_0669,37,0,0,True,145303,0.0
18_0670,37,0,0,True,145303,0.0
18_0671,37,0,0,True,145303,0.0
18_0672,37,0,0,True,145303,0.0
18_0901,37,0,0,True,144726,0.0
18_0902,37,0,0,True,144726,0.0
18_0904,37,0,0,True,144726,0.0
18_0905,37,0,0,True,144726,0.0
18_1028,37,0,0,True,141846,0.0
18_1037,37,0,0,True,141845,0.0
18_2008,37,0,0,True,145305,0.0
18_2009,37,0,0,True,144151,0.0
18_3002,37,0,0,True,144725,0.0
18_3003,37,0,0,True,145879,0.0
18_3030,37,0,0,True,144152,0.0
18_3031,37,0,0,True,141844,0.0
18_4021,37,0,0,True,144151,0.0
18_4042,37,0,0,True,141845,0.0
18_5022,37,0,0,True,143575,0.0
18_5043,37,0,0,True,141845,0.0
18_5518,37,0,0,True,144726,0.0
18_5528,37,0,0,True,145878,0.0
18_5538,37,0,0,True,145878,0.0
18_6012,37,0,0,True,141845,0.0
18_9020,37,0,0,True,144728,0.0
18_A310,37,0,0,True,141846,0.0
18_A320,37,0,0,True,141846,0.0
18_A330,37,0,0,True,141846,0.0
18_A340,37,0,0,True,141846,0.0
18_A350,37,0,0,True,141846,0.0
18_A410,37,0,0,True,141844,0.0
18_A430,37,0,0,True,141844,0.0
18_A901,37,0,0,True,144152,0.0
18_A902,37,0,0,True,144152,0.0
18_A903,37,0,0,True,144152,0.0
18_A959,37,0,0,True,144152,0.0
18_A960,37,0,0,True,144152,0.0
18_A961,37,0,0,True,144152,0.0
19_0101,37,0,0,True,144719,0.0
19_0102,37,0,0,True,144719,0.0
19_0103,37,0,0,True,144719,0.0
19_0104,37,0,0,True,144719,0.0
19_0105,37,0,0,True,144719,0.0
19_0106,37,0,0,True,144719,0.0
19_0107,37,0,0,True,144719,0.0
19_0108,37,0,0,True,144719,0.0
19_0109,37,0,0,True,144719,0.0
19_0110,37,0,0,True,144719,0.0
19_0111,37,0,0,True,144719,0.0
19_0112,37,0,0,True,144719,0.0
19_0159,37,0,0,True,144719,0.0
19_0213,37,0,0,True,145867,0.0
19_0214,37,0,0,True,145867,0.0
19_0215,37,0,0,True,145867,0.0
19_0216,37,0,0,True,145867,0.0
19_0217,37,0,0,True,145867,0.0
19_0218,37,0,0,True,145867,0.0
19_0219,37,0,0,True,145867,0.0
19_0220,37,0,0,True,145867,0.0
19_0221,37,0,0,True,145867,0.0
19_0222,37,0,0,True,145867,0.0
19_0223,37,0,0,True,145867,0.0
19_0224,37,0,0,True,145867,0.0
19_0259,37,0,0,True,145867,0.0
19_0601,37,0,0,True,146443,0.0
19_0602,37,0,0,True,146443,0.0
19_0603,37,0,0,True,146443,0.0
19_0604,37,0,0,True,146443,0.0
19_0605,37,0,0,True,146443,0.0
19_0606,37,0,0,True,146443,0.0
19_0607,37,0,0,True,146443,0.0
19_0608,37,0,0,True,146443,0.0
19_0659,37,0,0,True,146443,0.0
19_0701,37,0,0,True,147019,0.0
19_0702,37,0,0,True,147019,0.0
19_0703,37,0,0,True,147019,0.0
19_0704,37,0,0,True,147019,0.0
19_0705,37,0,0,True,147019,0.0
19_0706,37,0,0,True,147019,0.0
19_0707,37,0,0,True,147019,0.0
19_0708,37,0,0,True,147019,0.0
19_0709,37,0,0,True,147019,0.0
19_0759,37,0,0,True,147019,0.0
19_1044,37,0,0,True,147022,0.0
19_3006,37,0,0,True,146448,0.0
19_3009,37,0,0,True,146446,0.0
19_3028,37,0,0,True,145870,0.0
19_3033,37,0,0,True,145871,0.0
19_3055,37,0,0,True,147019,0.0
19_5042,37,0,0,True,147019,0.0
19_5046,37,0,0,True,147019,0.0
19_6049,37,0,0,True,145871,0.0
19_6150,37,0,0,True,147017,0.0
19_9116,37,0,0,True,148172,0.0
19_9126,37,0,0,True,145872,0.0
19_A310,37,0,0,True,147017,0.0
19_A320,37,0,0,True,147017,0.0
19_A330,37,0,0,True,147017,0.0
19_A340,37,0,0,True,147017,0.0
19_A350,37,0,0,True,147017,0.0
19_A410,37,0,0,True,147019,0.0
19_A430,37,0,0,True,147019,0.0
19_B410,37,0,0,True,146446,0.0
19_B430,37,0,0,True,146446,0.0
1_0101,37,0,0,True,135513,0.0
1_0102,37,0,0,True,135513,0.0
1_0103,37,0,0,True,135513,0.0
1_0104,37,0,0,True,135513,0.0
1_0105,37,0,0,True,135513,0.0
1_0106,37,0,0,True,135513,0.0
1_0107,37,0,0,True,135513,0.0
1_0108,37,0,0,True,135513,0.0
1_0109,37,0,0,True,135513,0.0
1_0110,37,0,0,True,135513,0.0
1_0111,37,0,0,True,135513,0.0
1_0112,37,0,0,True,135513,0.0
1_0161,37,0,0,True,135513,0.0
1_0162,37,0,0,True,135513,0.0
1_0163,37,0,0,True,135513,0.0
1_0502,37,0,0,True,133784,0.0
1_0503,37,0,0,True,133784,0.0
1_0504,37,0,0,True,133784,0.0
1_0505,37,0,0,True,133784,0.0
1_0506,37,0,0,True,133784,0.0
1_0507,37,0,0,True,133784,0.0
1_0508,37,0,0,True,133784,0.0
1_0509,37,0,0,True,133784,0.0
1_0563,37,0,0,True,133784,0.0
1_0564,37,0,0,True,133784,0.0
1_0601,37,0,0,True,137239,0.0
1_0602,37,0,0,True,137239,0.0
1_0603,37,0,0,True,137239,0.0
1_0604,37,0,0,True,137239,0.0
1_0605,37,0,0,True,137239,0.0
1_0606,37,0,0,True,137239,0.0
1_0607,37,0,0,True,137239,0.0
1_0608,37,0,0,True,137239,0.0
1_0661,37,0,0,True,137239,0.0
1_0662,37,0,0,True,137239,0.0
1_0663,37,0,0,True,137239,0.0
1_1001,37,0,0,True,135513,0.0
1_1011,37,0,0,True,138388,0.0
1_1019,37,0,0,True,134356,0.0
1_1021,37,0,0,True,135511,0.0
1_3028,37,0,0,True,136662,0.0
1_3998,37,0,0,True,135508,0.0
1_4007,37,0,0,True,136662,0.0
1_4073,37,0,0,True,138392,0.0
1_4084,37,0,0,True,136662,0.0
1_4125,37,0,0,True,135511,0.0
1_4126,37,0,0,True,137238,0.0
1_4127,37,0,0,True,138389,0.0
1_4129,37,0,0,True,136087,0.0
1_4155,37,0,0,True,133784,0.0
1_5008,37,0,0,True,136664,0.0
1_6012,37,0,0,True,136085,0.0
1_6019,37,0,0,True,133781,0.0
1_A310,37,0,0,True,135511,0.0
1_A320,37,0,0,True,135511,0.0
1_A330,37,0,0,True,135511,0.0
1_A340,37,0,0,True,135511,0.0
1_A350,37,0,0,True,135511,0.0
1_B310,37,0,0,True,134356,0.0
1_B320,37,0,0,True,134356,0.0
1_B330,37,0,0,True,134356,0.0
1_B340,37,0,0,True,134356,0.0
1_B350,37,0,0,True,134356,0.0
1_C310,37,0,0,True,133784,0.0
1_C320,37,0,0,True,133784,0.0
1_C330,37,0,0,True,133784,0.0
1_C340,37,0,0,True,133784,0.0
1_C350,37,0,0,True,133784,0.0
20_0101,37,0,0,True,141250,0.0
20_0102,37,0,0,True,141250,0.0
20_0103,37,0,0,True,141250,0.0
20_0104,37,0,0,True,141250,0.0
20_0105,37,0,0,True,141250,0.0
20_0106,37,0,0,True,141250,0.0
20_0107,37,0,0,True,141250,0.0
20_0108,37,0,0,True,141250,0.0
20_0109,37,0,0,True,141250,0.0
20_0110,37,0,0,True,141250,0.0
20_0111,37,0,0,True,141250,0.0
20_0112,37,0,0,True,141250,0.0
20_0159,37,0,0,True,141250,0.0
20_0160,37,0,0,True,141250,0.0
20_0161,37,0,0,True,141250,0.0
20_0162,37,0,0,True,141250,0.0
20_0163,37,0,0,True,141250,0.0
20_0164,37,0,0,True,141250,0.0
20_0201,37,0,0,True,142982,0.0
20_0202,37,0,0,True,142982,0.0
20_0203,37,0,0,True,142982,0.0
20_0204,37,0,0,True,142982,0.0
20_0205,37,0,0,True,142982,0.0
20_0206,37,0,0,True,142982,0.0
20_0207,37,0,0,True,142982,0.0
20_0208,37,0,0,True,142982,0.0
20_0209,37,0,0,True,142982,0.0
20_0210,37,0,0,True,142982,0.0
20_0211,37,0,0,True,142982,0.0
20_0212,37,0,0,True,142982,0.0
20_0259,37,0,0,True,142982,0.0
20_0901,37,0,0,True,141250,0.0
20_0902,37,0,0,True,141250,0.0
20_0903,37,0,0,True,141250,0.0
20_1005,37,0,0,True,142409,0.0
20_1006,37,0,0,True,140680,0.0
20_1009,37,0,0,True,141827,0.0
20_1010,37,0,0,True,141249,0.0
20_3013,37,0,0,True,142985,0.0
20_3015,37,0,0,True,141824,0.0
20_3060,37,0,0,True,142985,0.0
20_4016,37,0,0,True,142984,0.0
20_4052,37,0,0,True,143561,0.0
20_4053,37,0,0,True,142985,0.0
20_4054,37,0,0,True,142982,0.0
20_4063,37,0,0,True,142985,0.0
20_4067,37,0,0,True,141829,0.0
20_6026,37,0,0,True,141828,0.0
20_7073,37,0,0,True,142981,0.0
20_7085,37,0,0,True,144134,0.0
20_9037,37,0,0,True,142984,0.0
20_A310,37,0,0,True,142409,0.0
20_A320,37,0,0,True,142409,0.0
20_A330,37,0,0,True,142409,0.0
20_A340,37,0,0,True,142409,0.0
20_A350,37,0,0,True,142409,0.0
20_A410,37,0,0,True,142982,0.0
20_A411,37,0,0,True,142982,0.0
20_A412,37,0,0,True,142982,0.0
20_A430,37,0,0,True,142982,0.0
20_B310,37,0,0,True,141249,0.0
20_B320,37,0,0,True,141249,0.0
20_B330,37,0,0,True,141249,0.0
20_B340,37,0,0,True,141249,0.0
20_B350,37,0,0,True,141249,0.0
20_B410,37,0,0,True,142984,0.0
20_B430,37,0,0,True,142984,0.0
21_1010,37,0,0,True,141275,0.0
21_1014,37,0,0,True,141277,0.0
21_1034,37,0,0,True,140695,0.0
21_3016,37,0,0,True,141848,0.0
21_4025,37,0,0,True,141850,0.0
21_6040,37,0,0,True,141850,0.0
21_6043,37,0,0,True,140699,0.0
21_A310,37,0,0,True,141275,0.0
21_A320,37,0,0,True,141275,0.0
21_A330,37,0,0,True,141275,0.0
21_A340,37,0,0,True,141275,0.0
21_A350,37,0,0,True,141275,0.0
21_A410,37,0,0,True,141848,0.0
21_A430,37,0,0,True,141848,0.0
21_B310,37,0,0,True,140695,0.0
21_B320,37,0,0,True,140695,0.0
21_B330,37,0,0,True,140695,0.0
21_B340,37,0,0,True,140695,0.0
21_B350,37,0,0,True,140695,0.0
22_0113,37,0,0,True,133196,0.0
22_0114,37,0,0,True,133196,0.0
22_0115,37,0,0,True,133196,0.0
22_0116,37,0,0,True,133196,0.0
22_0117,37,0,0,True,133196,0.0
22_0118,37,0,0,True,133196,0.0
22_0119,37,0,0,True,133196,0.0
22_0120,37,0,0,True,133196,0.0
22_0121,37,0,0,True,133196,0.0
22_0122,37,0,0,True,133196,0.0
22_0123,37,0,0,True,133196,0.0
22_0124,37,0,0,True,133196,0.0
22_0702,37,0,0,True,132624,0.0
22_0703,37,0,0,True,132624,0.0
22_0704,37,0,0,True,132624,0.0
22_0705,37,0,0,True,132624,0.0
22_0706,37,0,0,True,132624,0.0
22_0707,37,0,0,True,132624,0.0
22_0708,37,0,0,True,132624,0.0
22_0709,37,0,0,True,132624,0.0
22_3056,37,0,0,True,133773,0.0
22_4001,37,0,0,True,133200,0.0
23_0501,37,0,0,True,149939,0.0
23_0502,37,0,0,True,149939,0.0
23_0503,37,0,0,True,149939,0.0
23_0504,37,0,0,True,149939,0.0
23_0505,37,0,0,True,149939,0.0
23_0506,37,0,0,True,149939,0.0
23_0507,37,0,0,True,149939,0.0
23_0508,37,0,0,True,149939,0.0
23_0509,37,0,0,True,149939,0.0
23_0559,37,0,0,True,149939,0.0
23_1001,37,0,0,True,149939,0.0
23_1009,37,0,0,True,148786,0.0
23_1012,37,0,0,True,148785,0.0
23_1026,37,0,0,True,149361,0.0
23_1028,37,0,0,True,149360,0.0
23_3013,37,0,0,True,148785,0.0
23_3014,37,0,0,True,148785,0.0
23_7023,37,0,0,True,148785,0.0
24_0501,37,0,0,True,143589,0.0
24_0502,37,0,0,True,143589,0.0
24_0503,37,0,0,True,143589,0.0
24_0504,37,0,0,True,143589,0.0
24_0505,37,0,0,True,143589,0.0
24_0506,37,0,0,True,143589,0.0
24_0507,37,0,0,True,143589,0.0
24_0508,37,0,0,True,143589,0.0
24_0509,37,0,0,True,143589,0.0
24_0559,37,0,0,True,143589,0.0
24_0560,37,0,0,True,143589,0.0
24_0561,37,0,0,True,143589,0.0
24_0562,37,0,0,True,143589,0.0
24_0563,37,0,0,True,143589,0.0
24_0901,37,0,0,True,143589,0.0
24_0902,37,0,0,True,143589,0.0
24_0903,37,0,0,True,143589,0.0
24_0960,37,0,0,True,143589,0.0
24_0961,37,0,0,True,143589,0.0
24_0962,37,0,0,True,143589,0.0
24_1632,37,0,0,True,142439,0.0
24_1634,37,0,0,True,142441,0.0
24_2401,37,0,0,True,143591,0.0
24_2805,37,0,0,True,143589,0.0
24_5807,37,0,0,True,143014,0.0
24_A310,37,0,0,True,142441,0.0
24_A311,37,0,0,True,142441,0.0
24_A320,37,0,0,True,142441,0.0
24_A330,37,0,0,True,142441,0.0
24_A331,37,0,0,True,142441,0.0
24_A340,37,0,0,True,142441,0.0
24_A350,37,0,0,True,142441,0.0
25_1002,37,0,0,True,146477,0.0
25_1003,37,0,0,True,146479,0.0
25_1004,37,0,0,True,145904,0.0
26_0113,37,0,0,True,147610,0.0
26_0114,37,0,0,True,147610,0.0
26_0115,37,0,0,True,147610,0.0
26_0116,37,0,0,True,147610,0.0
26_0117,37,0,0,True,147610,0.0
26_0118,37,0,0,True,147610,0.0
26_0119,37,0,0,True,147610,0.0
26_0120,37,0,0,True,147610,0.0
26_0121,37,0,0,True,147610,0.0
26_0122,37,0,0,True,147610,0.0
26_0123,37,0,0,True,147610,0.0
26_0124,37,0,0,True,147610,0.0
26_0159,37,0,0,True,147610,0.0
26_0213,37,0,0,True,146459,0.0
26_0214,37,0,0,True,146459,0.0
26_0215,37,0,0,True,146459,0.0
26_0216,37,0,0,True,146459,0.0
26_0217,37,0,0,True,146459,0.0
26_0218,37,0,0,True,146459,0.0
26_0219,37,0,0,True,146459,0.0
26_0220,37,0,0,True,146459,0.0
26_0221,37,0,0,True,146459,0.0
26_0222,37,0,0,True,146459,0.0
26_0223,37,0,0,True,146459,0.0
26_0224,37,0,0,True,146459,0.0
26_0259,37,0,0,True,146459,0.0
26_0601,37,0,0,True,148187,0.0
26_0602,37,0,0,True,148187,0.0
26_0603,37,0,0,True,148187,0.0
26_0604,37,0,0,True,148187,0.0
26_0605,37,0,0,True,148187,0.0
26_0606,37,0,0,True,148187,0.0
26_0607,37,0,0,True,148187,0.0
26_0608,37,0,0,True,148187,0.0
26_0659,37,0,0,True,148187,0.0
26_0901,37,0,0,True,147608,0.0
26_0902,37,0,0,True,147608,0.0
26_0903,37,0,0,True,147608,0.0
26_1001,37,0,0,True,148761,0.0
26_1004,37,0,0,True,152211,0.0
26_1010,37,0,0,True,147611,0.0
26_1012,37,0,0,True,148184,0.0
26_1013,37,0,0,True,148184,0.0
26_3068,37,0,0,True,148761,0.0
26_3069,37,0,0,True,148761,0.0
26_4015,37,0,0,True,147613,0.0
26_5363,37,0,0,True,146460,0.0
26_6016,37,0,0,True,149338,0.0
26_7072,37,0,0,True,147611,0.0
26_9029,37,0,0,True,147609,0.0
26_9030,37,0,0,True,146459,0.0
26_A310,37,0,0,True,148184,0.0
26_A320,37,0,0,True,148184,0.0
26_A321,37,0,0,True,148184,0.0
26_A330,37,0,0,True,148184,0.0
26_A340,37,0,0,True,148184,0.0
26_A350,37,0,0,True,148184,0.0
26_B310,37,0,0,True,148184,0.0
26_B320,37,0,0,True,148184,0.0
26_B321,37,0,0,True,148184,0.0
26_B330,37,0,0,True,148184,0.0
26_B340,37,0,0,True,148184,0.0
26_B350,37,0,0,True,148184,0.0
26_C310,37,0,0,True,148761,0.0
26_C320,37,0,0,True,148761,0.0
26_C330,37,0,0,True,148761,0.0
26_C340,37,0,0,True,148761,0.0
26_C350,37,0,0,True,148761,0.0
26_C351,37,0,0,True,148761,0.0
26_D310,37,0,0,True,147611,0.0
26_D320,37,0,0,True,147611,0.0
26_D330,37,0,0,True,147611,0.0
26_D340,37,0,0,True,147611,0.0
26_D350,37,0,0,True,147611,0.0
26_D351,37,0,0,True,147611,0.0
27_0501,37,0,0,True,152777,0.0
27_0502,37,0,0,True,152777,0.0
27_0503,37,0,0,True,152777,0.0
27_0504,37,0,0,True,152777,0.0
27_0505,37,0,0,True,152777,0.0
27_0506,37,0,0,True,152777,0.0
27_0507,37,0,0,True,152777,0.0
27_0508,37,0,0,True,152777,0.0
27_0509,37,0,0,True,152777,0.0
27_0559,37,0,0,True,152777,0.0
27_0560,37,0,0,True,152777,0.0
27_0561,37,0,0,True,152777,0.0
27_0701,37,0,0,True,152198,0.0
27_0702,37,0,0,True,151623,0.0
27_0703,37,0,0,True,151623,0.0
27_0704,37,0,0,True,151623,0.0
27_0705,37,0,0,True,151623,0.0
27_0706,37,0,0,True,151623,0.0
27_0707,37,0,0,True,151623,0.0
27_0708,37,0,0,True,151623,0.0
27_0709,37,0,0,True,151623,0.0
27_0759,37,0,0,True,151623,0.0
27_0901,37,0,0,True,149323,0.0
27_0902,37,0,0,True,149323,0.0
27_0903,37,0,0,True,149323,0.0
27_0909,37,0,0,True,149323,0.0
27_0910,37,0,0,True,149323,0.0
27_1003,37,0,0,True,150475,0.0
27_1004,37,0,0,True,150475,0.0
27_1016,37,0,0,True,152777,0.0
27_1017,37,0,0,True,150475,0.0
27_1018,37,0,0,True,151050,0.0
27_1019,37,0,0,True,150475,0.0
27_1020,37,0,0,True,150475,0.0
27_1023,37,0,0,True,152777,0.0
27_1028,37,0,0,True,151624,0.0
27_1029,37,0,0,True,150476,0.0
27_1085,37,0,0,True,148173,0.0
27_1087,37,0,0,True,149900,0.0
27_2018,37,0,0,True,150475,0.0
27_2023,37,0,0,True,150475,0.0
27_3003,37,0,0,True,149322,0.0
27_3005,37,0,0,True,150475,0.0
27_3007,37,0,0,True,150475,0.0
27_3009,37,0,0,True,150475,0.0
27_3010,37,0,0,True,150475,0.0
27_3012,37,0,0,True,150475,0.0
27_3013,37,0,0,True,149900,0.0
27_4033,37,0,0,True,149900,0.0
27_4034,37,0,0,True,149900,0.0
27_4037,37,0,0,True,149900,0.0
27_4040,37,0,0,True,152779,0.0
27_4050,37,0,0,True,152775,0.0
27_4054,37,0,0,True,148751,0.0
27_4055,37,0,0,True,150474,0.0
27_4082,37,0,0,True,148746,0.0
27_5076,37,0,0,True,149900,0.0
27_6064,37,0,0,True,150474,0.0
27_6251,37,0,0,True,152777,0.0
27_6300,37,0,0,True,148168,0.0
27_7090,37,0,0,True,149323,0.0
27_9075,37,0,0,True,149897,0.0
27_A310,37,0,0,True,152777,0.0
27_A320,37,0,0,True,152777,0.0
27_A330,37,0,0,True,152777,0.0
27_A340,37,0,0,True,152777,0.0
27_A350,37,0,0,True,152777,0.0
27_B310,37,0,0,True,152777,0.0
27_B320,37,0,0,True,152777,0.0
27_B330,37,0,0,True,152777,0.0
27_B340,37,0,0,True,152777,0.0
27_B350,37,0,0,True,152777,0.0
27_C310,37,0,0,True,151624,0.0
27_C320,37,0,0,True,151624,0.0
27_C330,37,0,0,True,151624,0.0
27_C340,37,0,0,True,151624,0.0
27_C350,37,0,0,True,151624,0.0
27_D310,37,0,0,True,150475,0.0
27_D320,37,0,0,True,150475,0.0
27_D330,37,0,0,True,150475,0.0
27_D340,37,0,0,True,150475,0.0
27_D350,37,0,0,True,150475,0.0
28_0501,37,0,0,True,136081,0.0
28_0502,37,0,0,True,136081,0.0
28_0503,37,0,0,True,136081,0.0
28_0504,37,0,0,True,136081,0.0
28_0505,37,0,0,True,136081,0.0
28_0506,37,0,0,True,136081,0.0
28_0507,37,0,0,True,136081,0.0
28_0508,37,0,0,True,136081,0.0
28_0509,37,0,0,True,136081,0.0
28_0560,37,0,0,True,136081,0.0
28_0805,37,0,0,True,137809,0.0
28_0806,37,0,0,True,137809,0.0
28_0902,37,0,0,True,137809,0.0
28_0903,37,0,0,True,137809,0.0
28_0959,37,0,0,True,137809,0.0
28_1001,37,0,0,True,137235,0.0
28_1016,37,0,0,True,136082,0.0
28_1802,37,0,0,True,134354,0.0
28_2807,37,0,0,True,137810,0.0
28_3018,37,0,0,True,138388,0.0
28_3019,37,0,0,True,138388,0.0
28_3081,37,0,0,True,137235,0.0
28_3082,37,0,0,True,136657,0.0
28_3083,37,0,0,True,137810,0.0
28_3085,37,0,0,True,137810,0.0
28_3087,37,0,0,True,137810,0.0
28_3089,37,0,0,True,137809,0.0
28_3090,37,0,0,True,137809,0.0
28_3091,37,0,0,True,135507,0.0
28_3093,37,0,0,True,133203,0.0
28_3094,37,0,0,True,133203,0.0
28_3097,37,0,0,True,138385,0.0
28_3099,37,0,0,True,135506,0.0
28_4024,37,0,0,True,136655,0.0
28_5006,37,0,0,True,137811,0.0
28_5025,37,0,0,True,134352,0.0
28_5803,37,0,0,True,137810,0.0
28_5805,37,0,0,True,133202,0.0
28_7012,37,0,0,True,135504,0.0
28_9030,37,0,0,True,135504,0.0
28_A310,37,0,0,True,134354,0.0
28_A320,37,0,0,True,134354,0.0
28_A330,37,0,0,True,134354,0.0
28_A350,37,0,0,True,134354,0.0
28_A410,37,0,0,True,136655,0.0
28_A430,37,0,0,True,136655,0.0
29_0501,37,0,0,True,140108,0.0
29_0502,37,0,0,True,140108,0.0
29_0503,37,0,0,True,140108,0.0
29_0504,37,0,0,True,140108,0.0
29_0505,37,0,0,True,140108,0.0
29_0506,37,0,0,True,140108,0.0
29_0507,37,0,0,True,140108,0.0
29_0508,37,0,0,True,140108,0.0
29_0509,37,0,0,True,140108,0.0
29_0601,37,0,0,True,144139,0.0
29_0602,37,0,0,True,144139,0.0
29_0603,37,0,0,True,144139,0.0
29_0604,37,0,0,True,144139,0.0
29_0605,37,0,0,True,144139,0.0
29_0606,37,0,0,True,144139,0.0
29_0607,37,0,0,True,144139,0.0
29_0608,37,0,0,True,144139,0.0
29_0659,37,0,0,True,144139,0.0
29_0660,37,0,0,True,144139,0.0
29_0661,37,0,0,True,144139,0.0
29_0662,37,0,0,True,144139,0.0
29_0663,37,0,0,True,144139,0.0
29_0664,37,0,0,True,144139,0.0
29_0665,37,0,0,True,144139,0.0
29_0666,37,0,0,True,144139,0.0
29_0701,37,0,0,True,141840,0.0
29_0702,37,0,0,True,141840,0.0
29_0703,37,0,0,True,141840,0.0
29_0704,37,0,0,True,141840,0.0
29_0705,37,0,0,True,141840,0.0
29_0706,37,0,0,True,141840,0.0
29_0707,37,0,0,True,141840,0.0
29_0708,37,0,0,True,141840,0.0
29_0709,37,0,0,True,141840,0.0
29_0759,37,0,0,True,141840,0.0
29_0760,37,0,0,True,141840,0.0
29_0801,37,0,0,True,140684,0.0
29_0802,37,0,0,True,140684,0.0
29_0807,37,0,0,True,140684,0.0
29_0808,37,0,0,True,140684,0.0
29_0901,37,0,0,True,142988,0.0
29_0902,37,0,0,True,142988,0.0
29_0903,37,0,0,True,142988,0.0
29_0959,37,0,0,True,142988,0.0
29_0960,37,0,0,True,142988,0.0
29_0961,37,0,0,True,142988,0.0
29_0962,37,0,0,True,142988,0.0
29_0963,37,0,0,True,142988,0.0
29_0964,37,0,0,True,142988,0.0
29_1002,37,0,0,True,142413,0.0
29_1005,37,0,0,True,141837,0.0
29_1008,37,0,0,True,140682,0.0
29_1010,37,0,0,True,141837,0.0
29_4036,37,0,0,True,143562,0.0
29_4069,37,0,0,True,142986,0.0
29_5000,37,0,0,True,144138,0.0
29_5047,37,0,0,True,142416,0.0
29_5058,37,0,0,True,144138,0.0
29_5081,37,0,0,True,144138,0.0
29_5091,37,0,0,True,144138,0.0
29_5393,37,0,0,True,142992,0.0
29_5403,37,0,0,True,139537,0.0
29_5413,37,0,0,True,139537,0.0
29_5473,37,0,0,True,142989,0.0
29_5483,37,0,0,True,142986,0.0
29_5503,37,0,0,True,141258,0.0
29_6067,37,0,0,True,140688,0.0
29_7054,37,0,0,True,140682,0.0
29_7073,37,0,0,True,144139,0.0
29_A310,37,0,0,True,141837,0.0
29_A320,37,0,0,True,141837,0.0
29_A330,37,0,0,True,141837,0.0
29_A340,37,0,0,True,141837,0.0
29_A350,37,0,0,True,141837,0.0
29_A351,37,0,0,True,141837,0.0
29_A410,37,0,0,True,144138,0.0
29_A411,37,0,0,True,144138,0.0
29_A430,37,0,0,True,144138,0.0
29_A601,37,0,0,True,141840,0.0
29_A602,37,0,0,True,141840,0.0
29_A603,37,0,0,True,141840,0.0
29_A604,37,0,0,True,141840,0.0
29_A605,37,0,0,True,141840,0.0
29_A606,37,0,0,True,141840,0.0
29_A607,37,0,0,True,141840,0.0
29_A608,37,0,0,True,141840,0.0
29_A801,37,0,0,True,143567,0.0
29_A802,37,0,0,True,143567,0.0
29_A807,37,0,0,True,143567,0.0
29_A808,37,0,0,True,143567,0.0
29_AA01,37,0,0,True,142413,0.0
29_AA02,37,0,0,True,142413,0.0
29_AA03,37,0,0,True,142413,0.0
29_AA61,37,0,0,True,142413,0.0
29_AA62,37,0,0,True,142413,0.0
29_AA63,37,0,0,True,142413,0.0
29_AA64,37,0,0,True,142413,0.0
29_AA65,37,0,0,True,141837,0.0
29_AA66,37,0,0,True,141837,0.0
29_AA67,37,0,0,True,141837,0.0
29_B310,37,0,0,True,142413,0.0
29_B320,37,0,0,True,142413,0.0
29_B330,37,0,0,True,142413,0.0
29_B340,37,0,0,True,142413,0.0
29_B350,37,0,0,True,142413,0.0
29_B351,37,0,0,True,142413,0.0
29_B410,37,0,0,True,141258,0.0
29_B411,37,0,0,True,141258,0.0
29_B430,37,0,0,True,141258,0.0
30_0113,37,0,0,True,152751,0.0
30_0114,37,0,0,True,152751,0.0
30_0115,37,0,0,True,152751,0.0
30_0116,37,0,0,True,152751,0.0
30_0117,37,0,0,True,152751,0.0
30_0118,37,0,0,True,152751,0.0
30_0119,37,0,0,True,152751,0.0
30_0120,37,0,0,True,152751,0.0
30_0121,37,0,0,True,152751,0.0
30_0122,37,0,0,True,152751,0.0
30_0123,37,0,0,True,152751,0.0
30_0124,37,0,0,True,152751,0.0
30_0502,37,0,0,True,151025,0.0
30_0503,37,0,0,True,151025,0.0
30_0504,37,0,0,True,151025,0.0
30_0505,37,0,0,True,151025,0.0
30_0506,37,0,0,True,151025,0.0
30_0507,37,0,0,True,151025,0.0
30_0508,37,0,0,True,151025,0.0
30_0509,37,0,0,True,151025,0.0
30_0560,37,0,0,True,151025,0.0
30_0561,37,0,0,True,151025,0.0
30_0805,37,0,0,True,151020,0.0
30_0806,37,0,0,True,151020,0.0
30_0901,37,0,0,True,152751,0.0
30_0902,37,0,0,True,152751,0.0
30_0903,37,0,0,True,152751,0.0
30_1001,37,0,0,True,152176,0.0
30_6004,37,0,0,True,151609,0.0
30_7066,37,0,0,True,151025,0.0
30_7075,37,0,0,True,150451,0.0
30_7076,37,0,0,True,149877,0.0
30_7088,37,0,0,True,151025,0.0
30_8129,37,0,0,True,151602,0.0
30_A310,37,0,0,True,152176,0.0
30_A320,37,0,0,True,152176,0.0
30_A330,37,0,0,True,152176,0.0
30_A350,37,0,0,True,152176,0.0
31_0113,37,0,0,True,144133,0.0
31_0114,37,0,0,True,144133,0.0
31_0115,37,0,0,True,144133,0.0
31_0116,37,0,0,True,144133,0.0
31_0117,37,0,0,True,144133,0.0
31_0118,37,0,0,True,144133,0.0
31_0119,37,0,0,True,144133,0.0
31_0120,37,0,0,True,144133,0.0
31_0121,37,0,0,True,144133,0.0
31_0122,37,0,0,True,144133,0.0
31_0123,37,0,0,True,144133,0.0
31_0124,37,0,0,True,144133,0.0
31_0902,37,0,0,True,144133,0.0
31_0903,37,0,0,True,144133,0.0
31_0904,37,0,0,True,144133,0.0
31_1030,37,0,0,True,144705,0.0
31_3018,37,0,0,True,144707,0.0
31_3023,37,0,0,True,145284,0.0
31_3024,37,0,0,True,145284,0.0
31_3028,37,0,0,True,144710,0.0
31_3033,37,0,0,True,146437,0.0
31_4019,37,0,0,True,147015,0.0
31_5052,37,0,0,True,145863,0.0
31_6700,37,0,0,True,144706,0.0
31_6701,37,0,0,True,145284,0.0
31_6702,37,0,0,True,145276,0.0
31_7005,37,0,0,True,145287,0.0
31_7017,37,0,0,True,147014,0.0
31_7040,37,0,0,True,145863,0.0
31_7050,37,0,0,True,145286,0.0
31_A310,37,0,0,True,144705,0.0
31_A320,37,0,0,True,144705,0.0
31_A330,37,0,0,True,144705,0.0
31_A340,37,0,0,True,144705,0.0
31_A350,37,0,0,True,144705,0.0
31_A351,37,0,0,True,144705,0.0
31_A352,37,0,0,True,144705,0.0
31_A353,37,0,0,True,144705,0.0
31_A410,37,0,0,True,144710,0.0
31_A430,37,0,0,True,144710,0.0
31_B410,37,0,0,True,145284,0.0
31_B430,37,0,0,True,145284,0.0
31_C410,37,0,0,True,147015,0.0
31_C430,37,0,0,True,147015,0.0
32_0101,37,0,0,True,144678,0.0
32_0102,37,0,0,True,144678,0.0
32_0103,37,0,0,True,144678,0.0
32_0104,37,0,0,True,144678,0.0
32_0105,37,0,0,True,144678,0.0
32_0106,37,0,0,True,144678,0.0
32_0107,37,0,0,True,144678,0.0
32_0108,37,0,0,True,144678,0.0
32_0109,37,0,0,True,144678,0.0
32_0110,37,0,0,True,144678,0.0
32_0111,37,0,0,True,144678,0.0
32_0112,37,0,0,True,144678,0.0
32_0201,37,0,0,True,144678,0.0
32_0202,37,0,0,True,144678,0.0
32_0203,37,0,0,True,144678,0.0
32_0204,37,0,0,True,144678,0.0
32_0205,37,0,0,True,144678,0.0
32_0206,37,0,0,True,144678,0.0
32_0207,37,0,0,True,144678,0.0
32_0208,37,0,0,True,144678,0.0
32_0209,37,0,0,True,144678,0.0
32_0210,37,0,0,True,144678,0.0
32_0211,37,0,0,True,144678,0.0
32_0259,37,0,0,True,144678,0.0
32_1020,37,0,0,True,142371,0.0
32_1021,37,0,0,True,143521,0.0
32_1030,37,0,0,True,139497,0.0
32_2027,37,0,0,True,145258,0.0
32_3010,37,0,0,True,145257,0.0
32_3013,37,0,0,True,145258,0.0
32_7000,37,0,0,True,145258,0.0
32_7084,37,0,0,True,139497,0.0
32_A310,37,0,0,True,143521,0.0
32_A320,37,0,0,True,143521,0.0
32_A330,37,0,0,True,143521,0.0
32_A350,37,0,0,True,143521,0.0
32_A351,37,0,0,True,143521,0.0
32_A352,37,0,0,True,143521,0.0
32_A410,37,0,0,True,145257,0.0
32_A420,37,0,0,True,145257,0.0
32_A430,37,0,0,True,145257,0.0
32_A451,37,0,0,True,145257,0.0
32_A452,37,0,0,True,145257,0.0
32_A453,37,0,0,True,145257,0.0
32_A454,37,0,0,True,145257,0.0
32_A455,37,0,0,True,145257,0.0
32_A456,37,0,0,True,145257,0.0
32_A457,37,0,0,True,145257,0.0
32_A458,37,0,0,True,145257,0.0
32_A459,37,0,0,True,145257,0.0
32_A460,37,0,0,True,145257,0.0
32_A461,37,0,0,True,145257,0.0
32_A462,37,0,0,True,145257,0.0
32_A463,37,0,0,True,145257,0.0
32_A464,37,0,0,True,145257,0.0
32_AA01,37,0,0,True,143521,0.0
32_AA02,37,0,0,True,143521,0.0
32_AA03,37,0,0,True,143521,0.0
32_AA59,37,0,0,True,143521,0.0
32_AA60,37,0,0,True,142945,0.0
32_AA61,37,0,0,True,142945,0.0
32_AA62,37,0,0,True,142945,0.0
32_B310,37,0,0,True,145258,0.0
32_B320,37,0,0,True,145258,0.0
32_B330,37,0,0,True,145258,0.0
32_B340,37,0,0,True,145258,0.0
32_B350,37,0,0,True,145258,0.0
32_C310,37,0,0,True,145258,0.0
32_C320,37,0,0,True,145258,0.0
32_C330,37,0,0,True,145258,0.0
32_C350,37,0,0,True,145258,0.0
33_1001,37,0,0,True,147631,0.0
34_0501,37,0,0,True,144170,0.0
34_0502,37,0,0,True,144170,0.0
34_0503,37,0,0,True,144170,0.0
34_0504,37,0,0,True,144170,0.0
34_0505,37,0,0,True,144170,0.0
34_0506,37,0,0,True,144170,0.0
34_0507,37,0,0,True,144170,0.0
34_0508,37,0,0,True,144170,0.0
34_0509,37,0,0,True,144170,0.0
34_0559,37,0,0,True,144170,0.0
34_0560,37,0,0,True,144170,0.0
34_0801,37,0,0,True,144746,0.0
34_0802,37,0,0,True,144746,0.0
34_0859,37,0,0,True,144746,0.0
34_0860,37,0,0,True,144746,0.0
34_0901,37,0,0,True,144170,0.0
34_0902,37,0,0,True,144170,0.0
34_0903,37,0,0,True,144170,0.0
34_0960,37,0,0,True,144170,0.0
34_0961,37,0,0,True,144170,0.0
34_0962,37,0,0,True,144170,0.0
34_1003,37,0,0,True,145322,0.0
34_1011,37,0,0,True,144170,0.0
34_1030,37,0,0,True,145322,0.0
34_1031,37,0,0,True,143593,0.0
34_1033,37,0,0,True,144745,0.0
34_1034,37,0,0,True,144169,0.0
34_1638,37,0,0,True,144169,0.0
34_4042,37,0,0,True,144169,0.0
34_6057,37,0,0,True,144745,0.0
35_0101,37,0,0,True,135478,0.0
35_0102,37,0,0,True,135478,0.0
35_0103,37,0,0,True,135478,0.0
35_0104,37,0,0,True,135478,0.0
35_0105,37,0,0,True,135478,0.0
35_0106,37,0,0,True,135478,0.0
35_0107,37,0,0,True,135478,0.0
35_0108,37,0,0,True,135478,0.0
35_0109,37,0,0,True,135478,0.0
35_0110,37,0,0,True,135478,0.0
35_0111,37,0,0,True,135478,0.0
35_0112,37,0,0,True,135478,0.0
35_0501,37,0,0,True,134900,0.0
35_0502,37,0,0,True,134900,0.0
35_0503,37,0,0,True,134900,0.0
35_0504,37,0,0,True,134900,0.0
35_0505,37,0,0,True,134900,0.0
35_0506,37,0,0,True,134900,0.0
35_0507,37,0,0,True,134900,0.0
35_0508,37,0,0,True,134900,0.0
35_0509,37,0,0,True,134900,0.0
35_0801,37,0,0,True,134900,0.0
35_0802,37,0,0,True,134900,0.0
35_0901,37,0,0,True,134900,0.0
35_0902,37,0,0,True,134900,0.0
35_0903,37,0,0,True,134900,0.0
35_0959,37,0,0,True,134900,0.0
35_1002,37,0,0,True,136633,0.0
35_1003,37,0,0,True,136633,0.0
35_1005,37,0,0,True,138935,0.0
35_1022,37,0,0,True,140084,0.0
35_1112,37,0,0,True,135483,0.0
35_2006,37,0,0,True,139509,0.0
35_2007,37,0,0,True,139509,0.0
35_2118,37,0,0,True,138363,0.0
35_3010,37,0,0,True,135483,0.0
35_6033,37,0,0,True,137206,0.0
35_6035,37,0,0,True,138357,0.0
35_6401,37,0,0,True,138357,0.0
35_AA01,37,0,0,True,138361,0.0
35_AA02,37,0,0,True,138361,0.0
35_AA03,37,0,0,True,138361,0.0
35_AA61,37,0,0,True,138361,0.0
35_AA62,37,0,0,True,138361,0.0
36_0801,37,0,0,True,148196,0.0
36_0802,37,0,0,True,148196,0.0
36_0859,37,0,0,True,148196,0.0
36_1008,37,0,0,True,147624,0.0
36_1011,37,0,0,True,147623,0.0
36_1643,37,0,0,True,148203,0.0
36_1644,37,0,0,True,149353,0.0
36_4017,37,0,0,True,147045,0.0
36_4018,37,0,0,True,147049,0.0
36_A310,37,0,0,True,148203,0.0
36_A320,37,0,0,True,148203,0.0
36_A321,37,0,0,True,148203,0.0
36_A330,37,0,0,True,148203,0.0
36_A331,37,0,0,True,148203,0.0
36_A340,37,0,0,True,148203,0.0
36_A350,37,0,0,True,148203,0.0
36_B310,37,0,0,True,149353,0.0
36_B320,37,0,0,True,149353,0.0
36_B330,37,0,0,True,149353,0.0
36_B331,37,0,0,True,149353,0.0
36_B340,37,0,0,True,149353,0.0
36_B350,37,0,0,True,149353,0.0
36_B351,37,0,0,True,149353,0.0
36_B352,37,0,0,True,148777,0.0
36_B353,37,0,0,True,148777,0.0
36_B354,37,0,0,True,148777,0.0
37_0201,37,0,0,True,139553,0.0
37_0202,37,0,0,True,139553,0.0
37_0203,37,0,0,True,139553,0.0
37_0204,37,0,0,True,139553,0.0
37_0205,37,0,0,True,139553,0.0
37_0206,37,0,0,True,139553,0.0
37_0207,37,0,0,True,139553,0.0
37_0208,37,0,0,True,139553,0.0
37_0209,37,0,0,True,139553,0.0
37_0210,37,0,0,True,139553,0.0
37_0211,37,0,0,True,139553,0.0
37_0212,37,0,0,True,139553,0.0
37_0259,37,0,0,True,139553,0.0
37_0260,37,0,0,True,139553,0.0
37_0801,37,0,0,True,138405,0.0
37_0802,37,0,0,True,138405,0.0
37_0859,37,0,0,True,138405,0.0
37_0901,37,0,0,True,138978,0.0
37_0902,37,0,0,True,138978,0.0
37_0903,37,0,0,True,138978,0.0
37_1006,37,0,0,True,139555,0.0
37_1024,37,0,0,True,138972,0.0
37_1028,37,0,0,True,140135,0.0
37_1030,37,0,0,True,140135,0.0
37_1040,37,0,0,True,139550,0.0
37_1352,37,0,0,True,138977,0.0
37_1645,37,0,0,True,137827,0.0
37_1801,37,0,0,True,138973,0.0
37_1802,37,0,0,True,140131,0.0
37_1803,37,0,0,True,138972,0.0
37_1814,37,0,0,True,138396,0.0
37_1817,37,0,0,True,139553,0.0
37_1992,37,0,0,True,138978,0.0
37_2819,37,0,0,True,139553,0.0
37_2824,37,0,0,True,138978,0.0
37_2825,37,0,0,True,138400,0.0
37_3008,37,0,0,True,138975,0.0
37_3011,37,0,0,True,139556,0.0
37_3044,37,0,0,True,139555,0.0
37_3807,37,0,0,True,139553,0.0
37_3816,37,0,0,True,139555,0.0
37_5037,37,0,0,True,138973,0.0
37_5826,37,0,0,True,140128,0.0
37_5827,37,0,0,True,140130,0.0
37_A960,37,0,0,True,138978,0.0
37_A961,37,0,0,True,138978,0.0
37_A962,37,0,0,True,138978,0.0
37_A963,37,0,0,True,138978,0.0
37_A964,37,0,0,True,138978,0.0
37_A965,37,0,0,True,138978,0.0
38_0213,37,0,0,True,152198,0.0
38_0214,37,0,0,True,152198,0.0
38_0215,37,0,0,True,152197,0.0
38_0216,37,0,0,True,152197,0.0
38_0217,37,0,0,True,152198,0.0
38_0218,37,0,0,True,152198,0.0
38_0219,37,0,0,True,152198,0.0
38_0220,37,0,0,True,152198,0.0
38_0221,37,0,0,True,152198,0.0
38_0222,37,0,0,True,152198,0.0
38_0223,37,0,0,True,152198,0.0
38_0224,37,0,0,True,152198,0.0
38_0259,37,0,0,True,152198,0.0
38_0260,37,0,0,True,152197,0.0
38_0261,37,0,0,True,152197,0.0
38_0262,37,0,0,True,152198,0.0
38_0263,37,0,0,True,152198,0.0
38_0264,37,0,0,True,152198,0.0
38_2001,37,0,0,True,153349,0.0
38_3005,37,0,0,True,153348,0.0
38_3006,37,0,0,True,153921,0.0
38_5002,37,0,0,True,151622,0.0
39_0101,37,0,0,True,144732,0.0
39_0102,37,0,0,True,144732,0.0
39_0103,37,0,0,True,144732,0.0
39_0104,37,0,0,True,144732,0.0
39_0105,37,0,0,True,144732,0.0
39_0106,37,0,0,True,144732,0.0
39_0107,37,0,0,True,144732,0.0
39_0108,37,0,0,True,144732,0.0
39_0109,37,0,0,True,144732,0.0
39_0110,37,0,0,True,144732,0.0
39_0111,37,0,0,True,144732,0.0
39_0112,37,0,0,True,144732,0.0
39_0159,37,0,0,True,144732,0.0
39_0160,37,0,0,True,144732,0.0
39_0201,37,0,0,True,144732,0.0
39_0202,37,0,0,True,144732,0.0
39_0203,37,0,0,True,144732,0.0
39_0204,37,0,0,True,144732,0.0
39_0205,37,0,0,True,144732,0.0
39_0206,37,0,0,True,144732,0.0
39_0207,37,0,0,True,144732,0.0
39_0208,37,0,0,True,144732,0.0
39_0209,37,0,0,True,144732,0.0
39_0210,37,0,0,True,144732,0.0
39_0211,37,0,0,True,144732,0.0
39_0212,37,0,0,True,144732,0.0
39_0259,37,0,0,True,144732,0.0
39_0260,37,0,0,True,144732,0.0
39_0261,37,0,0,True,144732,0.0
39_0262,37,0,0,True,144732,0.0
39_0263,37,0,0,True,144732,0.0
39_0264,37,0,0,True,144732,0.0
39_0265,37,0,0,True,144732,0.0
39_0809,37,0,0,True,144732,0.0
39_0810,37,0,0,True,144732,0.0
39_0901,37,0,0,True,144732,0.0
39_0902,37,0,0,True,144732,0.0
39_0903,37,0,0,True,144732,0.0
39_3013,37,0,0,True,143003,0.0
39_3801,37,0,0,True,144160,0.0
39_4018,37,0,0,True,144155,0.0
39_4031,37,0,0,True,144156,0.0
39_5003,37,0,0,True,145886,0.0
39_5010,37,0,0,True,145312,0.0
39_5569,37,0,0,True,143582,0.0
39_7021,37,0,0,True,145883,0.0
39_9006,37,0,0,True,143579,0.0
39_9022,37,0,0,True,144156,0.0
39_A410,37,0,0,True,144155,0.0
39_A411,37,0,0,True,144155,0.0
39_A412,37,0,0,True,144155,0.0
39_A430,37,0,0,True,144155,0.0
39_A803,37,0,0,True,144732,0.0
39_A804,37,0,0,True,144732,0.0
39_B410,37,0,0,True,144160,0.0
39_B411,37,0,0,True,144160,0.0
39_B412,37,0,0,True,144160,0.0
39_B430,37,0,0,True,144160,0.0
40_0113,37,0,0,True,137795,0.0
40_0114,37,0,0,True,137795,0.0
40_0115,37,0,0,True,137795,0.0
40_0116,37,0,0,True,137795,0.0
40_0117,37,0,0,True,137795,0.0
40_0118,37,0,0,True,137795,0.0
40_0119,37,0,0,True,137795,0.0
40_0120,37,0,0,True,137795,0.0
40_0121,37,0,0,True,137795,0.0
40_0122,37,0,0,True,137795,0.0
40_0123,37,0,0,True,137795,0.0
40_0124,37,0,0,True,137795,0.0
40_0160,37,0,0,True,137795,0.0
40_0501,37,0,0,True,137795,0.0
40_0502,37,0,0,True,137795,0.0
40_0503,37,0,0,True,137795,0.0
40_0504,37,0,0,True,137795,0.0
40_0505,37,0,0,True,137795,0.0
40_0506,37,0,0,True,137795,0.0
40_0507,37,0,0,True,137795,0.0
40_0508,37,0,0,True,137795,0.0
40_0509,37,0,0,True,137795,0.0
40_0560,37,0,0,True,137795,0.0
40_0601,37,0,0,True,140101,0.0
40_0602,37,0,0,True,140101,0.0
40_0603,37,0,0,True,140101,0.0
40_0604,37,0,0,True,140101,0.0
40_0605,37,0,0,True,140101,0.0
40_0606,37,0,0,True,140101,0.0
40_0607,37,0,0,True,140101,0.0
40_0608,37,0,0,True,140101,0.0
40_1015,37,0,0,True,138374,0.0
40_1017,37,0,0,True,139528,0.0
40_3018,37,0,0,True,138949,0.0
40_4086,37,0,0,True,138372,0.0
40_4087,37,0,0,True,137794,0.0
40_4088,37,0,0,True,140101,0.0
40_4154,37,0,0,True,138372,0.0
40_4155,37,0,0,True,140104,0.0
40_4157,37,0,0,True,139528,0.0
40_4158,37,0,0,True,140104,0.0
40_4160,37,0,0,True,138374,0.0
40_4161,37,0,0,True,137222,0.0
40_4162,37,0,0,True,137795,0.0
40_4163,37,0,0,True,139523,0.0
40_4164,37,0,0,True,140099,0.0
40_4165,37,0,0,True,140100,0.0
40_4166,37,0,0,True,138376,0.0
40_5021,37,0,0,True,139528,0.0
40_6010,37,0,0,True,138378,0.0
40_7024,37,0,0,True,138949,0.0
40_A320,37,0,0,True,137794,0.0
40_A330,37,0,0,True,137794,0.0
40_A340,37,0,0,True,137794,0.0
40_A350,37,0,0,True,137794,0.0
40_A410,37,0,0,True,138374,0.0
40_A420,37,0,0,True,138374,0.0
40_A430,37,0,0,True,138374,0.0
40_AA01,37,0,0,True,138949,0.0
40_AA02,37,0,0,True,138949,0.0
40_AA03,37,0,0,True,138949,0.0
40_AA61,37,0,0,True,138949,0.0
40_AA62,37,0,0,True,138948,0.0
40_AA63,37,0,0,True,138948,0.0
40_B310,37,0,0,True,138374,0.0
40_B320,37,0,0,True,138374,0.0
40_B330,37,0,0,True,138374,0.0
40_B350,37,0,0,True,138374,0.0
40_B360,37,0,0,True,138374,0.0
40_C310,37,0,0,True,140101,0.0
40_C320,37,0,0,True,140101,0.0
40_C330,37,0,0,True,140101,0.0
40_C350,37,0,0,True,140101,0.0
41_2002,37,0,0,True,150428,0.0
41_5005,37,0,0,True,149276,0.0
41_5006,37,0,0,True,150436,0.0
41_5008,37,0,0,True,150436,0.0
41_5021,37,0,0,True,148700,0.0
41_5022,37,0,0,True,148700,0.0
41_6011,37,0,0,True,149276,0.0
41_6012,37,0,0,True,150431,0.0
41_7018,37,0,0,True,149276,0.0
41_7019,37,0,0,True,146972,0.0
41_7025,37,0,0,True,148124,0.0
41_7081,37,0,0,True,151010,0.0
41_AA01,37,0,0,True,150432,0.0
41_AA02,37,0,0,True,150432,0.0
41_AA03,37,0,0,True,150432,0.0
41_AA59,37,0,0,True,150432,0.0
41_AA60,37,0,0,True,150432,0.0
42_0601,37,0,0,True,145317,0.0
42_0602,37,0,0,True,145317,0.0
42_0603,37,0,0,True,145317,0.0
42_0604,37,0,0,True,145316,0.0
42_0605,37,0,0,True,145317,0.0
42_0606,37,0,0,True,145317,0.0
42_0607,37,0,0,True,145316,0.0
42_0608,37,0,0,True,145316,0.0
42_0659,37,0,0,True,145317,0.0
42_0660,37,0,0,True,145316,0.0
42_0661,37,0,0,True,145316,0.0
42_0662,37,0,0,True,145316,0.0
42_1597,37,0,0,True,146469,0.0
42_1598,37,0,0,True,144742,0.0
42_1599,37,0,0,True,145891,0.0
42_1605,37,0,0,True,145318,0.0
42_1606,37,0,0,True,144163,0.0
42_1608,37,0,0,True,144163,0.0
42_1610,37,0,0,True,144166,0.0
42_1613,37,0,0,True,144168,0.0
42_1614,37,0,0,True,145316,0.0
42_1617,37,0,0,True,144168,0.0
42_1618,37,0,0,True,144163,0.0
42_1623,37,0,0,True,145318,0.0
42_1627,37,0,0,True,145316,0.0
42_1690,37,0,0,True,145318,0.0
42_1691,37,0,0,True,145312,0.0
42_3044,37,0,0,True,144744,0.0
42_5020,37,0,0,True,144169,0.0
42_7025,37,0,0,True,144739,0.0
42_7037,37,0,0,True,145315,0.0
42_9027,37,0,0,True,144744,0.0
42_A310,37,0,0,True,145318,0.0
42_A320,37,0,0,True,145318,0.0
42_A330,37,0,0,True,145318,0.0
42_A340,37,0,0,True,145318,0.0
42_A350,37,0,0,True,145318,0.0
42_A351,37,0,0,True,145318,0.0
42_A410,37,0,0,True,145318,0.0
42_A411,37,0,0,True,145318,0.0
42_A430,37,0,0,True,145318,0.0
42_B310,37,0,0,True,146469,0.0
42_B330,37,0,0,True,146469,0.0
42_B340,37,0,0,True,146469,0.0
42_B350,37,0,0,True,146469,0.0
42_B351,37,0,0,True,146469,0.0
42_C410,37,0,0,True,144163,0.0
42_C411,37,0,0,True,144163,0.0
42_C430,37,0,0,True,144163,0.0
44_7401,37,0,0,True,146478,0.0
45_1008,37,0,0,True,138396,0.0
45_1011,37,0,0,True,136097,0.0
45_1024,37,0,0,True,137247,0.0
45_1025,37,0,0,True,137822,0.0
45_3012,37,0,0,True,137823,0.0
45_5017,37,0,0,True,137247,0.0
45_5034,37,0,0,True,137249,0.0
45_5035,37,0,0,True,137249,0.0
45_7019,37,0,0,True,138397,0.0
46_0601,37,0,0,True,150468,0.0
46_0602,37,0,0,True,150468,0.0
46_0603,37,0,0,True,150468,0.0
46_0604,37,0,0,True,150468,0.0
46_0605,37,0,0,True,150468,0.0
46_0606,37,0,0,True,150468,0.0
46_0607,37,0,0,True,150468,0.0
46_0608,37,0,0,True,150468,0.0
46_0660,37,0,0,True,150468,0.0
46_0661,37,0,0,True,150468,0.0
46_0662,37,0,0,True,150468,0.0
46_0803,37,0,0,True,151040,0.0
46_0804,37,0,0,True,151040,0.0
46_0859,37,0,0,True,151040,0.0
46_3009,37,0,0,True,149894,0.0
46_3010,37,0,0,True,150470,0.0
46_3012,37,0,0,True,149307,0.0
46_3013,37,0,0,True,149307,0.0
46_3052,37,0,0,True,149317,0.0
46_3053,37,0,0,True,148731,0.0
46_5020,37,0,0,True,149307,0.0
46_5025,37,0,0,True,148734,0.0
46_5040,37,0,0,True,148166,0.0
46_6600,37,0,0,True,147590,0.0
46_7049,37,0,0,True,147589,0.0
46_9106,37,0,0,True,151038,0.0
46_9187,37,0,0,True,149886,0.0
46_9197,37,0,0,True,148739,0.0
46_A410,37,0,0,True,147590,0.0
46_A411,37,0,0,True,147590,0.0
46_A412,37,0,0,True,147590,0.0
46_A420,37,0,0,True,147590,0.0
46_A421,37,0,0,True,147590,0.0
46_A422,37,0,0,True,147590,0.0
46_A423,37,0,0,True,147590,0.0
46_A430,37,0,0,True,147590,0.0
47_0601,37,0,0,True,138963,0.0
47_0602,37,0,0,True,138963,0.0
47_0603,37,0,0,True,138963,0.0
47_0604,37,0,0,True,138963,0.0
47_0605,37,0,0,True,138963,0.0
47_0606,37,0,0,True,138963,0.0
47_0607,37,0,0,True,138963,0.0
47_0608,37,0,0,True,138963,0.0
47_0661,37,0,0,True,138963,0.0
47_0662,37,0,0,True,138963,0.0
47_1023,37,0,0,True,139546,0.0
47_1028,37,0,0,True,140124,0.0
47_1029,37,0,0,True,138392,0.0
47_2001,37,0,0,True,139538,0.0
47_2008,37,0,0,True,139539,0.0
47_3075,37,0,0,True,139544,0.0
47_3101,37,0,0,True,139543,0.0
47_3104,37,0,0,True,139547,0.0
47_3108,37,0,0,True,139546,0.0
47_3109,37,0,0,True,138966,0.0
47_3110,37,0,0,True,138970,0.0
47_6015,37,0,0,True,138970,0.0
47_6022,37,0,0,True,139544,0.0
47_9024,37,0,0,True,139543,0.0
47_9025,37,0,0,True,139543,0.0
47_A310,37,0,0,True,139543,0.0
47_A320,37,0,0,True,139543,0.0
47_A330,37,0,0,True,139543,0.0
47_A350,37,0,0,True,139543,0.0
47_B310,37,0,0,True,139544,0.0
47_B320,37,0,0,True,139544,0.0
47_B330,37,0,0,True,139544,0.0
47_B350,37,0,0,True,139544,0.0
47_C310,37,0,0,True,139546,0.0
47_C311,37,0,0,True,139546,0.0
47_C320,37,0,0,True,139546,0.0
47_C330,37,0,0,True,139546,0.0
47_C350,37,0,0,True,139546,0.0
48_0001,37,0,0,True,133189,0.0
48_0113,37,0,0,True,128580,0.0
48_0114,37,0,0,True,128580,0.0
48_0115,37,0,0,True,128580,0.0
48_0116,37,0,0,True,128580,0.0
48_0117,37,0,0,True,128580,0.0
48_0118,37,0,0,True,128580,0.0
48_0119,37,0,0,True,128580,0.0
48_0120,37,0,0,True,128580,0.0
48_0121,37,0,0,True,128580,0.0
48_0122,37,0,0,True,128580,0.0
48_0123,37,0,0,True,128580,0.0
48_0124,37,0,0,True,128580,0.0
48_0160,37,0,0,True,128580,0.0
48_0161,37,0,0,True,128580,0.0
48_0162,37,0,0,True,128580,0.0
48_0163,37,0,0,True,128580,0.0
48_0164,37,0,0,True,128580,0.0
48_0165,37,0,0,True,128580,0.0
48_0166,37,0,0,True,128580,0.0
48_0167,37,0,0,True,128580,0.0
48_0801,37,0,0,True,133767,0.0
48_0802,37,0,0,True,133767,0.0
48_0901,37,0,0,True,132035,0.0
48_0902,37,0,0,True,132035,0.0
48_0903,37,0,0,True,132035,0.0
48_1039,37,0,0,True,135494,0.0
48_1046,37,0,0,True,138367,0.0
48_1047,37,0,0,True,138367,0.0
48_1048,37,0,0,True,134909,0.0
48_1049,37,0,0,True,134346,0.0
48_1050,37,0,0,True,133192,0.0
48_1056,37,0,0,True,139520,0.0
48_1060,37,0,0,True,130886,0.0
48_1061,37,0,0,True,139518,0.0
48_1065,37,0,0,True,138365,0.0
48_1068,37,0,0,True,136648,0.0
48_1069,37,0,0,True,135495,0.0
48_1070,37,0,0,True,135495,0.0
48_1076,37,0,0,True,136061,0.0
48_1077,37,0,0,True,137792,0.0
48_1087,37,0,0,True,135496,0.0
48_1092,37,0,0,True,132034,0.0
48_1093,37,0,0,True,131460,0.0
48_1094,37,0,0,True,132035,0.0
48_1096,37,0,0,True,132035,0.0
48_1109,37,0,0,True,133192,0.0
48_1111,37,0,0,True,136638,0.0
48_1113,37,0,0,True,134921,0.0
48_1116,37,0,0,True,134922,0.0
48_1119,37,0,0,True,134921,0.0
48_1122,37,0,0,True,131460,0.0
48_1123,37,0,0,True,132610,0.0
48_1130,37,0,0,True,132036,0.0
48_1168,37,0,0,True,135496,0.0
48_1169,37,0,0,True,134921,0.0
48_1174,37,0,0,True,130308,0.0
48_1178,37,0,0,True,133190,0.0
48_1181,37,0,0,True,130884,0.0
48_1183,37,0,0,True,136639,0.0
48_2108,37,0,0,True,132041,0.0
48_2133,37,0,0,True,133765,0.0
48_2172,37,0,0,True,135487,0.0
48_2176,37,0,0,True,137214,0.0
48_3003,37,0,0,True,136070,0.0
48_3010,37,0,0,True,132617,0.0
48_3559,37,0,0,True,133192,0.0
48_3569,37,0,0,True,136072,0.0
48_3579,37,0,0,True,135496,0.0
48_3589,37,0,0,True,137218,0.0
48_3609,37,0,0,True,136640,0.0
48_3629,37,0,0,True,132039,0.0
48_3669,37,0,0,True,134345,0.0
48_3679,37,0,0,True,134346,0.0
48_3689,37,0,0,True,133193,0.0
48_3699,37,0,0,True,132040,0.0
48_3719,37,0,0,True,132619,0.0
48_3729,37,0,0,True,128005,0.0
48_3739,37,0,0,True,129157,0.0
48_3749,37,0,0,True,130307,0.0
48_3769,37,0,0,True,134903,0.0
48_3779,37,0,0,True,134903,0.0
48_3835,37,0,0,True,133191,0.0
48_3845,37,0,0,True,136646,0.0
48_3855,37,0,0,True,132614,0.0
48_3865,37,0,0,True,134339,0.0
48_3875,37,0,0,True,139518,0.0
48_4142,37,0,0,True,133771,0.0
48_4143,37,0,0,True,132618,0.0
48_4146,37,0,0,True,132041,0.0
48_4152,37,0,0,True,132617,0.0
48_5024,37,0,0,True,132038,0.0
48_5026,37,0,0,True,131464,0.0
48_5035,37,0,0,True,136070,0.0
48_5154,37,0,0,True,132037,0.0
48_5274,37,0,0,True,135493,0.0
48_5278,37,0,0,True,134909,0.0
48_5283,37,0,0,True,136070,0.0
48_5284,37,0,0,True,136070,0.0
48_5287,37,0,0,True,136069,0.0
48_5301,37,0,0,True,135493,0.0
48_5310,37,0,0,True,136069,0.0
48_5317,37,0,0,True,135494,0.0
48_5323,37,0,0,True,138367,0.0
48_5328,37,0,0,True,136644,0.0
48_5334,37,0,0,True,138369,0.0
48_5335,37,0,0,True,138367,0.0
48_5336,37,0,0,True,138366,0.0
48_6079,37,0,0,True,138364,0.0
48_6086,37,0,0,True,130308,0.0
48_6160,37,0,0,True,137788,0.0
48_6179,37,0,0,True,137788,0.0
48_7165,37,0,0,True,132617,0.0
48_9005,37,0,0,True,132035,0.0
48_9167,37,0,0,True,134919,0.0
48_9355,37,0,0,True,135494,0.0
48_A310,37,0,0,True,132035,0.0
48_A320,37,0,0,True,132035,0.0
48_A330,37,0,0,True,132035,0.0
48_A340,37,0,0,True,132035,0.0
48_A410,37,0,0,True,136070,0.0
48_A420,37,0,0,True,136070,0.0
48_A430,37,0,0,True,136070,0.0
48_A502,37,0,0,True,135495,0.0
48_A503,37,0,0,True,135495,0.0
48_A504,37,0,0,True,135495,0.0
48_A505,37,0,0,True,135495,0.0
48_A506,37,0,0,True,135495,0.0
48_A507,37,0,0,True,135495,0.0
48_A508,37,0,0,True,135495,0.0
48_A509,37,0,0,True,135495,0.0
48_A807,37,0,0,True,133765,0.0
48_A808,37,0,0,True,133765,0.0
48_AA01,37,0,0,True,136642,0.0
48_AA02,37,0,0,True,136642,0.0
48_AA03,37,0,0,True,136642,0.0
48_B310,37,0,0,True,135495,0.0
48_B320,37,0,0,True,135495,0.0
48_B330,37,0,0,True,135495,0.0
48_B340,37,0,0,True,135495,0.0
48_B350,37,0,0,True,135495,0.0
48_B410,37,0,0,True,132618,0.0
48_B420,37,0,0,True,132618,0.0
48_B430,37,0,0,True,132618,0.0
48_C410,37,0,0,True,137218,0.0
48_C420,37,0,0,True,137218,0.0
48_C430,37,0,0,True,137218,0.0
48_D310,37,0,0,True,135487,0.0
48_D320,37,0,0,True,135487,0.0
48_D330,37,0,0,True,135487,0.0
48_D350,37,0,0,True,135487,0.0
48_D410,37,0,0,True,132617,0.0
48_D420,37,0,0,True,132617,0.0
48_D430,37,0,0,True,132617,0.0
48_E310,37,0,0,True,136639,0.0
48_E320,37,0,0,True,136639,0.0
48_E330,37,0,0,True,136639,0.0
48_E340,37,0,0,True,136639,0.0
48_E350,37,0,0,True,136639,0.0
48_E351,37,0,0,True,136639,0.0
48_E352,37,0,0,True,136639,0.0
48_E410,37,0,0,True,133771,0.0
48_E420,37,0,0,True,133771,0.0
48_E430,37,0,0,True,133771,0.0
48_F310,37,0,0,True,135496,0.0
48_F320,37,0,0,True,135496,0.0
48_F330,37,0,0,True,135496,0.0
48_F340,37,0,0,True,135496,0.0
48_F350,37,0,0,True,135496,0.0
48_G310,37,0,0,True,134921,0.0
48_G320,37,0,0,True,134921,0.0
48_G330,37,0,0,True,134921,0.0
48_G350,37,0,0,True,134921,0.0
48_H310,37,0,0,True,133192,0.0
48_H320,37,0,0,True,133192,0.0
48_H330,37,0,0,True,133192,0.0
48_H340,37,0,0,True,133192,0.0
48_H350,37,0,0,True,133192,0.0
48_H351,37,0,0,True,133192,0.0
48_I310,37,0,0,True,133192,0.0
48_I320,37,0,0,True,133192,0.0
48_I330,37,0,0,True,133192,0.0
48_I340,37,0,0,True,133192,0.0
48_I350,37,0,0,True,133192,0.0
48_J310,37,0,0,True,131460,0.0
48_J320,37,0,0,True,131460,0.0
48_J330,37,0,0,True,131460,0.0
48_J340,37,0,0,True,131460,0.0
48_J350,37,0,0,True,131460,0.0
48_J351,37,0,0,True,131460,0.0
48_K310,37,0,0,True,132035,0.0
48_K320,37,0,0,True,132035,0.0
48_K330,37,0,0,True,132035,0.0
48_K340,37,0,0,True,132035,0.0
48_K350,37,0,0,True,132035,0.0
48_K351,37,0,0,True,132035,0.0
48_L310,37,0,0,True,134903,0.0
48_L320,37,0,0,True,134903,0.0
48_L330,37,0,0,True,134903,0.0
48_L340,37,0,0,True,134903,0.0
48_L350,37,0,0,True,134903,0.0
48_M310,37,0,0,True,130307,0.0
48_M320,37,0,0,True,130307,0.0
48_M330,37,0,0,True,130307,0.0
48_M340,37,0,0,True,130307,0.0
48_M350,37,0,0,True,130307,0.0
48_N310,37,0,0,True,129157,0.0
48_N320,37,0,0,True,129157,0.0
48_N330,37,0,0,True,129157,0.0
48_N340,37,0,0,True,129157,0.0
48_N350,37,0,0,True,129157,0.0
48_Q310,37,0,0,True,134339,0.0
48_Q320,37,0,0,True,134339,0.0
48_Q330,37,0,0,True,134339,0.0
48_Q340,37,0,0,True,134339,0.0
48_Q350,37,0,0,True,134339,0.0
48_Q353,37,0,0,True,134339,0.0
49_0803,37,0,0,True,144687,0.0
49_0804,37,0,0,True,144687,0.0
49_1001,37,0,0,True,141234,0.0
49_1004,37,0,0,True,141805,0.0
49_1005,37,0,0,True,145262,0.0
49_1006,37,0,0,True,142958,0.0
49_1007,37,0,0,True,143536,0.0
49_1008,37,0,0,True,142958,0.0
49_1017,37,0,0,True,142381,0.0
49_3010,37,0,0,True,141805,0.0
49_3011,37,0,0,True,143534,0.0
49_3015,37,0,0,True,145262,0.0
49_7082,37,0,0,True,146414,0.0
49_7083,37,0,0,True,142958,0.0
49_7085,37,0,0,True,144687,0.0
49_7086,37,0,0,True,144686,0.0
49_A310,37,0,0,True,141805,0.0
49_A320,37,0,0,True,141805,0.0
49_A330,37,0,0,True,141805,0.0
49_A332,37,0,0,True,141805,0.0
49_A350,37,0,0,True,141805,0.0
49_A351,37,0,0,True,141805,0.0
49_A352,37,0,0,True,141805,0.0
49_A361,37,0,0,True,141805,0.0
49_A390,37,0,0,True,141805,0.0
49_B310,37,0,0,True,142381,0.0
49_B320,37,0,0,True,142381,0.0
49_B330,37,0,0,True,142381,0.0
49_B331,37,0,0,True,142381,0.0
49_B350,37,0,0,True,142381,0.0
49_B351,37,0,0,True,142381,0.0
49_B352,37,0,0,True,142381,0.0
49_B361,37,0,0,True,142381,0.0
49_B390,37,0,0,True,142381,0.0
49_C310,37,0,0,True,142958,0.0
49_C320,37,0,0,True,142958,0.0
49_C330,37,0,0,True,142958,0.0
49_C331,37,0,0,True,142958,0.0
49_C350,37,0,0,True,142958,0.0
49_C351,37,0,0,True,142958,0.0
49_C352,37,0,0,True,142958,0.0
49_C361,37,0,0,True,142958,0.0
49_C410,37,0,0,True,146414,0.0
49_C430,37,0,0,True,146414,0.0
49_C431,37,0,0,True,146414,0.0
49_C440,37,0,0,True,146414,0.0
49_C441,37,0,0,True,146414,0.0
49_C443,37,0,0,True,146414,0.0
49_C444,37,0,0,True,146414,0.0
49_C445,37,0,0,True,146414,0.0
49_C446,37,0,0,True,146414,0.0
49_C447,37,0,0,True,146414,0.0
49_C448,37,0,0,True,146414,0.0
49_C449,37,0,0,True,146414,0.0
49_C450,37,0,0,True,146414,0.0
49_C451,37,0,0,True,146414,0.0
49_C452,37,0,0,True,146414,0.0
49_C453,37,0,0,True,146414,0.0
49_C454,37,0,0,True,146414,0.0
49_C455,37,0,0,True,146414,0.0
49_C456,37,0,0,True,146414,0.0
49_C457,37,0,0,True,146414,0.0
49_C458,37,0,0,True,146414,0.0
49_D410,37,0,0,True,144686,0.0
49_D430,37,0,0,True,144686,0.0
49_D431,37,0,0,True,144686,0.0
49_D440,37,0,0,True,144686,0.0
49_D441,37,0,0,True,144686,0.0
49_D443,37,0,0,True,144686,0.0
49_D444,37,0,0,True,144686,0.0
49_D445,37,0,0,True,144686,0.0
49_D446,37,0,0,True,144686,0.0
49_D448,37,0,0,True,144686,0.0
49_D449,37,0,0,True,144686,0.0
49_D450,37,0,0,True,144686,0.0
49_D451,37,0,0,True,144686,0.0
49_D452,37,0,0,True,144686,0.0
49_D454,37,0,0,True,144686,0.0
49_D455,37,0,0,True,144686,0.0
49_D459,37,0,0,True,144686,0.0
49_D460,37,0,0,True,144686,0.0
49_D461,37,0,0,True,144686,0.0
49_D462,37,0,0,True,144686,0.0
49_E410,37,0,0,True,144687,0.0
49_E430,37,0,0,True,144687,0.0
49_E431,37,0,0,True,144687,0.0
49_E440,37,0,0,True,144687,0.0
49_E441,37,0,0,True,144687,0.0
49_E443,37,0,0,True,144687,0.0
49_E444,37,0,0,True,144687,0.0
49_E445,37,0,0,True,144687,0.0
49_E446,37,0,0,True,144687,0.0
49_E448,37,0,0,True,144687,0.0
49_E449,37,0,0,True,144687,0.0
49_E450,37,0,0,True,144687,0.0
49_E451,37,0,0,True,144687,0.0
49_E452,37,0,0,True,144687,0.0
49_E454,37,0,0,True,144687,0.0
49_E455,37,0,0,True,144687,0.0
49_E456,37,0,0,True,144687,0.0
49_E458,37,0,0,True,144687,0.0
49_E459,37,0,0,True,144687,0.0
49_E460,37,0,0,True,144687,0.0
49_E461,37,0,0,True,144687,0.0
49_E462,37,0,0,True,144687,0.0
4_0113,37,0,0,True,138922,0.0
4_0114,37,0,0,True,138922,0.0
4_0115,37,0,0,True,138922,0.0
4_0116,37,0,0,True,138922,0.0
4_0117,37,0,0,True,138922,0.0
4_0118,37,0,0,True,138922,0.0
4_0119,37,0,0,True,138922,0.0
4_0120,37,0,0,True,138922,0.0
4_0121,37,0,0,True,138922,0.0
4_0122,37,0,0,True,138922,0.0
4_0123,37,0,0,True,138922,0.0
4_0124,37,0,0,True,138922,0.0
4_0160,37,0,0,True,138922,0.0
4_0161,37,0,0,True,138922,0.0
4_0162,37,0,0,True,138922,0.0
4_0163,37,0,0,True,138922,0.0
4_0213,37,0,0,True,136621,0.0
4_0214,37,0,0,True,136621,0.0
4_0215,37,0,0,True,136621,0.0
4_0216,37,0,0,True,136621,0.0
4_0217,37,0,0,True,136621,0.0
4_0218,37,0,0,True,136621,0.0
4_0219,37,0,0,True,136621,0.0
4_0220,37,0,0,True,136621,0.0
4_0221,37,0,0,True,136621,0.0
4_0222,37,0,0,True,136621,0.0
4_0223,37,0,0,True,136621,0.0
4_0224,37,0,0,True,136621,0.0
4_0260,37,0,0,True,136621,0.0
4_0261,37,0,0,True,136621,0.0
4_0262,37,0,0,True,136621,0.0
4_0263,37,0,0,True,136621,0.0
4_0264,37,0,0,True,136621,0.0
4_0265,37,0,0,True,136621,0.0
4_0266,37,0,0,True,136621,0.0
4_0267,37,0,0,True,136621,0.0
4_0268,37,0,0,True,136621,0.0
4_0501,37,0,0,True,136046,0.0
4_0502,37,0,0,True,136046,0.0
4_0503,37,0,0,True,136046,0.0
4_0504,37,0,0,True,136046,0.0
4_0505,37,0,0,True,136046,0.0
4_0506,37,0,0,True,136046,0.0
4_0507,37,0,0,True,136046,0.0
4_0508,37,0,0,True,136046,0.0
4_0509,37,0,0,True,136046,0.0
4_0559,37,0,0,True,136046,0.0
4_0560,37,0,0,True,136046,0.0
4_0601,37,0,0,True,138351,0.0
4_0602,37,0,0,True,138351,0.0
4_0603,37,0,0,True,138351,0.0
4_0604,37,0,0,True,138351,0.0
4_0605,37,0,0,True,138351,0.0
4_0606,37,0,0,True,138351,0.0
4_0607,37,0,0,True,138351,0.0
4_0608,37,0,0,True,138351,0.0
4_0659,37,0,0,True,138351,0.0
4_0660,37,0,0,True,138350,0.0
4_0661,37,0,0,True,138351,0.0
4_0662,37,0,0,True,138351,0.0
4_0663,37,0,0,True,138351,0.0
4_0664,37,0,0,True,138351,0.0
4_0665,37,0,0,True,138351,0.0
4_0666,37,0,0,True,138351,0.0
4_0667,37,0,0,True,138351,0.0
4_0668,37,0,0,True,138351,0.0
4_0669,37,0,0,True,138351,0.0
4_0902,37,0,0,True,138922,0.0
4_0903,37,0,0,True,138922,0.0
4_1001,37,0,0,True,136621,0.0
4_1002,37,0,0,True,138349,0.0
4_1003,37,0,0,True,136620,0.0
4_1006,37,0,0,True,136621,0.0
4_1007,37,0,0,True,136621,0.0
4_1015,37,0,0,True,134319,0.0
4_1016,37,0,0,True,134319,0.0
4_1017,37,0,0,True,134895,0.0
4_1018,37,0,0,True,134895,0.0
4_1021,37,0,0,True,138347,0.0
4_1022,37,0,0,True,138347,0.0
4_1024,37,0,0,True,138924,0.0
4_1025,37,0,0,True,138924,0.0
4_1034,37,0,0,True,137194,0.0
4_1036,37,0,0,True,138922,0.0
4_1037,37,0,0,True,138346,0.0
4_1062,37,0,0,True,138348,0.0
4_1065,37,0,0,True,138348,0.0
4_6053,37,0,0,True,134896,0.0
4_6054,37,0,0,True,134895,0.0
4_6055,37,0,0,True,136045,0.0
4_6060,37,0,0,True,134319,0.0
4_7079,37,0,0,True,136621,0.0
4_7613,37,0,0,True,136622,0.0
4_7614,37,0,0,True,136621,0.0
4_A310,37,0,0,True,138922,0.0
4_A320,37,0,0,True,138922,0.0
4_A330,37,0,0,True,138922,0.0
4_A350,37,0,0,True,138922,0.0
4_A390,37,0,0,True,138922,0.0
4_A410,37,0,0,True,136622,0.0
4_A430,37,0,0,True,136622,0.0
4_A441,37,0,0,True,136622,0.0
4_A442,37,0,0,True,136622,0.0
4_A443,37,0,0,True,136622,0.0
4_A444,37,0,0,True,136622,0.0
4_A445,37,0,0,True,136622,0.0
4_A446,37,0,0,True,136622,0.0
4_A447,37,0,0,True,136622,0.0
4_A448,37,0,0,True,136622,0.0
4_A449,37,0,0,True,136622,0.0
4_A450,37,0,0,True,136622,0.0
4_A451,37,0,0,True,136622,0.0
4_A452,37,0,0,True,136622,0.0
4_A453,37,0,0,True,136622,0.0
4_A454,37,0,0,True,136622,0.0
4_A455,37,0,0,True,136622,0.0
4_A456,37,0,0,True,136622,0.0
4_A457,37,0,0,True,136622,0.0
4_A458,37,0,0,True,136622,0.0
4_A459,37,0,0,True,136622,0.0
4_A460,37,0,0,True,136622,0.0
4_A461,37,0,0,True,136622,0.0
4_A462,37,0,0,True,136622,0.0
4_A901,37,0,0,True,138922,0.0
4_A902,37,0,0,True,138922,0.0
4_A903,37,0,0,True,138922,0.0
4_AA01,37,0,0,True,138353,0.0
4_AA02,37,0,0,True,138353,0.0
4_AA03,37,0,0,True,138353,0.0
4_AA59,37,0,0,True,138353,0.0
4_AA60,37,0,0,True,138353,0.0
4_AA61,37,0,0,True,138353,0.0
4_B310,37,0,0,True,138347,0.0
4_B320,37,0,0,True,138347,0.0
4_B330,37,0,0,True,138347,0.0
4_B350,37,0,0,True,138347,0.0
4_B901,37,0,0,True,136621,0.0
4_B902,37,0,0,True,136621,0.0
4_B903,37,0,0,True,136621,0.0
4_B959,37,0,0,True,136621,0.0
4_B960,37,0,0,True,136621,0.0
4_B961,37,0,0,True,136621,0.0
4_B964,37,0,0,True,136621,0.0
4_BA01,37,0,0,True,136619,0.0
4_BA02,37,0,0,True,136619,0.0
4_BA03,37,0,0,True,136619,0.0
4_BA59,37,0,0,True,136619,0.0
4_BA60,37,0,0,True,136619,0.0
4_BA61,37,0,0,True,136619,0.0
4_C310,37,0,0,True,134895,0.0
4_C320,37,0,0,True,134895,0.0
4_C330,37,0,0,True,134895,0.0
4_C340,37,0,0,True,134895,0.0
4_C350,37,0,0,True,134895,0.0
4_D310,37,0,0,True,134319,0.0
4_D320,37,0,0,True,134319,0.0
4_D330,37,0,0,True,134319,0.0
4_D350,37,0,0,True,134319,0.0
50_1002,37,0,0,True,148780,0.0
50_1004,37,0,0,True,149356,0.0
50_1681,37,0,0,True,149356,0.0
50_1682,37,0,0,True,149356,0.0
50_1683,37,0,0,True,149356,0.0
51_0113,37,0,0,True,140130,0.0
51_0114,37,0,0,True,140130,0.0
51_0115,37,0,0,True,140130,0.0
51_0116,37,0,0,True,140130,0.0
51_0117,37,0,0,True,140130,0.0
51_0118,37,0,0,True,140130,0.0
51_0119,37,0,0,True,140130,0.0
51_0120,37,0,0,True,140130,0.0
51_0121,37,0,0,True,140130,0.0
51_0122,37,0,0,True,140130,0.0
51_0123,37,0,0,True,140130,0.0
51_0124,37,0,0,True,140130,0.0
51_0159,37,0,0,True,140130,0.0
51_1002,37,0,0,True,140704,0.0
51_1023,37,0,0,True,140709,0.0
51_1417,37,0,0,True,142437,0.0
51_1419,37,0,0,True,140702,0.0
51_1423,37,0,0,True,140701,0.0
51_1464,37,0,0,True,141286,0.0
51_2004,37,0,0,True,140130,0.0
51_2021,37,0,0,True,140128,0.0
51_2564,37,0,0,True,140711,0.0
51_5008,37,0,0,True,140711,0.0
51_5009,37,0,0,True,141285,0.0
51_5010,37,0,0,True,141285,0.0
51_A310,37,0,0,True,140709,0.0
51_A320,37,0,0,True,140709,0.0
51_A321,37,0,0,True,140709,0.0
51_A330,37,0,0,True,140709,0.0
51_A340,37,0,0,True,140709,0.0
51_A350,37,0,0,True,140709,0.0
53_0201,37,0,0,True,152164,0.0
53_0202,37,0,0,True,152164,0.0
53_0203,37,0,0,True,152164,0.0
53_0204,37,0,0,True,152164,0.0
53_0205,37,0,0,True,152164,0.0
53_0206,37,0,0,True,152164,0.0
53_0207,37,0,0,True,152164,0.0
53_0208,37,0,0,True,152164,0.0
53_0209,37,0,0,True,152164,0.0
53_0210,37,0,0,True,152164,0.0
53_0211,37,0,0,True,152164,0.0
53_0212,37,0,0,True,152164,0.0
53_0259,37,0,0,True,152164,0.0
53_0801,37,0,0,True,151588,0.0
53_0802,37,0,0,True,151588,0.0
53_1002,37,0,0,True,151588,0.0
53_1005,37,0,0,True,152163,0.0
53_1006,37,0,0,True,153313,0.0
53_1007,37,0,0,True,151010,0.0
53_1008,37,0,0,True,152741,0.0
53_1501,37,0,0,True,152738,0.0
53_1801,37,0,0,True,150429,0.0
53_3011,37,0,0,True,154461,0.0
53_3013,37,0,0,True,152741,0.0
53_3014,37,0,0,True,151586,0.0
53_3019,37,0,0,True,151010,0.0
53_3812,37,0,0,True,153309,0.0
53_3813,37,0,0,True,150429,0.0
53_6020,37,0,0,True,152736,0.0
53_6048,37,0,0,True,153310,0.0
53_6049,37,0,0,True,152733,0.0
53_6056,37,0,0,True,151590,0.0
53_7322,37,0,0,True,151589,0.0
53_7409,37,0,0,True,151584,0.0
53_A310,37,0,0,True,152741,0.0
53_A320,37,0,0,True,152741,0.0
53_A330,37,0,0,True,152741,0.0
53_A350,37,0,0,True,152741,0.0
53_A809,37,0,0,True,151588,0.0
53_A810,37,0,0,True,151588,0.0
53_AA01,37,0,0,True,152742,0.0
53_AA02,37,0,0,True,152741,0.0
53_AA03,37,0,0,True,152742,0.0
53_B310,37,0,0,True,152738,0.0
53_B320,37,0,0,True,152738,0.0
53_B330,37,0,0,True,152738,0.0
53_B350,37,0,0,True,152738,0.0
53_BA01,37,0,0,True,152742,0.0
53_BA59,37,0,0,True,152741,0.0
53_BA60,37,0,0,True,152742,0.0
53_C310,37,0,0,True,150429,0.0
53_C320,37,0,0,True,150429,0.0
53_C330,37,0,0,True,150429,0.0
53_C350,37,0,0,True,150429,0.0
54_1640,37,0,0,True,142430,0.0
54_4003,37,0,0,True,141854,0.0
54_4004,37,0,0,True,141855,0.0
54_5007,37,0,0,True,143584,0.0
54_7008,37,0,0,True,142430,0.0
55_0113,37,0,0,True,149906,0.0
55_0114,37,0,0,True,149906,0.0
55_0115,37,0,0,True,149906,0.0
55_0116,37,0,0,True,149906,0.0
55_0117,37,0,0,True,149906,0.0
55_0118,37,0,0,True,149906,0.0
55_0119,37,0,0,True,149906,0.0
55_0120,37,0,0,True,149906,0.0
55_0121,37,0,0,True,149906,0.0
55_0122,37,0,0,True,149906,0.0
55_0123,37,0,0,True,149906,0.0
55_0124,37,0,0,True,149906,0.0
55_0213,37,0,0,True,149906,0.0
55_0214,37,0,0,True,149906,0.0
55_0215,37,0,0,True,149906,0.0
55_0216,37,0,0,True,149906,0.0
55_0217,37,0,0,True,149906,0.0
55_0218,37,0,0,True,149906,0.0
55_0219,37,0,0,True,149906,0.0
55_0220,37,0,0,True,149906,0.0
55_0221,37,0,0,True,149906,0.0
55_0222,37,0,0,True,149906,0.0
55_0223,37,0,0,True,149906,0.0
55_0224,37,0,0,True,149906,0.0
55_0259,37,0,0,True,149906,0.0
55_0260,37,0,0,True,149906,0.0
55_0261,37,0,0,True,149906,0.0
55_0262,37,0,0,True,149906,0.0
55_0263,37,0,0,True,149906,0.0
55_0264,37,0,0,True,149906,0.0
55_0265,37,0,0,True,149906,0.0
55_0266,37,0,0,True,149906,0.0
55_0805,37,0,0,True,149906,0.0
55_0806,37,0,0,True,149906,0.0
55_0901,37,0,0,True,148752,0.0
55_0902,37,0,0,True,148752,0.0
55_0903,37,0,0,True,148752,0.0
55_0907,37,0,0,True,148752,0.0
55_0908,37,0,0,True,148752,0.0
55_0909,37,0,0,True,148752,0.0
55_3008,37,0,0,True,148180,0.0
55_3009,37,0,0,True,148756,0.0
55_3010,37,0,0,True,148757,0.0
55_3012,37,0,0,True,149901,0.0
55_3014,37,0,0,True,147027,0.0
55_3015,37,0,0,True,148178,0.0
55_3016,37,0,0,True,148754,0.0
55_3019,37,0,0,True,151055,0.0
55_5037,37,0,0,True,150478,0.0
55_5040,37,0,0,True,148757,0.0
55_6351,37,0,0,True,147601,0.0
55_6352,37,0,0,True,147601,0.0
55_6353,37,0,0,True,147601,0.0
55_6354,37,0,0,True,147601,0.0
55_6355,37,0,0,True,147601,0.0
55_A901,37,0,0,True,147604,0.0
55_A902,37,0,0,True,147604,0.0
55_A903,37,0,0,True,147604,0.0
55_A907,37,0,0,True,147604,0.0
55_A908,37,0,0,True,147604,0.0
55_A909,37,0,0,True,147604,0.0
55_B901,37,0,0,True,147604,0.0
55_B902,37,0,0,True,147604,0.0
55_B903,37,0,0,True,147604,0.0
55_B907,37,0,0,True,147604,0.0
55_B908,37,0,0,True,147604,0.0
55_B909,37,0,0,True,147604,0.0
55_C901,37,0,0,True,149906,0.0
55_C902,37,0,0,True,149906,0.0
55_C903,37,0,0,True,149906,0.0
55_C959,37,0,0,True,149906,0.0
55_C960,37,0,0,True,149906,0.0
56_1007,37,0,0,True,149299,0.0
56_2015,37,0,0,True,145849,0.0
56_2017,37,0,0,True,148152,0.0
56_2018,37,0,0,True,147574,0.0
56_2019,37,0,0,True,148728,0.0
56_2020,37,0,0,True,149877,0.0
56_2037,37,0,0,True,145845,0.0
56_3027,37,0,0,True,145842,0.0
56_6029,37,0,0,True,146992,0.0
56_6031,37,0,0,True,147571,0.0
56_6032,37,0,0,True,148144,0.0
56_7772,37,0,0,True,148148,0.0
56_7773,37,0,0,True,146999,0.0
56_7775,37,0,0,True,146418,0.0
56_A310,37,0,0,True,149299,0.0
56_A320,37,0,0,True,149299,0.0
56_A330,37,0,0,True,149299,0.0
56_A350,37,0,0,True,149299,0.0
56_A363,37,0,0,True,149299,0.0
56_B310,37,0,0,True,146418,0.0
56_B320,37,0,0,True,146418,0.0
56_B330,37,0,0,True,146418,0.0
56_B350,37,0,0,True,146418,0.0
56_B360,37,0,0,True,146418,0.0
5_0113,37,0,0,True,138960,0.0
5_0114,37,0,0,True,138960,0.0
5_0115,37,0,0,True,138960,0.0
5_0116,37,0,0,True,138960,0.0
5_0117,37,0,0,True,138960,0.0
5_0118,37,0,0,True,138960,0.0
5_0119,37,0,0,True,138960,0.0
5_0120,37,0,0,True,138960,0.0
5_0121,37,0,0,True,138960,0.0
5_0122,37,0,0,True,138960,0.0
5_0123,37,0,0,True,138960,0.0
5_0124,37,0,0,True,138960,0.0
5_0213,37,0,0,True,137805,0.0
5_0214,37,0,0,True,137805,0.0
5_0215,37,0,0,True,137805,0.0
5_0216,37,0,0,True,137805,0.0
5_0217,37,0,0,True,137805,0.0
5_0218,37,0,0,True,137805,0.0
5_0219,37,0,0,True,137805,0.0
5_0220,37,0,0,True,137805,0.0
5_0221,37,0,0,True,137805,0.0
5_0222,37,0,0,True,137805,0.0
5_0223,37,0,0,True,137805,0.0
5_0224,37,0,0,True,137805,0.0
5_0803,37,0,0,True,137230,0.0
5_0804,37,0,0,True,137230,0.0
5_0809,37,0,0,True,137230,0.0
5_0810,37,0,0,True,137230,0.0
5_2042,37,0,0,True,136078,0.0
5_3011,37,0,0,True,138959,0.0
5_3048,37,0,0,True,137807,0.0
5_3058,37,0,0,True,139536,0.0
5_3059,37,0,0,True,138954,0.0
5_3071,37,0,0,True,140106,0.0
5_3073,37,0,0,True,138381,0.0
5_3074,37,0,0,True,138384,0.0
5_4019,37,0,0,True,137230,0.0
5_4021,37,0,0,True,138382,0.0
5_4023,37,0,0,True,138382,0.0
5_4046,37,0,0,True,139536,0.0
5_5803,37,0,0,True,137805,0.0
5_5805,37,0,0,True,137805,0.0
5_A310,37,0,0,True,140106,0.0
5_A320,37,0,0,True,140106,0.0
5_A350,37,0,0,True,140106,0.0
5_A410,37,0,0,True,138382,0.0
5_A430,37,0,0,True,138382,0.0
5_A601,37,0,0,True,137805,0.0
5_A602,37,0,0,True,137805,0.0
5_A603,37,0,0,True,137805,0.0
5_A604,37,0,0,True,137805,0.0
5_A605,37,0,0,True,137805,0.0
5_A606,37,0,0,True,137805,0.0
5_A607,37,0,0,True,137805,0.0
5_A608,37,0,0,True,137805,0.0
5_B410,37,0,0,True,137230,0.0
5_B430,37,0,0,True,137230,0.0
5_C410,37,0,0,True,138954,0.0
5_C430,37,0,0,True,138954,0.0
6_0201,37,0,0,True,141216,0.0
6_0202,37,0,0,True,141216,0.0
6_0203,37,0,0,True,141216,0.0
6_0204,37,0,0,True,141216,0.0
6_0205,37,0,0,True,141216,0.0
6_0206,37,0,0,True,141216,0.0
6_0207,37,0,0,True,141216,0.0
6_0208,37,0,0,True,141216,0.0
6_0209,37,0,0,True,141216,0.0
6_0210,37,0,0,True,141216,0.0
6_0211,37,0,0,True,141216,0.0
6_0212,37,0,0,True,141216,0.0
6_0501,37,0,0,True,138342,0.0
6_0502,37,0,0,True,138342,0.0
6_0503,37,0,0,True,138342,0.0
6_0504,37,0,0,True,138342,0.0
6_0505,37,0,0,True,138342,0.0
6_0506,37,0,0,True,138342,0.0
6_0507,37,0,0,True,138342,0.0
6_0508,37,0,0,True,138342,0.0
6_0509,37,0,0,True,138342,0.0
6_0559,37,0,0,True,138343,0.0
6_0560,37,0,0,True,138343,0.0
6_0561,37,0,0,True,138343,0.0
6_0562,37,0,0,True,138343,0.0
6_0563,37,0,0,True,138343,0.0
6_0564,37,0,0,True,138343,0.0
6_0565,37,0,0,True,138343,0.0
6_0566,37,0,0,True,138343,0.0
6_0567,37,0,0,True,138343,0.0
6_0568,37,0,0,True,138343,0.0
6_0569,37,0,0,True,138342,0.0
6_0570,37,0,0,True,138342,0.0
6_0571,37,0,0,True,138342,0.0
6_0602,37,0,0,True,145821,0.0
6_0603,37,0,0,True,145821,0.0
6_0604,37,0,0,True,145821,0.0
6_0605,37,0,0,True,145821,0.0
6_0606,37,0,0,True,145821,0.0
6_0607,37,0,0,True,145821,0.0
6_0608,37,0,0,True,145821,0.0
6_0659,37,0,0,True,145821,0.0
6_0660,37,0,0,True,145821,0.0
6_0661,37,0,0,True,145821,0.0
6_0662,37,0,0,True,145821,0.0
6_0663,37,0,0,True,145821,0.0
6_0664,37,0,0,True,145821,0.0
6_0811,37,0,0,True,141216,0.0
6_0812,37,0,0,True,141216,0.0
6_1253,37,0,0,True,144094,0.0
6_2002,37,0,0,True,145821,0.0
6_2004,37,0,0,True,136614,0.0
6_2038,37,0,0,True,146395,0.0
6_2040,37,0,0,True,144666,0.0
6_2041,37,0,0,True,144667,0.0
6_2051,37,0,0,True,142365,0.0
6_2053,37,0,0,True,141213,0.0
6_2647,37,0,0,True,141792,0.0
6_3005,37,0,0,True,145821,0.0
6_3010,37,0,0,True,136038,0.0
6_3013,37,0,0,True,136613,0.0
6_3017,37,0,0,True,137188,0.0
6_3019,37,0,0,True,136613,0.0
6_3021,37,0,0,True,135463,0.0
6_3024,37,0,0,True,136613,0.0
6_3030,37,0,0,True,145245,0.0
6_3042,37,0,0,True,141791,0.0
6_6044,37,0,0,True,142943,0.0
6_7452,37,0,0,True,142940,0.0
6_7454,37,0,0,True,141792,0.0
6_7455,37,0,0,True,141215,0.0
6_7456,37,0,0,True,141215,0.0
6_7491,37,0,0,True,138346,0.0
6_7493,37,0,0,True,136614,0.0
6_8149,37,0,0,True,138345,0.0
6_8150,37,0,0,True,137189,0.0
6_8151,37,0,0,True,137768,0.0
6_8153,37,0,0,True,138336,0.0
6_8156,37,0,0,True,138337,0.0
6_8201,37,0,0,True,138915,0.0
6_8202,37,0,0,True,139489,0.0
6_8534,37,0,0,True,136040,0.0
6_8535,37,0,0,True,136040,0.0
6_9048,37,0,0,True,136038,0.0
6_9049,37,0,0,True,142367,0.0
6_9107,37,0,0,True,143520,0.0
6_A310,37,0,0,True,144094,0.0
6_A311,37,0,0,True,144094,0.0
6_A320,37,0,0,True,144094,0.0
6_A321,37,0,0,True,144094,0.0
6_A330,37,0,0,True,144094,0.0
6_A340,37,0,0,True,144094,0.0
6_A350,37,0,0,True,144094,0.0
6_A351,37,0,0,True,144094,0.0
6_A352,37,0,0,True,144094,0.0
6_A353,37,0,0,True,144094,0.0
6_A361,37,0,0,True,144094,0.0
6_A362,37,0,0,True,144094,0.0
6_A363,37,0,0,True,144094,0.0
6_A410,37,0,0,True,135463,0.0
6_A411,37,0,0,True,135463,0.0
6_A412,37,0,0,True,135463,0.0
6_A420,37,0,0,True,135463,0.0
6_A421,37,0,0,True,135463,0.0
6_A422,37,0,0,True,135463,0.0
6_A423,37,0,0,True,135463,0.0
6_A430,37,0,0,True,135463,0.0
6_A441,37,0,0,True,135463,0.0
6_A442,37,0,0,True,135463,0.0
6_A443,37,0,0,True,135463,0.0
6_A805,37,0,0,True,141216,0.0
6_A806,37,0,0,True,141216,0.0
6_B410,37,0,0,True,141215,0.0
6_B411,37,0,0,True,141215,0.0
6_B412,37,0,0,True,141215,0.0
6_B413,37,0,0,True,141215,0.0
6_B420,37,0,0,True,141215,0.0
6_B421,37,0,0,True,141215,0.0
6_B423,37,0,0,True,141215,0.0
6_B430,37,0,0,True,141215,0.0
6_B441,37,0,0,True,141215,0.0
6_B442,37,0,0,True,141215,0.0
6_B443,37,0,0,True,141215,0.0
6_B451,37,0,0,True,141215,0.0
6_B452,37,0,0,True,141215,0.0
6_B453,37,0,0,True,141215,0.0
8_0213,37,0,0,True,144121,0.0
8_0214,37,0,0,True,144121,0.0
8_0215,37,0,0,True,144121,0.0
8_0216,37,0,0,True,144121,0.0
8_0217,37,0,0,True,144121,0.0
8_0218,37,0,0,True,144121,0.0
8_0219,37,0,0,True,144121,0.0
8_0220,37,0,0,True,144121,0.0
8_0221,37,0,0,True,144121,0.0
8_0222,37,0,0,True,144121,0.0
8_0223,37,0,0,True,144121,0.0
8_0224,37,0,0,True,144121,0.0
8_0259,37,0,0,True,144121,0.0
8_0501,37,0,0,True,143548,0.0
8_0502,37,0,0,True,143548,0.0
8_0503,37,0,0,True,143548,0.0
8_0504,37,0,0,True,143548,0.0
8_0505,37,0,0,True,143548,0.0
8_0506,37,0,0,True,143548,0.0
8_0507,37,0,0,True,143548,0.0
8_0508,37,0,0,True,143548,0.0
8_0509,37,0,0,True,143548,0.0
8_0559,37,0,0,True,143548,0.0
8_0560,37,0,0,True,143548,0.0
8_0811,37,0,0,True,144121,0.0
8_0812,37,0,0,True,144121,0.0
8_1029,37,0,0,True,144692,0.0
8_1047,37,0,0,True,144115,0.0
8_1053,37,0,0,True,142388,0.0
8_1057,37,0,0,True,142963,0.0
8_2008,37,0,0,True,141820,0.0
8_3032,37,0,0,True,143541,0.0
8_6002,37,0,0,True,142394,0.0
8_6013,37,0,0,True,144700,0.0
8_7035,37,0,0,True,144121,0.0
8_7036,37,0,0,True,143546,0.0
8_7776,37,0,0,True,143545,0.0
8_7780,37,0,0,True,142969,0.0
8_7781,37,0,0,True,141820,0.0
8_7783,37,0,0,True,143540,0.0
8_9019,37,0,0,True,144121,0.0
8_9020,37,0,0,True,144697,0.0
8_A310,37,0,0,True,142388,0.0
8_A320,37,0,0,True,142388,0.0
8_A330,37,0,0,True,142388,0.0
8_A340,37,0,0,True,142388,0.0
8_A350,37,0,0,True,142388,0.0
8_A410,37,0,0,True,140669,0.0
8_A411,37,0,0,True,140669,0.0
8_A412,37,0,0,True,140669,0.0
8_A413,37,0,0,True,140669,0.0
8_A414,37,0,0,True,140669,0.0
8_A415,37,0,0,True,140669,0.0
8_A430,37,0,0,True,140669,0.0
8_A431,37,0,0,True,140669,0.0
8_A441,37,0,0,True,140669,0.0
8_A442,37,0,0,True,140669,0.0
8_A443,37,0,0,True,140669,0.0
8_A444,37,0,0,True,140669,0.0
8_A445,37,0,0,True,140669,0.0
8_A446,37,0,0,True,140669,0.0
8_A451,37,0,0,True,140669,0.0
8_A452,37,0,0,True,140669,0.0
8_A455,37,0,0,True,140669,0.0
8_B310,37,0,0,True,141820,0.0
8_B320,37,0,0,True,141820,0.0
8_B330,37,0,0,True,141820,0.0
8_B350,37,0,0,True,141820,0.0
9_0901,37,0,0,True,145901,0.0
9_0902,37,0,0,True,145901,0.0
9_0903,37,0,0,True,145901,0.0
9_0960,37,0,0,True,145901,0.0
9_0961,37,0,0,True,145901,0.0
9_0962,37,0,0,True,145901,0.0
9_1803,37,0,0,True,145902,0.0
9_4008,37,0,0,True,146477,0.0
9_4020,37,0,0,True,145901,0.0
9_5001,37,0,0,True,146477,0.0
