source,target,distance_km,route_key,bbox_diagonal_km,topology_status,real_axis_verdict,local_neighbour_verdict,source_route_no,target_route_no,source_route_signing,target_route_signing,src_snap_m,dst_snap_m,same_osm_edge,osm_path_km,detour_ratio,src_osm_ref,dst_osm_ref,src_osm_name,dst_osm_name,ref_overlap,name_overlap
28_5025,28_A350,99.10133916934186,3_84,118.11817892832033,fetch_or_match_failed,needs_manual_map_check,unknown,,,,,,,,,,,,,,,
41_7081,53_7409,99.03257550503028,2_82,120.22663451515969,short_connected,same_real_axis_supported,same_corridor_but_not_local,82,82,2.0,2.0,0.7539594139508173,6.3231243781739055,0.0,140.63431061885223,1.4200813207337906,i 82,i 82;us 12,mcnary highway,,1.0,0.0
1_0107,1_4129,97.14944319817889,3_280,119.33969339930475,short_connected,same_real_axis_supported,same_corridor_but_not_local,280,280,3.0,3.0,5.777317923063967,2.7514639550729423,0.0,100.53828887517744,1.0348828111148876,us 280;us 431,us 280,,,1.0,0.0
19_5046,19_9116,95.99333069536743,2_35,115.7452400935226,short_connected,same_real_axis_supported,same_corridor_but_not_local,35,35,2.0,2.0,1.057391631964287,1.1319826309543342,0.0,89.47922863775379,0.9321400558723607,i 35,i 35;i 35;ia 27,,avenue of the saints,1.0,0.0
53_1008,53_7322,92.9545701576142,3_195,112.66426517626418,short_connected,same_real_axis_supported,same_corridor_but_not_local,195,195,3.0,3.0,1.616152108647183,0.7126494292890606,0.0,100.85451942971372,1.0849872067473856,us 195,us 195,,,1.0,0.0
53_3019,53_7409,92.72385539168214,2_82,111.13018150668934,unreachable,not_supported,not_local_neighbours,82,82,2.0,2.0,1.882224889309884,6.3231243781739055,0.0,,,i 82;us 395,i 82;us 12,lewis and clark trail highway,,1.0,0.0
27_4040,27_B350,92.59053545721648,3_2,109.11839960888851,short_connected,same_real_axis_supported,same_corridor_but_not_local,2,2,3.0,3.0,4.641159103597714,1.7820677694464462,0.0,94.07659483727736,1.016049797884013,mn 6;us 2,us 2;us 71,,paul bunyan expressway,1.0,0.0
1_0601,1_3028,89.19999466727813,2_59,112.24887732921817,short_connected,same_real_axis_supported,same_corridor_but_not_local,59,59,2.0,2.0,0.976254882344944,2.2340934006053894,0.0,83.94783431150863,0.9411192750026454,i 59,i 59,,,1.0,0.0
6_8534,6_9048,87.21777912448657,2_8,104.90858396737852,unreachable,not_supported,not_local_neighbours,8,8,2.0,2.0,2.049365012773534,3.415157359846914,0.0,,,i 8,i 8,kumeyaay highway,kumeyaay highway,1.0,1.0
6_8535,6_A441,87.14822770739572,2_8,104.58929180879937,unreachable,not_supported,not_local_neighbours,8,8,2.0,2.0,4.231390961305876,0.34918908334536164,0.0,,,i 8,i 8,kumeyaay highway,kumeyaay highway,1.0,1.0
6_3010,6_3013,85.88375536956697,2_15,106.93587932042395,short_connected,same_real_axis_supported,same_corridor_but_not_local,15,15,2.0,2.0,4.786837778133588,9.793464230022767,0.0,92.81450358317271,1.0806991751092159,i 15,i 15,escondido freeway,temecula valley freeway,1.0,0.0
46_3009,46_3010,84.78286831894845,2_29,103.78904684340685,short_connected,same_real_axis_supported,same_corridor_but_not_local,29,29,2.0,2.0,4.12357251712781,5.270503408565825,0.0,88.38697006476411,1.0425097878530984,i 29,i 29;us 81,,,1.0,0.0
27_0509,27_4050,79.24533741343433,3_2,96.8445974861863,short_connected,connected_but_far,same_corridor_but_not_local,2,2,3.0,3.0,2.679934492496025,0.4256354358052757,0.0,80.21472518306643,1.0122327420296624,us-2,us 2,,,0.0,0.0
48_3629,48_5154,76.17062130866698,2_10,93.95726509878112,short_connected,connected_but_far,same_corridor_but_not_local,10,10,2.0,2.0,3.5509272614296856,4.600439792614537,0.0,67.04449546404071,0.88018837594032,,i 10,united states highway 90,,0.0,0.0
6_3010,6_3019,75.78104517428358,2_15,96.343748753358,short_connected,same_real_axis_supported,same_corridor_but_not_local,15,15,2.0,2.0,4.786837778133588,2.17184078954703,0.0,79.13423848531735,1.0442484437014825,i 15,i 15,escondido freeway,temecula valley freeway,1.0,0.0
16_1001,16_9034,75.11440273287883,3_95,95.7712165376664,short_connected,same_real_axis_supported,same_corridor_but_not_local,95,95,3.0,3.0,7.114591214866977,2.033023045798169,0.0,76.52245777501855,1.0187454734499726,us 95,us 2;us 95,,,1.0,0.0
40_4087,40_4162,73.84211364327602,3_62,90.39678856199725,short_connected,connected_but_far,same_corridor_but_not_local,62,62,3.0,3.0,0.6972124484963699,2.22225285991553,0.0,73.32622964642542,0.9930136886473376,us 62,,"colonel aaron c. ""burley"" burleson memorial highway",northwest quanhah parker trail way,0.0,0.0
28_5006,28_5803,72.95160998789552,3_78,95.62434376326812,short_connected,same_real_axis_supported,same_corridor_but_not_local,78,78,3.0,3.0,0.6350068448208295,3.1927990734561145,0.0,64.16271950089376,0.8795243794008101,i 22;us 78,i 22;us 78,,,1.0,0.0
27_3013,27_7090,69.723325312282,3_169,91.46947039298084,short_connected,same_real_axis_supported,same_corridor_but_not_local,169,169,3.0,3.0,3.3010263780582805,7.13014025267231,0.0,79.85484055356388,1.1453102702130755,us 169,us 169,,,1.0,0.0
51_1464,51_2564,68.22469003244854,2_64,90.52450943401524,short_connected,same_real_axis_supported,same_corridor_but_not_local,64,64,2.0,2.0,5.142825116861926,1.1671583015161482,0.0,82.08099338018407,1.2030980769739708,i 64,i 64,,hampton roads beltway,1.0,0.0
1_3998,1_6012,63.35300118586449,2_20,86.52917002902247,short_connected,same_real_axis_supported,same_corridor_but_not_local,20,20,2.0,2.0,3.710362884702446,7.760955998234722,0.0,63.36549055828902,1.0001971393965676,i 20;i 59,i 20;i 59,,,1.0,0.0
38_2001,38_3005,62.64453333196899,3_2,79.01790120118703,short_connected,same_real_axis_supported,same_corridor_but_not_local,2,2,3.0,3.0,4.356584929570829,12.30388035499256,0.0,64.92360516752431,1.036381017055039,us 2,us 2,18th avenue,,1.0,0.0
19_0608,19_0709,62.37499257796264,2_35,81.2613710372436,short_connected,same_real_axis_supported,same_corridor_but_not_local,35,35,2.0,2.0,4.6001277314228,3.0148678929890216,0.0,59.33578988509237,0.9512753017313539,i 35,i 35,,,1.0,0.0
5_3011,5_4021,61.58962289768667,3_67,84.34201875817007,short_connected,same_real_axis_supported,same_corridor_but_not_local,67,67,3.0,3.0,5.82174145041995,21.467924307610367,0.0,64.85237011145486,1.0529755997887549,i 57,i 57;us 167,,,1.0,0.0
49_1017,49_A361,58.67024676014245,3_89,79.03606952926155,short_connected,same_real_axis_supported,same_corridor_but_not_local,89,89,3.0,3.0,3.809147247366111,3.587028603395423,0.0,44.571509583402566,0.7596952807378025,us 89,us 89,sevier highway,us highway 89;us-89,1.0,0.0
48_1181,48_6086,57.576845938351525,2_37,81.19245554568408,short_connected,same_real_axis_supported,same_corridor_but_not_local,37,37,2.0,2.0,4.377698806706693,2.8217409096270347,0.0,78.15154100227602,1.3573432119910522,i 37;us 281,i 37,,,1.0,0.0
55_3008,55_B909,56.95578795422669,2_43,78.45918970933684,short_connected,same_real_axis_supported,same_corridor_but_not_local,43,43,2.0,2.0,3.3730652803385315,7.787427678693577,0.0,66.67320893015511,1.170613406028865,i 43,i 43,,rock freeway,1.0,0.0
27_1019,27_3013,54.47430238658148,3_169,75.49576196097287,short_connected,same_real_axis_supported,same_corridor_but_not_local,169,169,3.0,3.0,6.0281870099199795,3.3010263780582805,0.0,61.70964888307207,1.1328212786488636,us 169,us 169,us highway 169,,1.0,0.0
49_1008,49_B361,54.14571789366405,3_89,76.69516044224764,short_connected,same_real_axis_supported,same_corridor_but_not_local,89,89,3.0,3.0,3.6386986339484793,2.323265116380464,0.0,56.576350908239405,1.0448905861650748,i 70 bus;us 50;us 89,us 89,state street,sevier highway,1.0,0.0
40_0117,40_A350,53.75119698858822,3_62,70.76367887963075,short_connected,same_real_axis_supported,same_corridor_but_not_local,62,62,3.0,3.0,1.2872112672884057,3.1834364021665067,0.0,46.60725165034787,0.8670923488502579,us 62,us 62,,"colonel aaron c. ""burley"" burleson memorial highway",1.0,0.0
40_0160,40_4087,52.992581398179595,3_62,70.09925291086383,short_connected,same_real_axis_supported,same_corridor_but_not_local,62,62,3.0,3.0,2.217802520580049,0.6972124484963699,0.0,49.81325933449102,0.9400043934489708,us 62,us 62,,"colonel aaron c. ""burley"" burleson memorial highway",1.0,0.0
40_0560,40_A320,52.98762874299633,3_62,70.07201071215947,short_connected,same_real_axis_supported,same_corridor_but_not_local,62,62,3.0,3.0,1.694613998188367,2.754207345148217,0.0,49.79257522760474,0.9397018966278258,us 62,us 62,,"colonel aaron c. ""burley"" burleson memorial highway",1.0,0.0
32_A410,32_C330,51.07671300537821,2_80,69.92206519445011,short_connected,same_real_axis_supported,same_corridor_but_not_local,80,80,2.0,2.0,7.691403010756172,0.16103750720166454,0.0,65.55154438271745,1.2833939485458878,i 80,i 80;us 93 alt,dwight d. eisenhower highway,dwight d. eisenhower highway,1.0,1.0
42_0604,42_1627,50.68844541566276,2_80,68.05827887787774,short_connected,same_real_axis_supported,same_corridor_but_not_local,80,80,2.0,2.0,4.604425432651875,2.81706865284479,0.0,45.26555050251811,0.8930151661059037,i 80,i 80,z. h. confair memorial highway,z. h. confair memorial highway,1.0,1.0
17_0664,17_5849,50.411057730830535,2_57,71.80185846579103,short_connected,same_real_axis_supported,same_corridor_but_not_local,57,57,2.0,2.0,4.390313281830504,5.800971245454116,0.0,54.01807325538215,1.071552069861562,i 57,i 57,,,1.0,0.0
27_4055,27_6064,50.098688959195826,2_94,70.36649144772134,short_connected,same_real_axis_supported,same_corridor_but_not_local,94,94,2.0,2.0,6.497282446686171,4.495359201150735,0.0,52.661183542768995,1.0511489349683434,i 94,i 94,,,1.0,0.0
6_0604,6_3030,50.035612113863635,2_5,69.57505440335548,unreachable,not_supported,not_local_neighbours,5,5,2.0,2.0,2.8466949245852775,0.6068267232905089,0.0,,,i 5,i 5,cascade wonderland highway,cascade wonderland highway,1.0,1.0
13_3011,13_3015,49.554148224421894,2_16,68.50866012722199,short_connected,same_real_axis_supported,same_corridor_but_not_local,16,16,2.0,2.0,3.637576401685099,4.4514634896789556,0.0,42.97733029085694,0.8672801739265152,i 16,i 16,jim gillis historic savannah parkway,jim gillis historic savannah parkway,1.0,1.0
55_3008,55_5040,48.81937586521814,2_43,69.60735946829637,short_connected,same_real_axis_supported,same_corridor_but_not_local,43,43,2.0,2.0,3.3730652803385315,1.120537140566804,0.0,49.55535151490255,1.0150754825648798,i 43,i 43,,,1.0,0.0
55_3014,55_A901,47.19528092101695,2_43,69.03092618991252,short_connected,same_real_axis_supported,same_corridor_but_not_local,43,43,2.0,2.0,0.4337263338051144,3.727094604140005,0.0,47.992122626717574,1.0168839275908574,i 43,i 43,,rock freeway,1.0,0.0
37_0201,37_1352,46.6402183060519,3_52,66.77761210599883,short_connected,same_real_axis_supported,same_corridor_but_not_local,52,52,3.0,3.0,9.825543200945077,6.1841993854624455,0.0,55.65921534925914,1.1933738170783166,i 285;us 52,us 52,,,1.0,0.0
28_0959,28_3097,45.604632323272455,2_55,66.30537747636548,short_connected,same_real_axis_supported,same_corridor_but_not_local,55,55,2.0,2.0,3.876184611894432,9.082751210238206,0.0,44.968549425361296,0.986052230540919,i 55,i 55;i 69,,,1.0,0.0
12_3995,12_4106,44.77952281352733,2_95,65.8807212848566,short_connected,same_real_axis_supported,same_corridor_but_not_local,95,95,2.0,2.0,10.689131761091758,11.689204140816178,0.0,44.20108500578025,0.9870825374768769,i 95,i 95,,,1.0,0.0
23_1026,23_1028,43.05675878453682,3_2,62.573213470199775,short_connected,same_real_axis_supported,same_corridor_but_not_local,2,2,3.0,3.0,2.0466707094182763,1.8231114159318997,0.0,60.21263303787352,1.3984478799063245,us 2,me 26;me 5;us 2,us route 2 west,mayville road,1.0,0.0
8_3032,8_7783,42.70016341959803,2_70,63.267148792952895,short_connected,same_real_axis_supported,same_corridor_but_not_local,70,70,2.0,2.0,0.1682116416404344,0.9264009124110221,0.0,58.65122907536517,1.3735598269032878,i 70,i 70,,dinosaur diamond prehistoric highway,1.0,0.0
5_4023,5_A430,42.30868146259177,3_67,65.17833989662361,short_connected,same_real_axis_supported,same_corridor_but_not_local,67,67,3.0,3.0,2.704995235893114,19.28320219288408,0.0,48.482124702271975,1.1459143378206813,i 57;us 167;us 64,i 57;us 167,,,1.0,0.0
18_1037,18_5043,41.468438699819345,4_66,62.03136301511739,short_connected,same_real_axis_supported,same_corridor_but_not_local,66,66,4.0,4.0,2.2851341567526586,4.856323068036162,0.0,44.00057827809439,1.061061849871046,sr 66,sr 66,,west diamond avenue,1.0,0.0
4_0122,4_A310,39.17226467612205,3_93,61.900130757121964,short_connected,same_real_axis_supported,same_corridor_but_not_local,93,93,3.0,3.0,0.795957567551906,0.21192456448964203,0.0,34.13188001390777,0.8713277186323437,us 93,us 93,hoover dam–kingman highway,hoover dam–kingman highway,1.0,1.0
8_7036,8_7776,37.153488955515016,2_70,54.310786614322225,short_connected,same_real_axis_supported,same_corridor_but_not_local,70,70,2.0,2.0,6.295437062299064,3.1981780446080847,0.0,44.11853733767222,1.1874668726400546,i 70;i 70;us 36;us 40;us 287,i 70,dwight d. eisenhower highway,dwight d. eisenhower highway,1.0,1.0
41_5022,41_6011,37.09351205773233,2_5,57.173571502857435,unreachable,not_supported,not_local_neighbours,5,5,2.0,2.0,1.3464706549509307,2.288515780444832,0.0,,,i 5,i 5,,,1.0,0.0
40_4086,40_4154,36.1506866596714,3_81,55.95716185543569,short_connected,same_real_axis_supported,same_corridor_but_not_local,81,81,3.0,3.0,11.483043180596122,6.671350953580325,0.0,37.033170408984574,1.0244112582873188,us 81,us 81,,,1.0,0.0
41_5005,41_6011,35.82039624112238,2_5,55.11376523363836,short_connected,same_real_axis_supported,same_corridor_but_not_local,5,5,2.0,2.0,3.001757556765572,2.288515780444832,0.0,19.451816842108453,0.54303745584415,i 5,i 5,,,1.0,0.0
28_3081,28_5006,35.62134722165591,3_78,56.15005892406163,short_connected,same_real_axis_supported,same_corridor_but_not_local,78,78,3.0,3.0,9.314253778490553,0.6350068448208295,0.0,32.61397083245455,0.9155737605743044,i 22;us 78,i 22;us 78,,,1.0,0.0
48_3010,48_4152,34.2885296839681,4_146,57.13794480821827,short_connected,connected_but_far,same_corridor_but_not_local,146,146,4.0,4.0,7.728281265657668,21.779775455776498,0.0,41.31190698153007,1.2048316845981826,,tx 146,crystal boulevard,,0.0,0.0
55_3015,55_3016,33.30774680944062,3_51,53.29118522138522,short_connected,same_real_axis_supported,same_corridor_but_not_local,51,51,3.0,3.0,3.504948876525102,5.954265762865627,0.0,29.502900916148,0.8857669383924165,i 39;us 51;wi 23,i 39;us 51,interstate 39,,1.0,0.0
5_A608,5_B410,32.21097345016156,3_65,55.281666552401134,short_connected,connected_but_far,same_corridor_but_not_local,65,65,3.0,3.0,6.44135084647309,3.6189969078274866,0.0,29.776006116786498,0.9244056583032932,i 530;us 65,us 65b,,martha mitchell expressway,0.0,0.0
20_3060,29_4036,32.048196089230785,2_435,53.95555796985584,short_connected,same_real_axis_supported,same_corridor_but_not_local,435,435,2.0,2.0,5.357737902087493,2.083763136303875,0.0,41.04613390137097,1.28076269213679,i 435,i 435,,,1.0,0.0
40_1017,40_4157,31.17968368692523,3_69,51.914023863594814,short_connected,same_real_axis_supported,same_corridor_but_not_local,69,69,3.0,3.0,5.766801995082645,6.80967557878977,0.0,31.74902499244012,1.0182600090248395,us 69,us 69,north 32nd street,,1.0,0.0
27_1003,27_4055,30.99475319100171,2_94,51.632965056321865,short_connected,same_real_axis_supported,same_corridor_but_not_local,94,94,2.0,2.0,4.199727292680519,6.497282446686171,0.0,39.189191283460794,1.264381459725192,i 94,i 94,mnroad mainline,,1.0,0.0
6_7491,6_8149,30.29335587975694,2_40,51.172270944287575,short_connected,same_real_axis_supported,same_corridor_but_not_local,40,40,2.0,2.0,2.3165263246813868,1.4314617053458079,0.0,39.71527807342352,1.3110227282531821,i 40,i 40,needles freeway,needles freeway,1.0,1.0
