treatment_label,count
Missing / not recorded,2840
Crack Sealing,726
"Patch Pot Holes - Hand Spread, Compacted with Truck",394
Asphalt Concrete Overlay,297
Aggregate Seal Coat,282
Partial depth patching of PCC pavements at joints,243
Skin Patching (hand tools/hot pot to apply liquid asphalt and aggregate),211
"Transverse Joint Sealing, Lane-Shoulder Longitudinal Joint Sealing",194
Mill Off AC and Overlay with AC,164
Partial Depth Patching of PCC Pavement Other Than at Joint,137
Manual Premix Spot Patch (hand spreading and compacting with roller),136
Slurry Seal Coat,112
Grinding Surface,109
"Full Depth Patch of AC Pavement (removing damaged material, repairing supporting material, and repairing)",105
AC Shoulder Restoration,88
"AC Shoulder Restoration, Asphalt Concrete Overlay",81
"AC Shoulder Restoration, Mill Off AC and Overlay with AC",74
Mill Existing Pavement and Overlay with Hot-Mix Recycled AC,74
Lane-Shoulder Longitudinal Joint Sealing,73
Full Depth Patching of PCC Pavement Other Than at Joint,58
"Partial depth patching of PCC pavements at joints, Partial Depth Patching of PCC Pavement Other Than at Joint",56
Fog Seal Coat,53
Strip Patching (using spreader and distributor to apply hot liquid asphalt and aggregate),45
"Crack Sealing, Transverse Joint Sealing, Lane-Shoulder Longitudinal Joint Sealing",45
Full Depth Transverse Joint Repair Patch,45
"Surface Treatment, Single Layer",39
"Crack Sealing, Patch Pot Holes - Hand Spread, Compacted with Truck",36
"AC Shoulder Restoration, Hot-Mix Recycled Asphalt Concrete Overlay",36
"AC Shoulder Restoration, Mill Existing Pavement and Overlay with Hot-Mix Recycled AC",34
"AC Shoulder Restoration, Lane-Shoulder Longitudinal Joint Sealing",30
Machine Premix Patch (placing premix with paver roller),29
PCC Slab Replacement,28
Mill Existing Pavement and Overlay with Warm Mix Recycled AC,26
Transverse Joint Sealing,24
AC Shoulder Replacement,23
"Asphalt Concrete Overlay, Mill Off AC and Overlay with AC",22
"AC Shoulder Restoration, Asphalt Concrete Overlay, Partial depth patching of PCC pavements at joints",22
"Aggregate Seal Coat, Mill Off AC and Overlay with AC",20
Hot-Mix Recycled Asphalt Concrete Overlay,20
Mechanical Premix Patch (using motor grader and roller),18
"AC Shoulder Restoration, Asphalt Concrete Overlay, Fracture Treatment of PCC Pavement as Base for New AC Surface",18
"Asphalt Concrete Overlay, Fracture Treatment of PCC Pavement as Base for New AC Surface",18
Longitudinal Subdrains,17
"Full Depth Transverse Joint Repair Patch, Partial depth patching of PCC pavements at joints",16
"Crack Sealing, Full Depth Patch of AC Pavement (removing damaged material, repairing supporting material, and repairing)",13
"Lane-Shoulder Longitudinal Joint Sealing, Partial depth patching of PCC pavements at joints",13
"AC Shoulder Restoration, Asphalt Concrete Overlay, Longitudinal Subdrains, Fracture Treatment of PCC Pavement as Base for New AC Surface",13
"Full Depth Patch of AC Pavement (removing damaged material, repairing supporting material, and repairing), Patch Pot Holes - Hand Spread, Compacted with Truck",12
"Transverse Joint Sealing, Lane-Shoulder Longitudinal Joint Sealing, Full Depth Patching of PCC Pavement Other Than at Joint",12
"Asphalt Concrete Overlay, Aggregate Seal Coat",12
"Asphalt Concrete Overlay, Longitudinal Subdrains, Fracture Treatment of PCC Pavement as Base for New AC Surface",12
"Full Depth Transverse Joint Repair Patch, Full Depth Patching of PCC Pavement Other Than at Joint",11
"Asphalt Concrete Overlay, Mill Existing Pavement and Overlay with Hot-Mix Recycled AC",11
"AC Shoulder Restoration, Tack Coat, Mill Off AC and Overlay with AC",11
"AC Shoulder Replacement, Mill Off AC and Overlay with AC",10
"Crack Sealing, Lane-Shoulder Longitudinal Joint Sealing",9
Sand Seal Coat,9
"AC Shoulder Replacement, Mill Existing Pavement and Overlay with Hot-Mix Recycled AC",9
"Crack Sealing, Skin Patching (hand tools/hot pot to apply liquid asphalt and aggregate)",8
"Surface Treatment, Double Layer",8
"Mill Existing Pavement and Overlay with Hot-Mix Recycled AC, Warm Mix AC Overlay with RAP and/or RAS",8
"Crack Sealing, Strip Patching (using spreader and distributor to apply hot liquid asphalt and aggregate)",8
"AC Shoulder Restoration, Grinding Surface",7
"AC Shoulder Restoration, Asphalt Concrete Overlay, Full Depth Transverse Joint Repair Patch",6
"Crack Sealing, Partial depth patching of PCC pavements at joints",6
"AC Shoulder Restoration, Transverse Joint Sealing, Lane-Shoulder Longitudinal Joint Sealing, Partial depth patching of PCC pavements at joints",6
"AC Shoulder Replacement, Asphalt Concrete Overlay",6
"Manual Premix Spot Patch (hand spreading and compacting with roller), Patch Pot Holes - Hand Spread, Compacted with Truck",6
"Transverse Joint Sealing, Lane-Shoulder Longitudinal Joint Sealing, Partial depth patching of PCC pavements at joints",6
"Crack Sealing, Transverse Joint Sealing",6
Joint Load Transfer Restoration in PCC Pavements,6
"Hot-Mix Recycled Asphalt Concrete Overlay, Mill Existing Pavement and Overlay with Hot-Mix Recycled AC",6
"Longitudinal Subdrains, Fracture Treatment of PCC Pavement as Base for New AC Surface",6
"Crack Sealing, Asphalt Concrete Overlay",6
"AC Shoulder Restoration, Partial depth patching of PCC pavements at joints",5
"Crack Sealing, Full Depth Patch of AC Pavement (removing damaged material, repairing supporting material, and repairing), Patch Pot Holes - Hand Spread, Compacted with Truck",5
"AC Shoulder Restoration, Partial depth patching of PCC pavements at joints, Partial Depth Patching of PCC Pavement Other Than at Joint",5
"Grinding Surface, Partial depth patching of PCC pavements at joints, Partial Depth Patching of PCC Pavement Other Than at Joint",5
"Grinding Surface, Asphalt Concrete Overlay",5
"Crack Sealing, Skin Patching (hand tools/hot pot to apply liquid asphalt and aggregate), Strip Patching (using spreader and distributor to apply hot liquid asphalt and aggregate)",5
Mill Existing Pavement and Overlay with Cold-Mix Recycled AC,5
"Asphalt Concrete Overlay, Surface Treatment, Single Layer",5
Fracture Treatment of PCC Pavement as Base for New AC Surface,5
"AC Shoulder Replacement, Asphalt Concrete Overlay, Longitudinal Subdrains, Fracture Treatment of PCC Pavement as Base for New AC Surface",5
"Full Depth Transverse Joint Repair Patch, Joint Load Transfer Restoration in PCC Pavements",5
"AC Shoulder Restoration, Portland Cement Concrete Overlay",5
"Portland Cement Concrete Overlay, Longitudinal Subdrains",5
"AC Shoulder Restoration, Full Depth Transverse Joint Repair Patch",4
"Full Depth Patching of PCC Pavement Other Than at Joint, Partial Depth Patching of PCC Pavement Other Than at Joint",4
"Full Depth Transverse Joint Repair Patch, Full Depth Patching of PCC Pavement Other Than at Joint, Joint Load Transfer Restoration in PCC Pavements",4
"Sand Seal Coat, Saw and Seal",4
"Crack Sealing, Manual Premix Spot Patch (hand spreading and compacting with roller)",4
"Transverse Joint Sealing, Partial depth patching of PCC pavements at joints",4
"Full Depth Transverse Joint Repair Patch, PCC Slab Replacement",4
"Partial Depth Patching of PCC Pavement Other Than at Joint, PCC Slab Replacement",4
"Asphalt Concrete Overlay, Hot-Mix Recycled Asphalt Concrete Overlay",4
"AC Shoulder Restoration, Grinding Surface, Portland Cement Concrete Overlay, Lane-Shoulder Longitudinal Joint Sealing",4
"AC Shoulder Restoration, Portland Cement Concrete Overlay, Lane-Shoulder Longitudinal Joint Sealing",4
"Other, Mill Existing Pavement and Overlay with Hot-Mix Recycled AC",4
"Asphalt Concrete Overlay, Hot-Mix Recycled Asphalt Concrete Overlay, Mill Off AC and Overlay with AC",4
"AC Shoulder Replacement, Asphalt Concrete Overlay, Fracture Treatment of PCC Pavement as Base for New AC Surface",4
"Asphalt Concrete Overlay, Longitudinal Subdrains",4
"AC Shoulder Restoration, Asphalt Concrete Overlay, Machine Premix Patch (placing premix with paver roller)",4
"AC Shoulder Restoration, Asphalt Concrete Overlay, Mill Off AC and Overlay with AC",4
"AC Shoulder Restoration, Hot-Mix Recycled Asphalt Concrete Overlay, Mill Existing Pavement and Overlay with Hot-Mix Recycled AC",4
"Pressure Grout Subsealing, Transverse Joint Sealing, Lane-Shoulder Longitudinal Joint Sealing",4
"Portland Cement Concrete Overlay, PCC Shoulder Restoration",4
"Grinding Surface, Portland Cement Concrete Overlay, Longitudinal Subdrains",4
"AC Shoulder Restoration, Asphalt Concrete Overlay, Fog Seal Coat",4
"Crack Sealing, AC Shoulder Restoration, Skin Patching (hand tools/hot pot to apply liquid asphalt and aggregate)",3
"AC Shoulder Restoration, Asphalt Concrete Overlay, Longitudinal Subdrains",3
"Full Depth Patch of AC Pavement (removing damaged material, repairing supporting material, and repairing), Mill Off AC and Overlay with AC",3
"AC Shoulder Replacement, Partial Depth Patching of PCC Pavement Other Than at Joint",3
"AC Shoulder Restoration, Asphalt Concrete Overlay, Saw and Seal",3
"Full Depth Patching of PCC Pavement Other Than at Joint, Partial depth patching of PCC pavements at joints",3
"Grinding Surface, Transverse Joint Sealing, Lane-Shoulder Longitudinal Joint Sealing",3
"AC Shoulder Restoration, Asphalt Concrete Overlay, Full Depth Patch of AC Pavement (removing damaged material, repairing supporting material, and repairing)",3
"Crack Sealing, AC Shoulder Restoration",3
"Partial depth patching of PCC pavements at joints, PCC Slab Replacement",3
"Transverse Joint Sealing, Full Depth Transverse Joint Repair Patch",3
"Lane-Shoulder Longitudinal Joint Sealing, PCC Slab Replacement",3
"AC Shoulder Restoration, Asphalt Concrete Overlay, Mill Existing Pavement and Overlay with Hot-Mix Recycled AC",3
"Crack Sealing, Transverse Joint Sealing, Lane-Shoulder Longitudinal Joint Sealing, Partial Depth Patching of PCC Pavement Other Than at Joint",3
"AC Shoulder Restoration, Mill Existing Pavement and Overlay with Warm Mix AC",3
"Asphalt Concrete Overlay, Full Depth Patching of PCC Pavement Other Than at Joint",3
"Full Depth Transverse Joint Repair Patch, Full Depth Patching of PCC Pavement Other Than at Joint, Joint Load Transfer Restoration in PCC Pavements, Partial Depth Patching of PCC Pavement Other Than at Joint",3
"Full Depth Transverse Joint Repair Patch, Joint Load Transfer Restoration in PCC Pavements, Partial Depth Patching of PCC Pavement Other Than at Joint",3
"Asphalt Concrete Overlay, Strip Patching (using spreader and distributor to apply hot liquid asphalt and aggregate), Hot-Mix Recycled Asphalt Concrete Overlay",3
"Asphalt Concrete Overlay, Longitudinal Subdrains, Full Depth Transverse Joint Repair Patch, Joint Load Transfer Restoration in PCC Pavements",3
Grooving Surface,3
"AC Shoulder Restoration, Grinding Surface, Portland Cement Concrete Overlay",3
"Crack Sealing, Slurry Seal Coat",3
"Crack Sealing, Partial Depth Patching of PCC Pavement Other Than at Joint",2
"Full Depth Transverse Joint Repair Patch, Full Depth Patching of PCC Pavement Other Than at Joint, PCC Slab Replacement",2
"Crack Sealing, Aggregate Seal Coat",2
"AC Shoulder Restoration, Full Depth Transverse Joint Repair Patch, Partial depth patching of PCC pavements at joints",2
"AC Shoulder Restoration, Other, PCC Slab Replacement",2
"Full Depth Transverse Joint Repair Patch, Partial depth patching of PCC pavements at joints, PCC Slab Replacement",2
"Full Depth Transverse Joint Repair Patch, Partial Depth Patching of PCC Pavement Other Than at Joint",2
"Manual Premix Spot Patch (hand spreading and compacting with roller), Aggregate Seal Coat",2
"AC Shoulder Restoration, Patch Pot Holes - Hand Spread, Compacted with Truck, Hot-Mix Recycled Asphalt Concrete Overlay",2
"Transverse Joint Sealing, Lane-Shoulder Longitudinal Joint Sealing, Partial depth patching of PCC pavements at joints, Partial Depth Patching of PCC Pavement Other Than at Joint",2
"Grinding Surface, Partial depth patching of PCC pavements at joints",2
"Transverse Joint Sealing, Lane-Shoulder Longitudinal Joint Sealing, Full Depth Transverse Joint Repair Patch",2
"Asphalt Concrete Overlay, Mill Existing Pavement and Overlay with Cold-Mix Recycled AC",2
"Patch Pot Holes - Hand Spread, Compacted with Truck, Surface Treatment, Single Layer",2
"Grinding Surface, Patch Pot Holes - Hand Spread, Compacted with Truck, Joint Load Transfer Restoration in PCC Pavements",2
"Grinding Surface, Patch Pot Holes - Hand Spread, Compacted with Truck, Full Depth Transverse Joint Repair Patch, Joint Load Transfer Restoration in PCC Pavements",2
"Grinding Surface, Full Depth Transverse Joint Repair Patch, Joint Load Transfer Restoration in PCC Pavements",2
"Manual Premix Spot Patch (hand spreading and compacting with roller), Lane-Shoulder Longitudinal Joint Sealing",2
"Grinding Surface, Transverse Joint Sealing, Full Depth Transverse Joint Repair Patch, Partial depth patching of PCC pavements at joints",2
"Crack Sealing, Transverse Joint Sealing, Patch Pot Holes - Hand Spread, Compacted with Truck",2
"Grinding Surface, Patch Pot Holes - Hand Spread, Compacted with Truck",2
"Crack Sealing, Machine Premix Patch (placing premix with paver roller)",2
"Patch Pot Holes - Hand Spread, Compacted with Truck, Fog Seal Coat",2
"Grinding Surface, Joint Load Transfer Restoration in PCC Pavements",2
"Pressure Grout Subsealing, Longitudinal Subdrains",2
"AC Shoulder Replacement, Grinding Surface, Transverse Joint Sealing, Longitudinal Subdrains",2
"Grinding Surface, Full Depth Patching of PCC Pavement Other Than at Joint",2
"AC Shoulder Restoration, Asphalt Concrete Overlay, Fog Seal Coat, Mill Off AC and Overlay with AC",2
"AC Shoulder Restoration, Warm Mix AC Overlay with RAP and/or RAS",2
"Other, Mill Existing Pavement and Overlay with Warm Mix Recycled AC",2
Warm Mix AC Overlay with RAP and/or RAS,2
"AC Shoulder Replacement, Asphalt Concrete Overlay, Hot-Mix Recycled Asphalt Concrete Overlay",2
"Aggregate Seal Coat, Hot-Mix Recycled Asphalt Concrete Overlay",2
"AC Shoulder Replacement, Asphalt Concrete Overlay, Saw and Seal",2
"Full Depth Transverse Joint Repair Patch, Other",2
"AC Shoulder Restoration, Asphalt Concrete Overlay, Full Depth Transverse Joint Repair Patch, PCC Slab Replacement",2
"Asphalt Concrete Overlay, Partial Depth Patching of PCC Pavement Other Than at Joint",2
"Crack Sealing, Pressure Grout Subsealing, Transverse Joint Sealing, Lane-Shoulder Longitudinal Joint Sealing",2
"AC Shoulder Restoration, Machine Premix Patch (placing premix with paver roller), Mill Off AC and Overlay with AC",2
"AC Shoulder Restoration, Machine Premix Patch (placing premix with paver roller), Mill Existing Pavement and Overlay with Hot-Mix Recycled AC",2
"Asphalt Concrete Overlay, Manual Premix Spot Patch (hand spreading and compacting with roller)",2
"Strip Patching (using spreader and distributor to apply hot liquid asphalt and aggregate), Slurry Seal Coat",2
"Asphalt Concrete Overlay, Fog Seal Coat",2
"Asphalt Concrete Overlay, Strip Patching (using spreader and distributor to apply hot liquid asphalt and aggregate)",2
"Transverse Joint Sealing, Lane-Shoulder Longitudinal Joint Sealing, PCC Slab Replacement",2
"AC Shoulder Restoration, Asphalt Concrete Overlay, Tack Coat",2
"AC Shoulder Restoration, Tack Coat, Mill Existing Pavement and Overlay with Hot-Mix Recycled AC",2
"Asphalt Concrete Overlay, Full Depth Transverse Joint Repair Patch",2
"Grinding Surface, Transverse Joint Sealing, Partial depth patching of PCC pavements at joints",2
"Grinding Surface, Portland Cement Concrete Overlay, PCC Shoulder Restoration",2
"Grinding Surface, Portland Cement Concrete Overlay, Full Depth Patching of PCC Pavement Other Than at Joint, PCC Shoulder Restoration",2
"AC Shoulder Restoration, Grinding Surface, Transverse Joint Sealing, Portland Cement Concrete Overlay, Lane-Shoulder Longitudinal Joint Sealing, Full Depth Transverse Joint Repair Patch",2
"AC Shoulder Replacement, Asphalt Concrete Overlay, Longitudinal Subdrains, Full Depth Transverse Joint Repair Patch, Fracture Treatment of PCC Pavement as Base for New AC Surface, PCC Slab Replacement",2
"AC Shoulder Replacement, Asphalt Concrete Overlay, Longitudinal Subdrains",2
"AC Shoulder Restoration, Asphalt Concrete Overlay, Fog Seal Coat, Hot-Mix Recycled Asphalt Concrete Overlay",2
"AC Shoulder Restoration, Fog Seal Coat, Hot-Mix Recycled Asphalt Concrete Overlay, Mill Existing Pavement and Overlay with Hot-Mix Recycled AC",2
"Crack Sealing, AC Shoulder Restoration, Asphalt Concrete Overlay",2
"Longitudinal Subdrains, Joint Load Transfer Restoration in PCC Pavements, Partial depth patching of PCC pavements at joints",1
"Grinding Surface, Transverse Joint Sealing, Full Depth Transverse Joint Repair Patch, PCC Slab Replacement",1
"Fracture Treatment of PCC Pavement as Base for New AC Surface, Mill Off AC and Overlay with AC",1
"AC Shoulder Restoration, PCC Slab Replacement",1
"Hot-Mix Recycled Asphalt Concrete Overlay, Partial Depth Patching of PCC Pavement Other Than at Joint",1
"AC Shoulder Restoration, Patch Pot Holes - Hand Spread, Compacted with Truck, Longitudinal Subdrains",1
"AC Shoulder Restoration, Full Depth Transverse Joint Repair Patch, Saw and Seal",1
"Crack Sealing, AC Shoulder Restoration, Transverse Joint Sealing, Lane-Shoulder Longitudinal Joint Sealing, Full Depth Transverse Joint Repair Patch, Partial depth patching of PCC pavements at joints, PCC Slab Replacement",1
"Crack Sealing, PCC Slab Replacement",1
"AC Shoulder Restoration, Partial Depth Patching of PCC Pavement Other Than at Joint",1
"Manual Premix Spot Patch (hand spreading and compacting with roller), Machine Premix Patch (placing premix with paver roller)",1
"Full Depth Transverse Joint Repair Patch, Full Depth Patching of PCC Pavement Other Than at Joint, Partial Depth Patching of PCC Pavement Other Than at Joint",1
"Asphalt Concrete Overlay, Lane-Shoulder Longitudinal Joint Sealing",1
"Transverse Subdrainage, Full Depth Transverse Joint Repair Patch, Hot-Mix Recycled Asphalt Concrete Overlay, Full Depth Patching of PCC Pavement Other Than at Joint, Partial Depth Patching of PCC Pavement Other Than at Joint",1
"AC Shoulder Restoration, Full Depth Patching of PCC Pavement Other Than at Joint",1
"Crack Sealing, AC Shoulder Restoration, Lane-Shoulder Longitudinal Joint Sealing, Partial depth patching of PCC pavements at joints, Partial Depth Patching of PCC Pavement Other Than at Joint",1
"Machine Premix Patch (placing premix with paver roller), Patch Pot Holes - Hand Spread, Compacted with Truck",1
"AC Shoulder Replacement, Full Depth Patching of PCC Pavement Other Than at Joint",1
"Grinding Surface, Full Depth Transverse Joint Repair Patch",1
"Grinding Surface, Asphalt Concrete Overlay, Full Depth Patch of AC Pavement (removing damaged material, repairing supporting material, and repairing), Aggregate Seal Coat",1
"Crack Sealing, Patch Pot Holes - Hand Spread, Compacted with Truck, Aggregate Seal Coat",1
"AC Shoulder Restoration, Surface Treatment, Single Layer, Aggregate Seal Coat",1
"Sand Seal Coat, Mill Off AC and Overlay with AC",1
"Surface Treatment, Single Layer, Slurry Seal Coat",1
"AC Shoulder Restoration, Lane-Shoulder Longitudinal Joint Sealing, Partial depth patching of PCC pavements at joints",1
"Crack Sealing, Grinding Surface, Transverse Joint Sealing, Lane-Shoulder Longitudinal Joint Sealing, Full Depth Transverse Joint Repair Patch, Full Depth Patching of PCC Pavement Other Than at Joint",1
"Crack Sealing, Transverse Joint Sealing, Lane-Shoulder Longitudinal Joint Sealing, Full Depth Patching of PCC Pavement Other Than at Joint",1
"Patch Pot Holes - Hand Spread, Compacted with Truck, Full Depth Transverse Joint Repair Patch, Full Depth Patching of PCC Pavement Other Than at Joint",1
"Crack Sealing, AC Shoulder Restoration, Grinding Surface, Transverse Joint Sealing, Lane-Shoulder Longitudinal Joint Sealing, Partial depth patching of PCC pavements at joints",1
"Mechanical Premix Patch (using motor grader and roller), Aggregate Seal Coat",1
"Grinding Surface, Full Depth Transverse Joint Repair Patch, Full Depth Patching of PCC Pavement Other Than at Joint, Partial depth patching of PCC pavements at joints, Partial Depth Patching of PCC Pavement Other Than at Joint",1
"Crack Sealing, Transverse Joint Sealing, Lane-Shoulder Longitudinal Joint Sealing, Partial depth patching of PCC pavements at joints, Partial Depth Patching of PCC Pavement Other Than at Joint",1
"Mechanical Premix Patch (using motor grader and roller), Full Depth Patch of AC Pavement (removing damaged material, repairing supporting material, and repairing), Patch Pot Holes - Hand Spread, Compacted with Truck",1
"Crack Sealing, Transverse Joint Sealing, Full Depth Patching of PCC Pavement Other Than at Joint",1
"Asphalt Concrete Overlay, Machine Premix Patch (placing premix with paver roller)",1
"AC Shoulder Restoration, Hot-Mix Recycled Asphalt Concrete Overlay, Saw and Seal",1
"Grinding Surface, Asphalt Concrete Overlay, Aggregate Seal Coat",1
"Aggregate Seal Coat, Mill Existing Pavement and Overlay with Hot-Mix Recycled AC",1
"Crack Sealing, AC Shoulder Restoration, Lane-Shoulder Longitudinal Joint Sealing",1
"Transverse Joint Sealing, Lane-Shoulder Longitudinal Joint Sealing, Full Depth Transverse Joint Repair Patch, Partial depth patching of PCC pavements at joints, Partial Depth Patching of PCC Pavement Other Than at Joint",1
"Crack Sealing, Grinding Surface, Transverse Joint Sealing, Lane-Shoulder Longitudinal Joint Sealing, Partial depth patching of PCC pavements at joints",1
"Crack Sealing, AC Shoulder Restoration, Transverse Joint Sealing, Lane-Shoulder Longitudinal Joint Sealing, Full Depth Transverse Joint Repair Patch, Partial Depth Patching of PCC Pavement Other Than at Joint",1
"Manual Premix Spot Patch (hand spreading and compacting with roller), Full Depth Patch of AC Pavement (removing damaged material, repairing supporting material, and repairing)",1
"Patch Pot Holes - Hand Spread, Compacted with Truck, Skin Patching (hand tools/hot pot to apply liquid asphalt and aggregate)",1
"AC Shoulder Restoration, Grinding Surface, Patch Pot Holes - Hand Spread, Compacted with Truck",1
"Transverse Joint Sealing, Manual Premix Spot Patch (hand spreading and compacting with roller), Lane-Shoulder Longitudinal Joint Sealing",1
"Crack Sealing, Grinding Surface, Transverse Joint Sealing, Lane-Shoulder Longitudinal Joint Sealing, Full Depth Transverse Joint Repair Patch, Full Depth Patching of PCC Pavement Other Than at Joint, Partial depth patching of PCC pavements at joints",1
"Longitudinal Subdrains, Full Depth Transverse Joint Repair Patch, Joint Load Transfer Restoration in PCC Pavements, Partial Depth Patching of PCC Pavement Other Than at Joint",1
"AC Shoulder Restoration, Grinding Surface, Pressure Grout Subsealing, Transverse Joint Sealing, Longitudinal Subdrains, Full Depth Transverse Joint Repair Patch, Joint Load Transfer Restoration in PCC Pavements, Partial Depth Patching of PCC Pavement Other Than at Joint, PCC Slab Replacement",1
"Crack Sealing, Grinding Surface",1
"AC Shoulder Restoration, Asphalt Concrete Overlay, Full Depth Transverse Joint Repair Patch, Full Depth Patching of PCC Pavement Other Than at Joint, Partial depth patching of PCC pavements at joints, Partial Depth Patching of PCC Pavement Other Than at Joint",1
"AC Shoulder Restoration, Asphalt Concrete Overlay, Full Depth Transverse Joint Repair Patch, Full Depth Patching of PCC Pavement Other Than at Joint, Partial Depth Patching of PCC Pavement Other Than at Joint",1
"Hot-Mix Recycled Asphalt Concrete Overlay, Full Depth Patching of PCC Pavement Other Than at Joint, Partial depth patching of PCC pavements at joints",1
"Lane-Shoulder Longitudinal Joint Sealing, Mill Off AC and Overlay with AC",1
"AC Shoulder Restoration, Asphalt Concrete Overlay, Lane-Shoulder Longitudinal Joint Sealing, Saw and Seal",1
"AC Shoulder Restoration, Full Depth Patching of PCC Pavement Other Than at Joint, Other, PCC Slab Replacement",1
"AC Shoulder Restoration, Partial depth patching of PCC pavements at joints, PCC Slab Replacement",1
"Crack Sealing, Patch Pot Holes - Hand Spread, Compacted with Truck, Partial Depth Patching of PCC Pavement Other Than at Joint",1
"Aggregate Seal Coat, Saw and Seal",1
"Crack Sealing, AC Shoulder Restoration, Transverse Joint Sealing, Lane-Shoulder Longitudinal Joint Sealing, Partial Depth Patching of PCC Pavement Other Than at Joint",1
"Machine Premix Patch (placing premix with paver roller), Full Depth Patch of AC Pavement (removing damaged material, repairing supporting material, and repairing)",1
"Skin Patching (hand tools/hot pot to apply liquid asphalt and aggregate), Full Depth Patching of PCC Pavement Other Than at Joint",1
"Full Depth Patching of PCC Pavement Other Than at Joint, Partial depth patching of PCC pavements at joints, PCC Slab Replacement",1
"Patch Pot Holes - Hand Spread, Compacted with Truck, Strip Patching (using spreader and distributor to apply hot liquid asphalt and aggregate)",1
"Grinding Surface, Partial depth patching of PCC pavements at joints, PCC Slab Replacement",1
"Grinding Surface, PCC Shoulder Restoration",1
"AC Shoulder Restoration, Grinding Surface, Grooving Surface",1
"Crack Sealing, AC Shoulder Restoration, Transverse Joint Sealing, Lane-Shoulder Longitudinal Joint Sealing, Partial depth patching of PCC pavements at joints, Partial Depth Patching of PCC Pavement Other Than at Joint",1
"Crack Sealing, Mechanical Premix Patch (using motor grader and roller)",1
"Lane-Shoulder Longitudinal Joint Sealing, Full Depth Patching of PCC Pavement Other Than at Joint",1
"Grinding Surface, Manual Premix Spot Patch (hand spreading and compacting with roller)",1
"Transverse Joint Sealing, Full Depth Patching of PCC Pavement Other Than at Joint",1
"AC Shoulder Replacement, Asphalt Concrete Overlay, Longitudinal Subdrains, Full Depth Transverse Joint Repair Patch, PCC Slab Replacement",1
"Crack Sealing, AC Shoulder Restoration, Grinding Surface, Transverse Joint Sealing",1
"AC Shoulder Restoration, Asphalt Concrete Overlay, Full Depth Transverse Joint Repair Patch, Full Depth Patching of PCC Pavement Other Than at Joint",1
"Grinding Surface, Transverse Joint Sealing, Joint Load Transfer Restoration in PCC Pavements, Partial depth patching of PCC pavements at joints",1
"AC Shoulder Restoration, Full Depth Patch of AC Pavement (removing damaged material, repairing supporting material, and repairing), Mill Off AC and Overlay with AC",1
"AC Shoulder Replacement, Full Depth Patch of AC Pavement (removing damaged material, repairing supporting material, and repairing), Hot-Mix Recycled Asphalt Concrete Overlay",1
"Asphalt Concrete Overlay, Slurry Seal Coat",1
"Asphalt Concrete Overlay, Strip Patching (using spreader and distributor to apply hot liquid asphalt and aggregate), Surface Treatment, Single Layer",1
"Asphalt Concrete Overlay, Full Depth Patch of AC Pavement (removing damaged material, repairing supporting material, and repairing)",1
"Transverse Joint Sealing, Lane-Shoulder Longitudinal Joint Sealing, Full Depth Patching of PCC Pavement Other Than at Joint, PCC Slab Replacement",1
"Full Depth Patch of AC Pavement (removing damaged material, repairing supporting material, and repairing), Skin Patching (hand tools/hot pot to apply liquid asphalt and aggregate)",1
"Slurry Seal Coat, Heater Scarification, Surface Recycled Asphalt Concrete",1
"Crack Sealing, Other",1
"Transverse Joint Sealing, Partial depth patching of PCC pavements at joints, Partial Depth Patching of PCC Pavement Other Than at Joint",1
"Crack Sealing, Grinding Surface, Transverse Joint Sealing, Joint Load Transfer Restoration in PCC Pavements, PCC Slab Replacement",1
"Grinding Surface, Slab Jacking Depressions",1
"Lane-Shoulder Longitudinal Joint Sealing, Partial Depth Patching of PCC Pavement Other Than at Joint",1
"Crack Sealing, AC Shoulder Replacement",1
"AC Shoulder Replacement, Full Depth Transverse Joint Repair Patch, Partial depth patching of PCC pavements at joints, Partial Depth Patching of PCC Pavement Other Than at Joint",1
"AC Shoulder Restoration, Grooving Surface, Full Depth Patching of PCC Pavement Other Than at Joint, Partial Depth Patching of PCC Pavement Other Than at Joint",1
"Skin Patching (hand tools/hot pot to apply liquid asphalt and aggregate), Partial Depth Patching of PCC Pavement Other Than at Joint",1
"Patch Pot Holes - Hand Spread, Compacted with Truck, Full Depth Transverse Joint Repair Patch",1
"Grinding Surface, Lane-Shoulder Longitudinal Joint Sealing",1
"AC Shoulder Restoration, Longitudinal Subdrains",1
"Crack Sealing, Transverse Joint Sealing, Joint Load Transfer Restoration in PCC Pavements, Partial depth patching of PCC pavements at joints",1
"Grinding Surface, Transverse Joint Sealing, Full Depth Transverse Joint Repair Patch",1
"Grinding Surface, Transverse Joint Sealing, Lane-Shoulder Longitudinal Joint Sealing, Partial depth patching of PCC pavements at joints",1
"Grinding Surface, Transverse Joint Sealing, Lane-Shoulder Longitudinal Joint Sealing, Full Depth Transverse Joint Repair Patch, Full Depth Patching of PCC Pavement Other Than at Joint",1
"AC Shoulder Replacement, Lane-Shoulder Longitudinal Joint Sealing, Partial Depth Patching of PCC Pavement Other Than at Joint",1
"Grinding Surface, Transverse Joint Sealing, Lane-Shoulder Longitudinal Joint Sealing, Full Depth Transverse Joint Repair Patch",1
"Grinding Surface, Transverse Joint Sealing, Lane-Shoulder Longitudinal Joint Sealing, Full Depth Transverse Joint Repair Patch, Joint Load Transfer Restoration in PCC Pavements, Partial depth patching of PCC pavements at joints",1
"AC Shoulder Restoration, Asphalt Concrete Overlay, Transverse Joint Sealing, Saw and Seal",1
"AC Shoulder Replacement, Grinding Surface, Transverse Joint Sealing, Partial depth patching of PCC pavements at joints",1
"Crack Sealing, Saw and Seal",1
"Asphalt Concrete Overlay, Saw and Seal",1
"Machine Premix Patch (placing premix with paver roller), Strip Patching (using spreader and distributor to apply hot liquid asphalt and aggregate)",1
"Portland Cement Concrete Overlay, Fracture Treatment of PCC Pavement as Base for New PCC Surface",1
"AC Shoulder Restoration, Asphalt Concrete Overlay, Transverse Joint Sealing, Full Depth Patching of PCC Pavement Other Than at Joint, Saw and Seal, PCC Slab Replacement",1
"Grinding Surface, Full Depth Patching of PCC Pavement Other Than at Joint, Partial depth patching of PCC pavements at joints",1
"Grinding Surface, Surface Treatment, Single Layer",1
"Crack Sealing, AC Shoulder Restoration, Transverse Joint Sealing",1
"Crack Sealing, AC Shoulder Restoration, Pressure Grout Subsealing, Transverse Joint Sealing, Longitudinal Subdrains, Partial depth patching of PCC pavements at joints",1
"Crack Sealing, AC Shoulder Restoration, Grinding Surface, Pressure Grout Subsealing, Transverse Joint Sealing, Longitudinal Subdrains, Partial depth patching of PCC pavements at joints",1
Tack Coat,1
Saw and Seal,1
PCC Shoulder Replacement,1
"AC Shoulder Restoration, Grinding Surface, Transverse Joint Sealing, Lane-Shoulder Longitudinal Joint Sealing, PCC Slab Replacement",1
Mill Existing Pavement and Overlay with Warm Mix AC,1
"Surface Treatment, Single Layer, Mill Existing Pavement and Overlay with Hot-Mix Recycled AC",1
"AC Shoulder Replacement, Asphalt Concrete Overlay, Aggregate Seal Coat",1
"AC Shoulder Replacement, Asphalt Concrete Overlay, Mill Existing Pavement and Overlay with Hot-Mix Recycled AC",1
"AC Shoulder Restoration, Asphalt Concrete Overlay, Heater Scarification, Surface Recycled Asphalt Concrete",1
"Crack Sealing, Asphalt Concrete Overlay, Aggregate Seal Coat",1
"Crack Sealing, Asphalt Concrete Overlay, Machine Premix Patch (placing premix with paver roller)",1
"AC Shoulder Restoration, Full Depth Patch of AC Pavement (removing damaged material, repairing supporting material, and repairing), Mill Existing Pavement and Overlay with Hot-Mix Recycled AC",1
"Asphalt Concrete Overlay, Hot-Mix Recycled Asphalt Concrete Overlay, Mill Existing Pavement and Overlay with Hot-Mix Recycled AC",1
"AC Shoulder Restoration, Asphalt Concrete Overlay, Hot-Mix Recycled Asphalt Concrete Overlay",1
"Crack Sealing, Grinding Surface, Transverse Joint Sealing, Full Depth Transverse Joint Repair Patch",1
"AC Shoulder Restoration, Asphalt Concrete Overlay, Full Depth Transverse Joint Repair Patch, Saw and Seal",1
"Crack Sealing, Grinding Surface, Pressure Grout Subsealing, Transverse Joint Sealing, Lane-Shoulder Longitudinal Joint Sealing, Longitudinal Subdrains, Full Depth Transverse Joint Repair Patch",1
"AC Shoulder Restoration, Pressure Grout Subsealing, Asphalt Concrete Overlay, Longitudinal Subdrains, Full Depth Transverse Joint Repair Patch",1
"AC Shoulder Replacement, Grinding Surface, Transverse Joint Sealing, Full Depth Transverse Joint Repair Patch",1
"AC Shoulder Replacement, Grinding Surface, Transverse Joint Sealing, Longitudinal Subdrains, Full Depth Transverse Joint Repair Patch, Joint Load Transfer Restoration in PCC Pavements",1
"AC Shoulder Replacement, Asphalt Concrete Overlay, Longitudinal Subdrains, Full Depth Transverse Joint Repair Patch, Joint Load Transfer Restoration in PCC Pavements",1
"Grinding Surface, Asphalt Concrete Overlay, Full Depth Patch of AC Pavement (removing damaged material, repairing supporting material, and repairing)",1
"Asphalt Concrete Overlay, Longitudinal Subdrains, Full Depth Patching of PCC Pavement Other Than at Joint, PCC Slab Replacement",1
"AC Shoulder Restoration, Longitudinal Subdrains, Mill Off AC and Overlay with AC",1
"AC Shoulder Restoration, Asphalt Concrete Overlay, Hot-Mix Recycled Asphalt Concrete Overlay, Mill Off AC and Overlay with AC",1
"Grinding Surface, Hot-Mix Recycled Asphalt Concrete Overlay, Heater Scarification, Surface Recycled Asphalt Concrete",1
"Asphalt Concrete Overlay, Portland Cement Concrete Overlay",1
"Heater Scarification, Surface Recycled Asphalt Concrete",1
"AC Shoulder Restoration, Hot-Mix Recycled Asphalt Concrete Overlay, Mill Off AC and Overlay with AC",1
"AC Shoulder Restoration, Asphalt Concrete Overlay, Full Depth Transverse Joint Repair Patch, Saw and Seal, PCC Slab Replacement",1
"AC Shoulder Restoration, Pressure Grout Subsealing, Asphalt Concrete Overlay, Longitudinal Subdrains, Full Depth Transverse Joint Repair Patch, Joint Load Transfer Restoration in PCC Pavements, PCC Slab Replacement",1
"Crack Sealing, AC Shoulder Restoration, Grinding Surface, Full Depth Transverse Joint Repair Patch, PCC Slab Replacement",1
"Crack Sealing, Grinding Surface, Pressure Grout Subsealing, Longitudinal Subdrains, Full Depth Transverse Joint Repair Patch, Joint Load Transfer Restoration in PCC Pavements, PCC Slab Replacement",1
"AC Shoulder Restoration, Asphalt Concrete Overlay, Full Depth Patching of PCC Pavement Other Than at Joint",1
"Full Depth Patch of AC Pavement (removing damaged material, repairing supporting material, and repairing), Strip Patching (using spreader and distributor to apply hot liquid asphalt and aggregate)",1
"AC Shoulder Restoration, Machine Premix Patch (placing premix with paver roller), Hot-Mix Recycled Asphalt Concrete Overlay",1
"Grinding Surface, Transverse Joint Sealing, Lane-Shoulder Longitudinal Joint Sealing, Joint Load Transfer Restoration in PCC Pavements",1
"Transverse Joint Sealing, Lane-Shoulder Longitudinal Joint Sealing, Partial Depth Patching of PCC Pavement Other Than at Joint",1
"AC Shoulder Replacement, Asphalt Concrete Overlay, Full Depth Patch of AC Pavement (removing damaged material, repairing supporting material, and repairing), Longitudinal Subdrains, Transverse Subdrainage, Other",1
"Crack Sealing, Asphalt Concrete Overlay, Fog Seal Coat",1
Pressure Grout Subsealing,1
Asphalt Subsealing,1
"Asphalt Subsealing, Transverse Joint Sealing, Lane-Shoulder Longitudinal Joint Sealing",1
"Other, PCC Shoulder Replacement",1
"Grinding Surface, Transverse Joint Sealing, Lane-Shoulder Longitudinal Joint Sealing, PCC Slab Replacement",1
"AC Shoulder Replacement, Grinding Surface, Transverse Joint Sealing",1
"AC Shoulder Restoration, Longitudinal Subdrains, Partial depth patching of PCC pavements at joints",1
"AC Shoulder Restoration, Grinding Surface, Joint Load Transfer Restoration in PCC Pavements, Partial depth patching of PCC pavements at joints",1
"Full Depth Patching of PCC Pavement Other Than at Joint, PCC Slab Replacement",1
"Grinding Surface, Transverse Joint Sealing, Lane-Shoulder Longitudinal Joint Sealing, Partial Depth Patching of PCC Pavement Other Than at Joint",1
"AC Shoulder Restoration, Tack Coat, Hot-Mix Recycled Asphalt Concrete Overlay",1
"AC Shoulder Restoration, Manual Premix Spot Patch (hand spreading and compacting with roller), Tack Coat, Hot-Mix Recycled Asphalt Concrete Overlay",1
"AC Shoulder Restoration, Asphalt Concrete Overlay, Manual Premix Spot Patch (hand spreading and compacting with roller), Tack Coat",1
"Crack Sealing, Transverse Joint Sealing, Patch Pot Holes - Hand Spread, Compacted with Truck, Lane-Shoulder Longitudinal Joint Sealing, Partial depth patching of PCC pavements at joints, Partial Depth Patching of PCC Pavement Other Than at Joint",1
"Crack Sealing, Transverse Joint Sealing, Full Depth Patching of PCC Pavement Other Than at Joint, Partial Depth Patching of PCC Pavement Other Than at Joint",1
"Crack Sealing, Grinding Surface, Transverse Joint Sealing, Full Depth Patching of PCC Pavement Other Than at Joint, Partial Depth Patching of PCC Pavement Other Than at Joint",1
"Crack Sealing, AC Shoulder Restoration, Asphalt Concrete Overlay, Transverse Joint Sealing, Full Depth Patching of PCC Pavement Other Than at Joint, Partial Depth Patching of PCC Pavement Other Than at Joint, PCC Slab Replacement",1
"Crack Sealing, AC Shoulder Restoration, Asphalt Concrete Overlay, Transverse Joint Sealing, Full Depth Patching of PCC Pavement Other Than at Joint, Saw and Seal, Partial Depth Patching of PCC Pavement Other Than at Joint",1
"Crack Sealing, Grinding Surface, Transverse Joint Sealing, Longitudinal Subdrains, Full Depth Patching of PCC Pavement Other Than at Joint, Joint Load Transfer Restoration in PCC Pavements, Partial Depth Patching of PCC Pavement Other Than at Joint",1
"Crack Sealing, AC Shoulder Restoration, Asphalt Concrete Overlay, Transverse Joint Sealing, Longitudinal Subdrains, Full Depth Patching of PCC Pavement Other Than at Joint, Joint Load Transfer Restoration in PCC Pavements, Partial Depth Patching of PCC Pavement Other Than at Joint, PCC Slab Replacement",1
"Full Depth Transverse Joint Repair Patch, Full Depth Patching of PCC Pavement Other Than at Joint, Partial Depth Patching of PCC Pavement Other Than at Joint, PCC Slab Replacement",1
"Pressure Grout Subsealing, Longitudinal Subdrains, Full Depth Transverse Joint Repair Patch",1
"Hot-Mix Recycled Asphalt Concrete Overlay, Mill Off AC and Overlay with AC",1
"Asphalt Concrete Overlay, Longitudinal Subdrains, Joint Load Transfer Restoration in PCC Pavements, Partial depth patching of PCC pavements at joints, PCC Slab Replacement",1
"Grinding Surface, Transverse Joint Sealing, Full Depth Transverse Joint Repair Patch, Partial Depth Patching of PCC Pavement Other Than at Joint",1
"Crack Sealing, Grinding Surface, Transverse Joint Sealing, Partial depth patching of PCC pavements at joints, Partial Depth Patching of PCC Pavement Other Than at Joint",1
"Pressure Grout Subsealing, Asphalt Concrete Overlay, Longitudinal Subdrains, Full Depth Transverse Joint Repair Patch",1
"Asphalt Concrete Overlay, Other",1
"AC Shoulder Restoration, Asphalt Concrete Overlay, Transverse Joint Sealing, Lane-Shoulder Longitudinal Joint Sealing, Full Depth Transverse Joint Repair Patch",1
"AC Shoulder Restoration, Asphalt Concrete Overlay, Longitudinal Subdrains, Fracture Treatment of PCC Pavement as Base for New AC Surface, PCC Slab Replacement",1
"Full Depth Transverse Joint Repair Patch, Fracture Treatment of PCC Pavement as Base for New AC Surface, Other, Partial Depth Patching of PCC Pavement Other Than at Joint, PCC Slab Replacement",1
"Grinding Surface, Transverse Joint Sealing, Longitudinal Subdrains, Full Depth Transverse Joint Repair Patch, PCC Slab Replacement",1
"AC Shoulder Restoration, Asphalt Concrete Overlay, Full Depth Patching of PCC Pavement Other Than at Joint, PCC Slab Replacement",1
"AC Shoulder Restoration, Asphalt Concrete Overlay, Longitudinal Subdrains, Full Depth Transverse Joint Repair Patch, Full Depth Patching of PCC Pavement Other Than at Joint, Partial Depth Patching of PCC Pavement Other Than at Joint, PCC Slab Replacement",1
"Crack Sealing, Grinding Surface, Transverse Joint Sealing, Lane-Shoulder Longitudinal Joint Sealing, Full Depth Transverse Joint Repair Patch, Partial depth patching of PCC pavements at joints, PCC Slab Replacement",1
"AC Shoulder Restoration, Longitudinal Subdrains, Full Depth Transverse Joint Repair Patch, Joint Load Transfer Restoration in PCC Pavements",1
"AC Shoulder Restoration, Asphalt Concrete Overlay, Full Depth Transverse Joint Repair Patch, Joint Load Transfer Restoration in PCC Pavements, Partial depth patching of PCC pavements at joints, Saw and Seal",1
"AC Shoulder Restoration, Asphalt Concrete Overlay, Longitudinal Subdrains, Full Depth Transverse Joint Repair Patch, Joint Load Transfer Restoration in PCC Pavements, Partial depth patching of PCC pavements at joints",1
"AC Shoulder Restoration, Asphalt Concrete Overlay, Full Depth Transverse Joint Repair Patch, Joint Load Transfer Restoration in PCC Pavements, Partial depth patching of PCC pavements at joints",1
"Strip Patching (using spreader and distributor to apply hot liquid asphalt and aggregate), Aggregate Seal Coat",1
"AC Shoulder Restoration, Asphalt Concrete Overlay, Longitudinal Subdrains, Full Depth Transverse Joint Repair Patch, Joint Load Transfer Restoration in PCC Pavements, Partial Depth Patching of PCC Pavement Other Than at Joint",1
"AC Shoulder Restoration, Pressure Grout Subsealing, Asphalt Concrete Overlay, Longitudinal Subdrains, Full Depth Transverse Joint Repair Patch, Joint Load Transfer Restoration in PCC Pavements, Partial Depth Patching of PCC Pavement Other Than at Joint, PCC Slab Replacement",1
"Crack Sealing, AC Shoulder Restoration, Transverse Joint Sealing, Lane-Shoulder Longitudinal Joint Sealing",1
"Crack Sealing, Fog Seal Coat",1
"AC Shoulder Replacement, Grinding Surface, Asphalt Concrete Overlay, Longitudinal Subdrains",1
"AC Shoulder Replacement, Grinding Surface, Asphalt Concrete Overlay, Full Depth Transverse Joint Repair Patch, Saw and Seal",1
"AC Shoulder Replacement, Transverse Joint Sealing, PCC Slab Replacement",1
"AC Shoulder Replacement, Grinding Surface, Transverse Joint Sealing, Full Depth Transverse Joint Repair Patch, PCC Slab Replacement",1
"Grooving Surface, Asphalt Concrete Overlay, Transverse Joint Sealing, Saw and Seal, Partial Depth Patching of PCC Pavement Other Than at Joint",1
"AC Shoulder Replacement, Asphalt Concrete Overlay, Longitudinal Subdrains, Full Depth Transverse Joint Repair Patch, Partial Depth Patching of PCC Pavement Other Than at Joint, PCC Slab Replacement",1
"Asphalt Concrete Overlay, Portland Cement Concrete Overlay, Longitudinal Subdrains, Fracture Treatment of PCC Pavement as Base for New AC Surface",1
"AC Shoulder Replacement, Manual Premix Spot Patch (hand spreading and compacting with roller)",1
"Crack Sealing, Transverse Joint Sealing, Full Depth Transverse Joint Repair Patch",1
"Crack Sealing, Pressure Grout Subsealing, Full Depth Transverse Joint Repair Patch, PCC Slab Replacement",1
"Asphalt Concrete Overlay, Full Depth Transverse Joint Repair Patch, Partial depth patching of PCC pavements at joints",1
"Asphalt Concrete Overlay, Transverse Joint Sealing, Full Depth Transverse Joint Repair Patch, Partial depth patching of PCC pavements at joints, Saw and Seal",1
"Asphalt Concrete Overlay, Longitudinal Subdrains, Full Depth Transverse Joint Repair Patch, Partial depth patching of PCC pavements at joints",1
"Asphalt Concrete Overlay, Aggregate Seal Coat, Mill Off AC and Overlay with AC",1
"Grinding Surface, Transverse Joint Sealing, Longitudinal Subdrains, Full Depth Transverse Joint Repair Patch, Partial depth patching of PCC pavements at joints",1
"Skin Patching (hand tools/hot pot to apply liquid asphalt and aggregate), Slurry Seal Coat",1
"Crack Sealing, Grinding Surface, Transverse Joint Sealing, Lane-Shoulder Longitudinal Joint Sealing, Longitudinal Subdrains, Full Depth Transverse Joint Repair Patch, Joint Load Transfer Restoration in PCC Pavements, Partial Depth Patching of PCC Pavement Other Than at Joint, PCC Slab Replacement",1
"Crack Sealing, AC Shoulder Replacement, Transverse Joint Sealing, Lane-Shoulder Longitudinal Joint Sealing, Partial Depth Patching of PCC Pavement Other Than at Joint",1
"Grinding Surface, Transverse Joint Sealing",1
