node_id,network_delta
50_1004,3.130661
25_1003,4.0771713
24_2805,1.8721466
24_2401,3.083088
24_1634,3.303566
36_4017,2.9020996
36_4018,2.0569916
36_1011,5.3481903
51_2004,5.1243896
51_5008,5.488266
51_5010,2.0235825
51_2564,5.1146774
51_1002,4.856262
51_1023,2.3248138
51_5009,9.299744
51_2021,5.39275
10_4002,2.821415
10_1450,2.970543
10_5004,2.3012085
10_5005,3.2999077
10_1201,3.289505
24_1632,2.9170914
24_5807,8.934799
42_1597,5.5827713
42_1599,4.338791
42_1605,5.0664825
42_1606,3.053688
42_1608,4.8658447
42_1613,5.5835266
42_1614,2.8985176
42_1617,5.5289917
42_1618,19.830688
23_1012,1.8723984
23_1001,1.7441559
23_3014,1.7060547
25_1002,5.3903885
25_1004,5.4668427
33_1001,5.3549957
34_1003,5.1956024
34_1011,1.7773972
34_1030,3.0642166
34_1031,5.3751755
34_1033,3.0983887
34_1034,5.489311
34_1638,5.4807816
34_4042,5.163727
34_6057,4.7637405
36_1008,4.184372
36_1643,3.1872597
36_1644,5.68491
37_1006,4.528824
37_2824,2.9497375
42_1623,4.898857
42_1627,1.9689102
42_3044,1.9524536
42_5020,5.665512
42_7025,3.0862427
42_7037,2.35318
42_9027,1.8747864
11_1400,5.4466553
50_1681,3.2980194
50_1682,3.2814064
50_1683,3.2737312
51_1417,2.891468
51_1419,3.1416435
51_1423,4.90633
51_1464,5.1589813
42_1598,2.2973175
42_1610,2.2807846
42_1691,4.080467
42_1690,2.1591873
54_4003,3.0499191
54_4004,2.3080368
54_1640,3.1492233
54_7008,5.166954
54_5007,3.2078285
37_1992,3.0216217
37_5826,2.324852
9_1803,21.131378
37_1030,3.1672668
37_1024,4.9147644
37_1040,2.9666405
37_3044,2.290985
37_3816,3.1956902
37_5827,3.130188
9_4008,5.1454163
9_4020,5.011383
9_5001,5.229637
37_1028,3.150158
37_1817,3.1018715
37_1814,3.1601105
37_2819,2.9299393
37_2825,5.2177353
37_3011,2.3982162
37_3008,4.636856
37_3807,2.5889282
37_5037,4.288872
37_1352,3.1089897
37_1801,4.225525
37_1803,3.2155724
37_1645,3.078518
37_1802,17.449722
23_1028,3.1634598
23_3013,1.7066803
23_1009,3.140648
23_7023,2.4282684
23_1026,3.1351318
44_7401,5.0027847
50_1002,3.2629662
9_0901,28.404236
9_0902,28.411163
9_0903,28.407654
9_0960,28.552002
9_0961,28.54834
9_0962,28.545166
10_0101,26.275543
10_0102,26.280396
10_0103,26.593231
10_0104,26.272675
10_0105,26.278046
10_0106,26.272217
10_0107,26.273224
10_0108,26.274506
10_0109,26.275116
10_0110,26.594238
10_0111,26.594757
10_0112,26.595215
10_0159,26.274292
10_0160,26.271454
10_0201,28.330872
10_0202,28.585693
10_0203,28.5979
10_0204,26.092194
10_0205,28.336914
10_0206,28.586304
10_0207,28.595612
10_0208,28.325012
10_0209,28.331543
10_0210,28.306213
10_0211,28.351288
10_0212,28.325684
10_0259,28.316467
10_0260,28.34198
23_0501,28.636353
23_0502,28.689697
23_0503,28.690552
23_0504,28.691559
23_0505,28.69336
23_0506,28.693115
23_0507,28.691528
23_0508,28.690582
23_0509,28.690186
23_0559,28.63565
24_0501,28.690552
24_0502,26.365143
24_0503,26.359955
24_0504,28.636871
24_0505,28.634796
24_0506,28.884216
24_0507,28.637268
24_0508,26.475586
24_0509,28.885986
24_0559,28.88565
24_0560,28.691193
24_0561,28.682861
24_0562,28.682373
24_0563,28.766815
34_0501,28.525696
34_0502,28.75586
34_0503,28.598053
34_0504,28.542877
34_0505,28.541687
34_0506,28.755585
34_0507,28.595215
34_0508,28.651459
34_0509,28.756683
34_0559,28.543365
34_0560,28.649261
36_0801,21.333405
36_0802,21.333755
36_0859,21.33342
37_0204,28.032227
37_0208,28.065552
37_0801,21.365479
37_0802,21.365906
37_0859,21.365372
37_0201,28.659119
37_0203,28.17865
37_0205,28.659454
37_0207,28.179016
37_0209,28.659546
37_0210,28.73642
37_0211,28.067108
37_0212,28.066528
37_0259,27.89679
37_0260,28.06717
42_C410,2.9912453
42_C411,2.989174
42_C430,2.9913597
42_0602,25.481888
42_0601,27.047668
42_0603,25.694778
42_0604,25.694778
42_0605,25.692947
42_0606,25.694122
42_0607,25.694595
42_0608,25.690414
42_0659,25.486359
42_0660,25.521408
42_0661,25.51976
42_0662,25.517532
51_0114,27.567474
51_0115,27.559631
51_0116,27.7883
51_0117,27.561646
51_0118,27.560333
51_0119,27.792328
51_0120,27.578949
51_0121,27.574493
51_0122,27.793396
51_0123,27.786041
51_0124,27.785522
51_0159,27.57254
37_0202,28.754578
51_0113,26.309265
37_0206,28.753662
34_0962,28.594574
37_0901,26.553253
37_0902,26.552856
37_0903,26.55365
37_A960,2.945675
37_A961,2.9353447
37_A962,2.9440079
37_A963,2.9440155
37_A964,2.9442558
37_A965,2.945694
24_A310,3.2877502
24_A320,3.2906265
24_A330,3.2910118
24_A340,3.2910843
24_A350,3.2910805
24_A311,3.2874908
24_A331,3.289425
42_B351,5.4133606
42_B340,5.414242
42_B330,5.4183044
42_B350,5.417942
42_B310,5.4139633
24_0901,28.138458
24_0902,28.28534
24_0903,28.141785
24_0960,28.0943
24_0961,28.073334
24_0962,28.07434
34_0901,28.543182
34_0903,28.648468
34_0902,28.651001
34_0960,28.598053
34_0961,28.596832
42_A410,1.7303772
31_6701,4.111557
31_7017,3.1293793
31_7040,3.1121902
31_7050,2.3508453
38_2001,3.1519623
38_3005,3.1506805
38_3006,3.1374283
38_5002,1.5456238
39_3013,5.305645
39_3801,4.845833
46_3053,5.3436317
46_3012,1.7909851
46_3013,1.58255
46_3052,1.7979736
46_5020,1.6037292
46_5025,1.6683502
46_5040,1.8077316
46_6600,3.064659
46_7049,5.1137047
46_9106,5.228794
46_9187,4.5991287
46_9197,5.1584625
55_3008,2.2617188
55_3009,3.1001282
55_6355,2.8376884
21_6043,3.097992
26_1001,5.4246826
26_1004,4.1812363
26_1010,5.6813774
26_1012,3.1367683
21_6040,5.1601486
20_9037,4.9411316
21_1010,24.873962
21_1014,3.146614
21_1034,3.1537094
21_3016,2.0526733
21_4025,2.3588333
19_3006,2.9590874
19_3009,5.522331
19_3028,2.8349495
19_3033,2.7351532
19_3055,2.9217453
18_5518,2.370285
18_5528,5.399643
18_5538,5.3975677
18_6012,2.3437805
18_9020,2.1789246
19_1044,3.0102196
18_5022,4.7012215
18_5043,3.1012993
18_3030,11.824341
18_3031,4.743801
18_4021,4.6079025
18_4042,4.7185974
18_1037,4.845997
18_2008,3.1449318
18_2009,5.1239433
18_3002,3.0146904
18_3003,2.7455215
17_6050,13.75589
17_7937,5.1866837
17_9267,2.2458038
17_9327,2.029396
18_1028,2.4091797
20_4053,5.1698456
20_3015,3.0165634
20_3060,5.349266
20_4016,3.156395
20_4052,3.1339645
17_5423,1.9921799
17_4074,3.1015282
17_4082,3.2537537
17_5020,3.2027893
17_5151,2.3491135
17_5217,1.8450928
26_1013,3.0865288
26_3068,3.146103
26_3069,3.1102676
26_4015,2.2837677
26_5363,1.6636887
29_5503,2.9411201
29_5403,4.636257
29_5413,3.198864
29_5473,2.3466415
29_5483,5.02861
29_6067,3.180111
29_7054,2.280838
29_7073,3.1830177
31_1030,3.0810394
31_3018,2.3433151
17_5453,2.101059
17_5843,2.1909943
17_5849,2.1796188
17_5854,3.2403336
17_5869,4.6248474
17_5908,3.065628
20_7085,2.9078636
20_4054,2.0251083
20_4063,1.8621979
20_4067,4.3316574
20_6026,3.1060524
20_7073,1.6908646
39_5003,3.095787
39_5010,1.6227798
39_5569,5.154541
39_4018,5.697647
39_4031,5.3533707
39_7021,5.19812
39_9006,2.211609
39_9022,5.378647
46_3009,1.6009827
46_3010,1.6647034
55_3015,3.003315
55_3016,3.062645
55_3019,3.1654549
55_3010,3.1389275
55_3012,5.477276
55_3014,2.2747803
55_5037,3.0518532
55_5040,1.5823517
55_6351,2.8383293
55_6352,2.8364067
55_6353,2.8371277
55_6354,2.8374176
20_3013,5.4668274
19_9126,2.3587875
20_1005,5.0187836
20_1006,3.1074486
20_1009,3.1689682
20_1010,3.180851
19_5046,2.2531815
19_6049,1.9563141
19_6150,18.677109
19_9116,2.2812653
19_5042,2.2533722
17_1002,3.1242905
17_1003,3.2335243
27_1016,2.8128624
26_6016,1.6373444
26_7072,2.0690155
26_9029,2.1874847
26_9030,2.5808144
27_1018,3.095684
27_1019,3.1519508
27_1023,2.9593735
27_1028,3.095707
27_1029,5.390255
27_1085,5.128147
27_1087,4.181801
27_3003,3.1235123
27_3013,4.105919
27_4033,5.685524
27_4050,3.1030807
27_4054,2.2708511
27_4034,5.496811
27_4037,5.673439
27_4040,3.0036392
27_6300,1.7786179
27_7090,2.8514786
27_9075,3.1165352
29_1002,27.892075
29_1005,2.979786
27_4055,3.4079971
27_4082,2.951027
27_5076,5.490326
27_6064,2.6680603
27_6251,2.9965248
29_1010,2.3018951
29_4036,5.4934387
29_4069,5.5612946
29_1008,3.1340027
29_5000,2.2211914
29_5047,4.0698166
29_5058,2.211113
29_5081,2.210991
29_5091,2.2110062
29_5393,5.293812
31_3023,2.34729
31_3024,2.3454056
31_3028,2.9998512
31_3033,3.1832542
31_4019,5.57106
31_6702,2.0020676
31_7005,2.35437
31_5052,4.092819
31_6700,2.9909096
27_1003,5.1256943
27_1004,5.1401443
27_1017,5.703476
27_1020,5.1455307
27_2018,5.7054825
27_2023,5.1308365
27_3005,5.6835785
27_3007,5.0407104
27_3009,5.050102
27_3010,5.4519196
27_3012,5.041359
17_0601,28.391083
17_0602,28.364197
17_0603,26.839539
17_0604,26.839783
17_0605,28.365906
17_0606,26.83899
17_0607,26.721115
17_0608,27.615295
17_0659,26.74553
17_0660,28.36734
17_0661,28.366913
17_0662,26.8378
17_0664,26.716385
17_0663,26.718048
18_0601,28.473175
18_0602,28.44049
18_0603,28.533997
18_0604,28.480042
18_0605,28.442352
18_0606,28.444092
18_0607,28.46524
18_0608,28.453857
18_0659,28.639496
18_0660,28.443756
18_0661,28.44339
18_0662,28.422638
18_0663,28.423096
18_0664,28.637451
18_0665,28.585052
18_0666,28.575836
18_0667,28.5224
18_0668,28.468445
18_0669,28.468445
18_0670,28.467896
18_0671,28.466766
18_0672,28.5867
19_0213,28.381226
19_0214,28.381287
19_0215,28.379486
19_0216,28.38034
19_0217,28.485718
19_0218,28.369446
19_0219,28.15924
19_0220,28.160278
19_0221,28.20514
19_0222,28.204376
19_0223,28.202606
19_0224,28.200775
19_0259,28.380615
19_0601,28.29486
19_0602,28.293701
19_0603,27.237488
19_0604,27.235504
19_0605,28.295227
19_0606,28.350525
19_0607,27.23703
19_0608,27.237732
19_0659,27.238129
19_0101,26.302551
19_0102,26.053345
19_0103,26.043304
19_0104,26.040588
19_0105,26.050964
19_0106,26.041351
19_0107,25.976257
19_0108,26.041656
19_0109,26.296051
19_0110,26.297302
19_0111,26.29773
19_0112,26.297028
19_0159,26.027191
20_0201,28.047974
20_0202,28.014404
20_0203,27.880768
20_0204,28.010468
20_0205,28.252136
20_0206,28.22226
20_0207,28.223633
20_0208,28.224945
20_0209,27.891754
20_0210,27.892883
20_0211,27.895386
20_0212,28.224335
20_0259,27.890564
20_0159,28.12555
20_0106,27.965302
20_0108,28.192596
20_0109,28.229034
20_0110,28.229431
20_0112,28.223022
20_0111,28.08374
20_0105,28.106842
20_0103,28.096405
20_0104,28.056366
20_0101,24.438461
20_0102,24.437744
20_0107,24.226776
20_0160,24.764053
20_0161,24.751617
20_0164,24.28981
20_0163,24.289688
20_0162,24.28334
26_0113,24.892578
26_0114,24.891891
26_0115,28.16986
26_0116,28.163116
26_0117,28.1745
26_0118,26.286682
26_0119,24.698288
26_0120,26.31491
26_0121,26.302094
26_0122,24.833344
26_0123,28.319153
26_0124,28.319183
26_0159,26.227692
26_0213,28.35904
26_0214,27.960907
26_0215,28.55841
26_0216,27.551453
26_0217,28.374146
26_0218,28.402649
26_0219,27.378876
26_0220,28.490387
26_0221,27.367035
26_0222,27.953857
26_0223,27.553833
26_0224,27.367615
26_0259,27.38147
27_0701,28.362
27_0702,28.528015
27_0703,28.529541
27_0704,28.532013
27_0705,28.53247
27_0706,28.531586
27_0707,28.530762
27_0708,28.530762
27_0709,28.528687
27_0759,28.486176
27_0501,26.69696
27_0502,26.711243
27_0503,26.708038
27_0504,26.886139
27_0505,26.885345
27_0506,26.886139
27_0507,26.884735
27_0508,26.709747
27_0509,26.884369
27_0559,26.695526
27_0560,26.680328
27_0561,26.872711
29_A310,2.9671326
29_A320,2.9669075
29_A330,2.9724464
29_A340,2.9422417
29_A350,2.9726486
29_A351,2.980297
29_0507,27.716309
29_0506,27.720642
29_0509,27.726288
29_0508,27.719788
29_0505,27.708618
29_0501,27.177216
29_0504,27.711945
29_0503,27.718567
29_0502,27.721832
29_0802,21.478775
29_0807,21.47876
29_0808,21.479187
29_0801,21.477707
29_A601,3.2613373
29_A602,3.2598305
29_A604,3.2601814
29_A605,3.2612534
29_A606,3.2602234
29_A607,3.2567062
29_A603,3.2562141
29_A608,3.258213
38_0264,28.584198
38_0215,28.583649
38_0217,28.701965
38_0218,28.729889
38_0219,28.809265
38_0220,28.729034
38_0221,28.582825
38_0222,28.581818
38_0223,28.829254
38_0224,28.583984
38_0259,28.579742
38_0260,28.580658
38_0261,28.582367
38_0262,28.881317
38_0263,28.583801
39_0901,28.637543
39_0902,28.103119
39_0903,28.644135
39_0106,28.428345
39_0159,28.468231
39_0160,28.52298
39_0201,28.614258
39_0202,28.78598
39_0203,27.585266
39_0204,28.59082
39_0205,28.647919
39_0206,28.667206
39_0207,27.85852
39_0208,27.815674
39_0209,28.344269
39_0210,28.68811
39_0211,27.57431
39_0212,27.699219
39_0259,28.589203
39_0260,28.36914
39_0261,27.562012
39_0262,27.576416
39_0263,27.565277
39_0264,28.281158
39_0265,27.590485
39_0104,28.628235
39_0111,28.56247
39_0112,28.726868
39_A803,4.226204
39_A804,4.269203
39_0809,21.382278
39_0810,21.381943
46_0601,25.307175
46_0602,25.310654
46_0603,25.454666
46_0604,25.453156
46_0605,25.450241
46_0606,25.45494
46_0607,25.45224
46_0608,25.312943
46_0660,25.315018
46_0661,25.454636
46_0662,25.45369
55_0113,27.544098
55_0115,27.496582
55_0114,27.385406
55_0116,27.529938
55_0117,27.443726
55_0118,27.533936
55_0119,27.770325
55_0120,27.658173
55_0121,27.715271
55_0122,27.591187
55_0123,27.550842
55_0124,27.608002
55_0805,21.419708
55_0806,21.423004
55_0901,28.022522
55_0902,27.586761
55_0903,28.016998
55_0909,25.586212
55_0908,28.018494
55_0213,28.677124
55_0214,28.679352
55_0215,28.46283
55_0216,28.837769
55_0217,28.67743
55_0218,28.571808
55_0219,28.517548
55_0220,28.889923
55_0221,28.7854
55_0222,28.678741
55_0223,28.678223
55_0224,28.785156
55_0259,28.678467
55_0260,28.677002
55_0261,28.677612
55_0262,28.625763
55_0263,28.678986
55_0264,28.678864
55_0265,28.678162
55_0266,28.730286
35_AA01,2.0407257
35_AA02,2.04142
35_AA03,2.0415497
35_AA61,2.0410614
35_AA62,2.041832
53_AA01,4.9874344
55_0907,28.021973
55_C901,5.1925354
55_C902,5.194275
55_C903,5.1940994
55_C959,5.193825
55_C960,5.191551
55_B909,1.6095886
55_B901,1.6610489
55_B902,1.649765
55_B903,1.5973663
55_B907,1.5973892
55_B908,1.6093597
19_A430,2.999855
19_A410,2.9994926
19_0701,27.418823
19_0703,27.38153
19_0702,27.383057
19_0709,27.386566
19_0708,27.386993
19_0759,27.386871
19_0707,27.38324
19_0706,27.381866
19_0705,27.376923
19_0704,27.32373
53_AA02,4.9207
53_AA03,4.9901123
41_AA01,2.9946365
53_BA60,4.7318726
41_AA03,2.9932518
41_AA59,2.9933357
41_AA02,2.993637
41_AA60,2.9939575
53_BA01,4.6680984
53_BA59,4.6110687
17_A320,3.2527733
17_A350,3.2537155
17_A330,3.25243
17_A340,3.252205
18_A430,4.8947296
18_A410,4.8947716
18_A901,1.9566574
18_A902,1.9530182
18_A903,1.9533691
18_A959,1.9533844
18_A960,1.9530563
18_A961,1.9554214
18_0901,24.427795
18_0902,24.428482
18_0904,24.429825
18_0905,26.396225
20_B410,3.1334457
20_B430,3.1620712
20_A412,1.7598419
20_A430,1.760376
20_A410,1.7576141
20_A411,1.7597809
29_B430,2.9398308
29_B410,2.938465
29_B411,2.9381027
29_0603,27.748077
29_0604,27.748138
29_0606,27.74765
29_0608,27.724457
29_0660,27.723602
29_0662,27.766632
29_0664,27.807556
29_0665,27.739197
29_0666,27.744873
29_0701,28.649231
29_0759,28.650818
29_0703,28.720917
29_0760,28.724976
29_0704,28.730652
29_0702,27.887482
29_0708,28.726349
29_0709,28.725464
29_0706,28.535736
29_A801,4.097969
29_A802,4.0891075
29_A808,4.0883713
29_0959,28.700195
29_0960,28.705536
29_0901,28.71582
29_0903,28.716919
29_0902,28.716522
29_0964,28.713531
29_0962,28.709808
29_0963,28.706299
29_0961,26.26178
31_C410,5.7135468
31_B430,2.3493423
31_B410,2.3475342
31_A410,3.1031609
31_A430,3.1034546
39_B412,5.0211487
39_B430,5.0212326
39_B410,5.022438
39_B411,5.0212097
46_0803,21.373245
46_0804,21.37378
46_0859,21.373276
17_A310,3.2529716
29_A807,4.0847855
39_0101,27.14505
39_0105,27.886902
39_0108,28.614655
31_0904,25.052475
31_0124,25.048386
48_3845,1.9740524
40_4165,3.2207298
40_4164,5.3654747
13_4112,1.6972275
48_3855,3.0702171
13_4113,1.6898804
40_4087,3.201786
40_4163,3.0968628
40_4157,2.5831757
1_4129,3.1366806
1_1021,5.7946434
1_4126,2.3426132
1_4127,3.1462326
22_3056,1.5289917
47_3104,10.990921
1_4084,5.323349
1_4073,3.0872917
1_1011,5.2855644
47_3101,3.111023
47_2001,3.006813
47_1028,3.0699997
47_9024,3.162468
47_9025,3.1131897
47_1029,3.501789
47_3110,3.242836
47_3108,2.3370972
5_3073,3.6613464
5_2042,3.1202316
5_4021,4.1525726
5_3074,2.223587
47_3109,3.1335106
5_3011,2.997982
5_3058,4.9759827
5_3059,5.72583
5_4023,3.1273804
5_3048,3.277359
5_3071,2.9196548
35_2006,3.1527176
35_2118,2.440979
35_6033,1.6135025
35_2007,3.1331825
12_4136,3.0110664
40_4088,3.2574654
13_3015,2.2974854
40_4086,4.8161545
40_4162,3.1342125
40_4161,3.0488625
40_4160,5.2903824
1_4125,4.9505997
48_3865,3.1445236
1_4155,3.159851
48_1046,2.4213867
48_9355,4.72945
48_3779,4.8849792
48_1070,3.0489845
35_3010,2.9694748
35_6401,2.4372864
35_6035,2.4415588
35_1003,3.0703545
5_5803,5.4532776
35_1005,1.5281906
35_1112,3.1824265
35_1022,3.1414642
5_4046,3.025982
48_3749,3.2400017
5_4019,4.395485
5_5805,5.492264
48_1181,1.6314545
48_2108,3.1381912
48_3729,3.1355553
48_3739,2.997879
40_1017,3.0114288
40_6010,11.398369
40_7024,2.287323
40_3018,5.4263763
40_1015,5.3539124
40_5021,2.815956
48_1068,3.2668648
12_3996,3.140049
12_1060,4.643448
48_4146,4.7651634
48_3569,1.9332504
12_3997,3.1551628
12_1370,5.351692
12_1030,3.120819
12_3811,2.3240585
48_1056,3.1345406
48_1049,4.456627
12_3804,2.3038712
12_3995,4.9286194
48_6079,1.7149429
48_3875,3.1151695
48_5336,2.140007
48_1065,3.1358566
48_5323,2.416603
47_2008,3.0430717
47_1023,2.3640442
47_6015,2.2659912
48_1047,2.4201584
48_5335,2.4181213
48_6086,1.5541992
47_3075,3.1777954
47_6022,3.1674843
48_1060,2.9851875
48_1174,3.140316
48_3689,3.035572
48_3679,5.2602997
48_3669,5.1044693
48_6160,3.0794067
48_4142,2.9739304
48_1183,2.9921875
48_3719,2.9874916
48_2176,13.504227
48_6179,3.08461
48_4152,3.1932487
48_3010,4.107544
48_4143,3.1144867
48_1130,5.2637177
48_3699,3.8486786
48_5301,5.527649
48_5310,2.6303902
48_3629,2.2932434
48_5274,1.8185043
48_5317,3.4461594
48_5287,5.58815
48_1123,1.5523453
48_5284,5.5401306
48_5283,5.614586
48_1113,3.1358833
48_1168,4.978222
48_1093,1.7205276
48_5026,6.545513
48_9005,4.7908516
48_1169,5.250496
48_1122,3.189396
48_7165,5.405266
48_3579,5.606209
48_1119,3.1290016
48_1094,3.2413254
48_1096,3.091114
48_1092,3.071701
45_7019,3.144497
45_5034,2.2982178
45_5035,2.3301315
48_3589,2.838993
45_5017,2.3127975
45_1011,4.574341
45_1025,2.7070923
45_1008,6.2705574
45_1024,5.3014603
13_3020,2.8725128
13_3007,2.9706078
13_3016,2.240097
13_1004,5.381317
45_3012,2.0252075
13_1031,3.14534
13_3019,2.8951454
13_3017,2.136177
13_5023,2.4301224
48_2133,5.0229073
13_1005,12.086327
28_5025,2.98526
28_7012,2.0930328
28_5805,4.565178
22_4001,2.301056
48_5328,2.5669136
48_1087,4.114624
48_1116,3.066311
48_1076,4.538742
48_1111,3.085518
48_5278,12.479523
48_1048,4.9145927
48_1077,2.9532738
48_5334,2.4354553
48_5024,2.932396
48_5154,2.2904968
28_9030,1.8834076
28_5006,2.7880096
28_1016,4.079895
28_3018,2.7271156
28_3019,2.939968
28_1001,3.133564
28_1802,3.221859
28_2807,3.179779
28_4024,4.315048
28_5803,2.702156
48_1061,3.1319542
28_3099,1.7777481
28_3094,2.3550034
48_3835,3.0368004
28_3090,2.7170868
28_3091,3.1458473
28_3097,2.0514374
28_3093,2.3639069
28_3087,3.1632805
28_3083,2.7635612
28_3085,2.8253708
13_4119,2.2762985
13_4420,3.1690292
28_3089,3.2132797
13_4093,3.1598854
13_4111,13.548492
13_4092,3.1471367
13_4096,4.9328804
13_4118,2.0883331
40_4166,2.519127
40_4155,2.9469414
40_4158,2.9762344
13_1001,3.1336899
28_3081,3.0011826
28_3082,3.122429
12_4154,5.655079
35_1002,3.1028214
13_3018,2.3184357
13_3011,2.3018723
13_7028,2.04879
48_0001,22.889206
40_4154,5.284279
12_4137,3.0311813
48_3609,3.035675
12_4101,4.6794357
12_4135,3.0112267
48_9167,2.1065903
48_1039,2.985714
12_4000,3.140812
12_4138,3.1591072
12_4100,4.070656
48_5035,5.242157
48_3003,4.7577744
12_4096,5.360859
12_4103,4.952942
12_4106,1.6760406
12_4108,5.2681923
12_4105,4.058525
12_4057,2.3365402
12_4099,4.0511856
12_4107,3.1197624
12_4097,2.1950455
12_4059,2.98238
12_4109,3.1158943
12_9054,5.4814796
1_3028,5.525856
1_4007,5.6167603
1_1019,3.1458282
1_6019,1.6699142
48_1109,3.297306
1_6012,1.8108368
1_5008,1.8751526
1_3998,2.318428
48_1050,5.7247543
48_3559,3.2129517
48_1178,3.0862274
1_1001,2.9983025
48_3769,3.187046
48_1069,3.0355492
28_0902,27.485199
28_0903,27.486786
28_A410,4.344635
28_A430,4.3434143
48_H310,5.726509
48_H320,5.7282257
48_H330,5.728344
48_H340,5.7276344
48_H350,5.7263184
48_G310,5.3665543
48_G320,5.3696213
48_G330,5.3688507
48_G350,5.446781
48_Q310,3.203682
48_Q320,3.2024918
48_Q330,3.2027435
48_Q340,3.2024841
48_Q350,3.2023392
5_0213,26.754288
5_0214,26.070679
5_0215,26.065094
5_0216,26.056519
5_0217,26.2509
5_0218,26.251022
5_0219,26.250458
5_0220,26.250122
5_0221,26.048798
5_0222,26.24852
5_0223,26.067322
5_0224,26.248962
5_A604,3.2912254
5_A606,3.2904434
5_A607,3.2894974
5_A608,3.2894516
48_A410,4.504051
48_A420,4.621689
48_A430,4.620041
48_0801,21.782166
48_0802,21.7939
1_0101,28.564575
1_0102,28.416962
1_0103,28.622833
1_0104,28.856842
1_0105,28.42569
1_0106,28.856323
1_0107,27.539398
1_0108,28.548828
1_0109,28.547943
1_0110,28.603668
1_0111,28.658325
1_0112,28.855713
1_0161,28.554565
1_0162,28.668976
1_0163,28.548737
48_A807,4.3988533
48_A808,4.3938904
48_0115,28.595795
48_0116,28.597687
48_0124,28.59903
48_0123,28.5997
48_0122,28.600159
48_0117,28.65393
48_0118,28.707184
48_0113,28.759796
48_0114,28.811981
48_0121,28.759644
48_0120,28.707
48_0119,28.653717
12_0901,26.572739
12_0902,26.573837
12_0903,26.573929
12_0959,26.904907
12_B310,3.2076187
12_B320,3.2062721
12_B330,3.2064514
12_B350,3.2066956
12_B351,3.2071915
12_B352,3.2069702
12_B360,3.207634
12_B321,3.2051888
12_A321,5.4775124
12_A310,5.4806824
12_A320,5.483589
12_A330,5.483864
12_A350,5.482895
12_A351,5.4813156
12_A352,5.478241
12_0101,28.570984
12_0102,28.567139
12_0103,28.777893
12_0104,28.779877
12_0105,28.570282
12_0106,28.567749
12_0107,28.558044
12_0108,28.565125
12_0109,28.780457
12_0110,28.570404
12_0111,28.778381
12_0112,28.779938
12_0161,28.560638
12_0502,23.670074
12_0503,23.678467
12_0504,23.760605
12_0505,23.602295
12_0506,24.06813
12_0507,24.067307
12_0508,23.679688
12_0509,23.837326
12_0561,23.676453
12_0562,23.681778
12_0563,23.600494
12_0564,23.598846
12_0565,23.759018
12_0566,24.068146
5_0803,21.491821
5_0804,21.489868
5_0809,21.490753
5_0810,21.49147
5_B410,4.9657593
5_B430,4.861389
47_0601,24.100235
47_0602,24.162506
47_0605,24.180511
47_0603,24.182678
47_0606,24.183212
47_0604,24.183304
47_0607,24.353088
47_0608,24.179016
47_0662,24.17717
47_0661,24.101532
48_0167,28.599579
48_0166,28.584717
48_0165,28.812164
48_0164,28.59961
48_0163,28.599945
48_0162,28.599731
48_0161,28.59845
48_0160,28.597046
40_0605,28.276886
40_0606,27.192993
40_0608,27.19455
40_0607,28.384155
40_0604,27.195465
40_0603,27.195251
40_0601,27.191101
40_0602,27.188416
40_C350,3.2566986
40_C330,3.2557526
40_C320,3.2558327
40_C310,3.2549362
40_0560,23.926819
40_0505,24.059097
40_0504,24.187729
40_0507,24.005936
40_0506,23.959152
40_0509,24.107056
40_0508,23.975632
40_0503,23.975815
40_0502,23.922943
40_0501,27.21341
40_0124,23.224716
40_0123,23.226349
40_0121,23.315948
40_0120,23.36673
40_0119,23.203506
40_0122,24.604813
40_0113,24.645325
40_0117,23.496445
40_0115,23.438446
40_0116,23.412155
40_0118,23.376999
40_0114,23.32129
40_0160,23.31041
47_B350,3.203354
47_B330,3.201786
47_B320,3.1904335
47_B310,3.1902122
47_A310,3.08321
47_A320,3.083397
47_A330,3.084324
47_A350,3.090042
48_B310,3.0035324
48_B320,3.109661
48_B330,3.0036964
48_B340,3.0038033
48_B350,3.0292435
48_A502,2.9772873
48_A503,2.960598
48_A504,2.960617
48_A505,2.9594536
48_A506,2.9604836
48_A507,2.9606323
48_A508,2.9765587
48_A509,2.9771042
22_0702,27.729553
22_0703,27.724792
22_0704,27.729858
22_0705,27.731598
22_0706,27.728424
22_0707,27.732056
22_0708,27.730743
22_0709,27.725464
35_0101,25.651901
35_0102,25.652954
35_0103,25.65686
35_0104,25.851044
35_0105,25.859512
35_0106,25.853943
35_0107,25.85875
35_0108,25.853409
35_0109,25.851135
35_0110,25.649872
35_0111,25.649551
35_0112,25.644165
35_0501,26.172699
35_0502,25.971802
35_0503,26.194473
35_0504,26.193314
35_0505,25.826797
35_0506,25.893661
35_0507,25.959671
35_0508,26.19461
35_0509,26.036911
35_0801,21.391602
35_0802,21.392166
35_0901,25.549118
35_0902,25.547653
35_0903,25.54512
35_0959,25.541214
48_0901,28.378204
48_0902,28.37912
48_0903,28.37967
13_0502,24.176208
13_0503,23.664032
13_0504,23.663895
13_0505,23.65802
13_0506,24.84401
13_0507,23.663132
13_0508,23.663498
13_0509,23.66217
13_0560,23.686813
13_0561,23.690567
13_0562,23.690552
13_0563,23.68863
13_0564,23.688553
13_0565,23.690002
13_0566,23.689896
5_0113,28.730988
5_0114,28.731628
5_0115,28.831573
5_0116,28.832489
5_0117,28.733124
5_0118,28.834137
5_0122,28.831665
5_0123,28.830627
5_0124,28.83139
5_A601,3.390831
5_A602,3.389946
5_A603,3.2918053
5_A605,3.2938423
1_0502,28.44519
1_0503,28.440186
1_0504,28.439514
1_0505,28.44519
1_0506,24.457169
1_0507,28.436005
1_0508,28.435425
1_0509,28.4375
1_0563,24.452515
48_D410,3.210186
48_D420,3.2093925
48_D430,3.2108917
40_A410,5.3236923
40_A420,5.324852
40_A430,5.321121
40_B310,5.547039
40_B320,5.5477486
40_B330,5.547783
40_B350,5.545372
40_B360,5.543976
5_C410,5.7254105
5_C430,5.725662
1_C330,3.1664467
1_0564,21.901794
1_C310,3.166378
1_C320,3.1667137
1_C340,3.1672516
1_C350,3.0584679
1_0601,27.884216
1_0602,27.885864
1_0605,27.998169
1_0608,28.001343
1_0603,27.886108
1_0604,27.887238
1_0606,27.99881
1_0607,28.158386
1_0661,28.245667
1_0662,28.00116
1_0663,28.001526
1_A310,5.1204987
1_A320,5.124275
1_A350,5.1235733
48_A310,3.1098404
48_A320,3.1087112
48_A330,3.1086426
48_A340,3.1104164
48_B410,3.1654205
48_B420,3.164627
48_B430,3.1657486
48_E410,3.0868912
48_E420,3.0860023
48_E430,3.0872574
48_K310,5.4373055
48_K320,5.4413185
48_K330,5.4421463
48_K340,5.4374886
48_K350,5.431183
22_0113,23.73021
22_0114,23.729431
22_0115,23.962585
22_0116,23.965744
22_0117,23.732986
22_0118,23.96643
22_0119,23.72731
22_0120,23.731155
22_0121,23.732056
22_0122,23.965042
22_0123,23.964508
22_0124,23.96759
28_A310,3.2206497
28_A330,3.220623
48_2172,1.7151794
40_A320,3.1959229
40_A330,3.196041
40_A340,3.1960068
40_A350,3.197281
5_A310,2.9341278
5_A320,2.9338303
5_A350,2.9354515
48_E310,2.990425
48_E320,2.9905853
48_E330,2.9906502
48_E340,2.9906807
48_E350,2.9906921
48_E351,2.9906502
48_E352,2.9919472
48_C410,2.836647
48_C420,2.8366623
48_C430,2.8385963
48_L310,3.1871262
48_L320,3.186699
48_L330,3.1866913
48_L340,3.1866531
48_L350,3.1878624
1_B310,3.2112122
1_B320,3.2099571
1_B330,3.2099533
1_B340,3.2101974
1_B350,3.1577988
5_0119,27.424957
5_0120,27.431213
5_0121,27.427155
32_AA01,1.5506516
32_AA02,1.5453949
32_AA03,1.5453339
32_AA59,1.5454407
32_AA60,1.5454483
32_AA61,1.5453949
32_AA62,1.5453644
4_AA01,2.026123
4_AA02,2.0260696
4_AA03,2.026001
4_AA59,2.0260468
4_AA60,2.0261612
49_3015,5.422241
49_7082,1.8944244
49_7083,4.76239
32_7084,1.9835587
49_7086,4.574066
49_7085,3.0144386
32_1021,5.0853195
32_3010,1.7378235
32_3013,1.6481094
30_1001,3.1273346
30_6004,2.7776642
30_8129,3.1035347
30_7066,1.52594
30_7088,1.5309601
30_7075,2.1600723
30_7076,1.5170517
32_1020,2.9836578
32_2027,1.6186752
16_6027,2.9546661
16_5025,1.5332794
16_3023,2.3768158
16_1021,3.0547943
6_3021,1.9726028
6_3024,2.2483902
6_7491,2.4354935
6_7493,2.1036224
6_9048,1.909523
6_8151,2.4061432
6_1253,3.094078
6_2002,2.9820786
6_2038,3.0431023
6_2040,2.9750366
6_2041,2.9478989
6_2051,5.0171967
6_2053,1.5783005
6_2647,3.1633644
6_3005,2.142105
6_3030,2.2436905
6_3042,1.8734207
6_6044,3.0881233
6_9049,3.9833984
53_1002,3.1211472
53_1005,1.5679474
53_1006,3.1131516
53_1007,4.5986023
53_1008,3.0605469
53_1801,5.3030243
53_3011,1.6228867
53_3013,3.0755615
53_3019,5.0110245
53_3812,4.7891235
53_3813,5.207535
53_6020,3.1411362
53_6048,3.1150208
53_6049,4.2634583
53_6056,3.1122475
53_7322,2.9917717
53_7409,2.328537
32_1030,4.045685
41_2002,3.050106
41_5005,1.9945526
41_5006,2.0572815
41_5008,1.8803024
41_5021,2.1413116
41_5022,2.154129
41_6011,1.7186813
41_6012,1.8527985
41_7018,2.2574387
41_7019,3.1126823
41_7025,2.2609406
56_1007,4.563179
56_2015,1.5493774
56_6032,14.245422
56_2018,3.0223618
56_2020,1.5410461
56_6029,3.2221107
56_6031,2.6133842
56_7775,22.830627
56_7772,5.166767
56_7773,4.470402
8_1053,3.2438354
8_2008,3.2604637
8_6002,1.5390778
8_1029,2.693657
8_1057,4.1753845
8_1047,16.444305
8_6013,4.226738
8_7036,2.3551636
8_9019,2.2493515
8_3032,2.3977509
8_7035,2.2663803
8_9020,2.248993
56_3027,4.013817
56_2037,5.382847
56_2017,5.024025
4_1001,2.283844
4_1002,1.6895676
4_1006,1.9926071
4_1007,2.2661743
4_1016,2.2677536
4_1017,2.0198212
4_1018,1.6693268
4_1021,2.4020844
4_1022,2.3959122
4_1024,2.3761673
4_1034,4.9529457
4_1036,3.044613
4_1062,1.8497391
4_1065,2.22007
4_6055,3.1470146
4_6060,1.58461
53_1501,2.6915283
56_2019,5.390732
16_3017,2.2785034
16_9032,3.1736336
16_9034,3.1723976
6_9107,2.3217697
32_7000,1.6106033
6_8202,2.9555435
6_8201,5.1445236
6_8156,5.3950195
6_8150,4.440567
6_8153,5.203724
6_8149,2.0659714
6_7454,4.827591
6_7455,2.1878738
6_7452,5.4106026
6_8535,1.7192535
6_8534,1.6711121
6_7456,2.191513
41_7081,2.364624
49_1004,5.3146095
53_3014,2.6538544
4_1015,2.277275
8_7776,2.3104706
8_7780,3.1416512
8_7781,3.2210045
8_7783,1.9296951
4_7614,2.325882
4_7613,5.338478
4_1003,1.75
4_1025,2.2407837
4_1037,3.2186623
4_6054,1.5404968
4_6053,2.3071518
49_1001,5.2151947
49_1005,4.588768
49_1006,3.555252
49_1007,3.0997124
49_1008,3.4555702
49_1017,5.8645782
49_3010,2.1526718
49_3011,1.6133804
16_1020,3.1484566
16_1010,1.5734177
16_1009,1.8735352
16_1007,2.9328384
16_1005,3.1463814
16_1001,3.128151
6_2004,1.9319229
6_3010,3.847847
6_3013,2.2456894
6_3017,4.8600235
6_3019,2.248352
4_0602,28.258514
4_0113,27.22113
4_0114,27.40091
4_0115,27.104492
4_0116,27.22641
4_0117,27.105072
4_0118,27.343079
4_0119,27.281952
4_0120,27.277649
4_0121,27.279572
4_0122,27.286743
4_0123,27.218597
4_0124,27.159546
4_0160,27.112
4_0161,27.162323
4_0162,27.159668
4_0163,27.168213
4_0213,24.455673
4_0214,24.119324
4_0215,24.34233
4_0216,24.399048
4_0217,24.180511
4_0218,26.286942
4_0219,24.300034
4_0220,24.251892
4_0221,24.302963
4_0222,24.24968
4_0223,24.543472
4_0224,24.327011
4_0260,24.67418
4_0261,24.654114
4_0262,24.383408
4_0263,24.435959
4_0264,24.36531
4_0265,24.29042
4_0266,24.290207
4_0267,24.289246
4_0268,24.16275
4_0502,28.634247
4_0503,28.656647
4_0504,28.571045
4_0505,28.65863
4_0506,28.65924
4_0507,28.569427
4_0508,28.658478
4_0509,28.659546
4_0559,28.65741
4_0560,28.550446
4_0601,28.22873
4_0603,26.991241
4_0604,27.169922
4_0605,28.2641
4_0606,27.07669
4_0607,27.076324
4_0608,27.141205
4_0659,27.202942
4_0660,27.138336
4_0661,27.172363
4_0662,27.200745
4_0663,27.14148
4_0664,27.059845
4_0666,26.999603
4_0667,26.999329
4_0668,26.998657
4_0669,26.99762
4_0902,27.156006
4_0903,27.068787
4_A310,3.0435371
4_A320,3.043171
4_A330,3.0960007
4_A901,3.0308685
4_A902,3.0453186
4_A903,3.0308266
4_B310,1.8123932
4_B320,1.8125229
4_B330,1.8135223
4_B350,1.8126144
4_B901,2.2213516
4_B902,2.2184143
4_B903,2.2181091
4_B959,2.224121
4_B960,2.2187042
4_B961,2.2182083
4_B964,2.2365646
4_D310,1.576294
4_D320,1.6421356
4_D330,1.5762863
4_D350,1.6138611
6_0505,26.981903
6_0602,26.813065
6_0603,26.627121
6_0604,26.494461
6_0605,26.812546
6_0606,26.811646
6_0607,26.81102
6_0608,26.562637
6_0659,26.55487
6_0660,26.55362
6_0661,26.556793
6_0662,26.625824
6_0663,26.682358
6_0664,26.49379
6_A410,1.5239563
6_A412,1.4840469
6_A420,1.520958
6_A421,1.5209427
6_A422,1.4840469
6_A423,1.5214233
6_A430,1.5239716
6_A441,1.5244904
6_A442,1.5244827
6_A443,1.5244751
8_0213,28.05899
8_0214,28.06018
8_0215,28.373535
8_0216,28.056305
8_0217,28.62909
8_0218,28.210297
8_0219,28.135254
8_0220,28.301208
8_0221,28.360443
8_0222,27.987762
8_0223,27.985504
8_0224,28.300598
8_0259,27.981964
8_0811,24.217514
8_0812,24.206802
16_A310,3.1178627
16_A320,3.1175041
16_A330,3.117527
16_A350,3.1188965
16_B310,3.0648727
16_B320,3.0647697
16_B330,3.0647125
16_B350,3.0657425
30_0113,26.634827
30_0114,23.910233
30_0115,23.85463
30_0116,26.60025
30_0117,23.867844
30_0118,26.607758
30_0119,23.995514
30_0120,26.745514
30_0121,26.718292
30_0122,26.74884
30_0123,23.976852
30_0124,23.97615
30_0502,28.372986
30_0503,28.334595
30_0504,28.412872
30_0505,28.256989
30_0506,28.421875
30_0507,28.41217
30_0508,28.413666
30_0509,28.430664
30_0560,28.358124
30_0561,28.359589
30_0805,21.242233
30_0806,21.2417
32_0101,28.58136
32_0102,28.677887
32_0103,28.680176
32_0104,28.635712
32_0105,28.679138
32_0106,28.650421
32_0107,28.730438
32_0108,28.80655
32_0109,28.806244
32_0112,28.677368
32_0201,28.759369
32_0202,27.198853
32_0203,28.81366
32_0204,28.841156
32_0205,28.757141
32_0206,27.170593
32_0207,28.843903
32_0208,28.842804
32_0211,28.761078
32_0259,28.753876
49_0803,21.492096
49_0804,21.592255
49_C410,1.520256
49_C430,1.4927979
49_C431,1.4927673
49_C440,1.5203476
49_C443,1.494278
49_C444,1.4985809
49_C445,1.4916077
49_C446,1.4916382
49_C449,1.5073395
49_C450,1.4916534
49_C451,1.4985657
49_C452,1.4985657
49_C453,1.520256
49_C454,1.520256
49_C455,1.5202866
49_C456,1.5204468
49_C457,1.5203323
49_E430,2.98872
49_E431,2.988552
49_E440,2.987877
49_E441,2.9726028
49_E443,2.9884605
49_E444,2.957775
49_E445,2.96138
49_E446,2.978138
49_E450,2.987072
49_E451,2.9726067
49_E452,2.9642677
49_E454,2.9877586
49_E455,2.9888725
49_E456,2.9850388
49_E458,2.9851303
49_E459,2.9851227
49_E460,2.9852943
49_E461,2.9783401
49_E462,2.9853134
53_0201,28.804016
53_0202,28.589996
53_0203,28.589539
53_0204,28.804962
53_0205,28.59079
53_0206,28.588745
53_0207,28.587494
53_0208,28.590515
53_0209,28.804749
53_0210,28.590637
53_0211,28.804016
53_0212,28.805206
53_0259,28.588013
53_0801,21.257156
53_0802,21.257156
53_A809,1.8639145
53_A810,1.8641815
6_0501,26.854843
6_0502,26.857376
6_0503,28.232727
6_0504,26.921005
6_0506,27.043854
6_0507,27.044281
6_0508,27.043854
6_0509,27.042175
6_0559,26.839157
6_0561,26.994751
6_0563,26.879196
6_0565,26.881012
6_0566,26.84401
6_0567,26.8432
6_0569,26.931534
6_0570,26.928894
6_0571,26.903137
16_C310,1.5735092
16_C320,1.5735092
16_C330,1.5735321
16_C350,1.5734406
32_A410,1.7135391
32_A420,1.7211456
32_A430,1.7378235
56_A310,5.2071075
56_A320,5.209942
56_A330,5.2102356
56_A350,5.207184
56_A363,5.2072716
56_B310,23.968994
56_B320,24.099854
56_B330,24.108429
56_B350,24.10904
56_B360,24.082275
32_0110,28.805542
32_0111,28.623322
32_0209,28.75885
32_0210,28.685638
49_C441,1.5202866
49_C447,1.5073471
49_C448,1.5074005
49_C458,1.5202484
49_E410,2.9890633
49_E448,2.9550743
49_E449,2.96986
6_0568,26.841599
6_A411,1.4840622
4_0665,26.999512
6_A805,2.5289383
6_A806,2.5519943
6_0811,21.441864
6_0812,21.420471
6_0203,25.939056
6_0211,25.136398
6_0207,25.942856
6_0206,25.139328
6_0210,25.229843
6_0202,25.516403
6_0204,26.448624
6_0212,25.25969
6_0208,25.189316
6_0205,25.190964
6_0209,25.188736
6_0201,26.178986
6_A361,3.0381012
6_A362,3.0381088
6_A363,3.039524
6_A353,3.038311
6_A352,3.0387878
6_A340,3.053215
6_A310,3.053215
6_A311,3.0527039
6_A330,3.0533218
6_A350,3.045353
6_A351,3.0463638
6_A320,3.0456238
6_A321,3.0453186
8_A410,2.8695564
8_A411,2.8694
8_A412,2.8541107
8_A413,2.8541603
8_A414,2.8694534
8_A415,2.869606
8_A430,2.8696632
8_A431,2.8470345
8_A441,2.8694496
8_A442,2.8693848
8_A443,2.846981
8_A444,2.8616447
8_A445,2.869484
8_A446,2.8696823
8_A451,2.8615723
8_A452,2.813881
8_A455,2.8697853
4_0501,28.577972
4_7079,4.922409
30_0901,26.819458
30_0902,26.821136
30_0903,26.820007
1_A330,5.1242447
1_A340,5.1236267
5_A410,4.631531
5_A430,4.6307373
12_C310,5.6541977
12_C320,5.6563683
12_C321,5.6555405
12_C330,5.6563797
12_C350,5.654228
28_0501,28.479736
28_0502,28.539978
28_0503,28.539398
28_0504,28.539825
28_0505,28.540588
28_0506,28.539154
28_0507,28.53888
28_0508,28.551025
28_0509,28.53955
28_0560,28.483215
28_0805,21.379578
28_0806,21.377472
28_0959,27.486084
28_A320,3.2204552
28_A350,3.2215614
47_C310,2.332672
47_C311,2.2719116
47_C320,2.3314438
47_C330,2.3313217
47_C350,2.3337402
48_D310,1.7203522
48_D320,1.720398
48_D330,1.66436
48_D350,1.7204208
48_F310,5.64003
48_F320,5.649498
48_F330,5.6494064
48_F340,5.648697
48_F350,5.5670395
48_H351,5.7255287
48_I310,3.2002716
48_I320,3.1850052
48_I330,3.2005043
48_I340,3.2003784
48_I350,3.2013283
48_J310,3.1901474
48_J320,3.1903
48_J330,3.1905441
48_J340,3.190712
48_J350,3.1905556
48_J351,3.1909103
48_K351,5.408573
48_M310,3.2383766
48_M320,3.2385406
48_M330,3.238575
48_M340,3.2384148
48_M350,3.2394867
48_N310,3.1514664
48_N320,3.1504822
48_N330,3.1505432
48_N340,3.1505127
48_N350,3.1512794
48_Q353,3.2033424
4_A350,3.0438614
4_A390,3.0932236
4_C320,1.6503677
4_C330,1.629631
4_C350,1.6302032
4_C310,1.6296005
4_C340,1.6293106
6_0562,27.89215
6_0564,27.856873
6_0560,27.8172
8_B310,3.2589073
8_B320,3.259079
8_B330,3.2587852
8_B350,3.2599258
30_A320,3.125721
30_A330,3.1256905
30_A350,3.1267471
30_A310,3.1255646
32_A310,5.0953217
32_A320,5.094887
32_A330,5.0896378
32_A350,5.0937576
32_A351,4.777397
32_A352,4.7754135
32_A451,1.7379456
32_A452,1.7378616
32_A453,1.7378159
32_A454,1.737793
32_A455,1.7292175
32_A456,1.7211227
32_A457,1.706398
32_A458,1.7064056
32_A459,1.713501
32_A460,1.7292252
32_A461,1.7377853
32_A462,1.7378006
32_A463,1.7378464
32_A464,1.737915
32_C310,1.5569305
32_C350,1.5569534
32_C330,1.5629807
32_C320,1.5631027
49_A332,5.9029045
49_A351,5.9031296
49_A352,5.901848
49_A361,5.8536873
49_A310,5.9036446
49_A390,5.9036407
49_A350,5.337536
49_A320,5.901848
49_A330,5.853878
49_B390,5.888218
49_B351,5.841358
49_B330,5.8879433
49_B350,5.8888817
49_B352,5.883251
49_B361,5.883995
49_B310,5.8884926
49_B320,5.8829308
49_B331,5.8304787
49_C320,3.5522385
49_C330,3.5516129
49_C310,3.5511475
49_C350,3.5521545
49_C351,3.5059204
49_C352,3.5516357
49_C331,3.548935
49_C361,3.550003
53_A320,3.068058
53_A330,3.0678787
53_A350,3.06839
53_A310,3.067501
53_B310,2.6876106
53_B320,2.6886444
53_B330,2.6886406
53_B350,2.6908455
53_C350,5.3100586
53_C330,5.311325
53_C320,5.3104095
53_C310,5.3073273
4_A451,5.343544
4_A452,5.3441772
4_A453,5.3444595
4_A454,5.5193024
4_A455,5.574814
4_A456,5.058975
4_A457,5.5747833
4_A458,5.574463
4_A459,5.339241
4_A460,5.3389587
4_A461,5.397293
4_A462,5.4033966
4_A441,5.3519974
4_A410,5.349205
4_A430,5.3491516
4_A442,5.5242767
4_A444,5.5249634
4_A445,5.5249786
4_A446,5.467224
4_A447,5.408844
4_A448,5.34964
4_A449,5.3490677
4_A450,5.348213
6_B430,2.1653214
6_B420,2.165184
6_B410,2.165062
6_B411,2.171898
6_B412,2.1632538
6_B421,2.1261063
6_B413,2.1427078
6_B423,2.1325455
6_B451,2.148468
6_B452,2.170723
6_B453,2.1800232
6_B441,2.1746902
6_B442,2.1747284
6_B443,2.1748047
8_0560,28.725403
8_0502,28.72699
8_0509,28.832977
8_0503,28.834076
8_0508,28.834839
8_0504,28.835175
8_0507,28.835022
8_0505,28.83432
8_0506,28.83316
8_0501,28.727173
8_0559,28.725739
8_A340,3.231472
8_A330,3.2316513
8_A310,3.2328835
8_A350,3.2329254
8_A320,3.2314568
32_B320,1.6107101
32_B310,1.6105499
32_B350,1.6101608
32_B330,1.6117249
32_B340,1.6108856
49_D430,3.8730316
49_D410,3.8765106
49_D443,3.8710938
49_D444,3.8326416
49_D441,3.8295746
49_D446,3.663208
49_D440,3.7532043
49_D445,3.781952
49_D461,3.784134
49_D460,3.805893
49_D459,3.8055115
49_D462,3.8106995
49_D450,3.7822418
49_D452,3.7826538
49_D454,3.7647552
49_D448,3.6749725
49_D449,3.7809296
49_D451,3.8502502
49_D455,3.8731995
49_D431,3.8708801
34_0801,21.442322
34_0802,21.442337
34_0859,21.442337
34_0860,21.442352
36_A340,3.1565933
36_A310,3.1574402
36_A320,3.204708
36_A330,3.156887
36_A350,3.1580505
36_A321,3.1567955
36_A331,3.1562653
36_B331,5.591774
36_B350,5.5933228
36_B340,5.715454
36_B330,5.716461
36_B351,5.7167587
36_B320,5.71603
36_B310,5.716831
36_B352,5.714859
36_B353,5.591751
36_B354,5.591751
42_A340,5.1544113
42_A320,5.155571
42_A310,5.1574936
42_A350,5.1573334
42_A351,5.156311
42_A330,5.1556625
42_A430,2.1836853
42_A411,2.1820831
51_A340,2.431488
51_A310,2.4324722
51_A350,2.4335632
51_A330,2.4314194
51_A320,2.4309158
51_A321,2.4309845
17_B310,3.1227455
17_B320,3.122898
17_B330,3.1229935
17_B340,3.1231537
17_B350,3.1243973
18_A310,2.0649033
18_A320,2.0636902
18_A330,1.6469116
18_A340,2.0639343
18_A350,2.0662918
19_A310,19.104431
19_A320,19.176727
19_A330,19.152344
19_A340,19.018402
19_A350,18.735764
19_B410,5.711502
19_B430,5.7119827
20_0901,27.035736
20_0902,27.041504
20_0903,27.04065
20_A330,5.5673943
20_A310,5.568836
20_A320,5.5691757
20_A350,5.568695
20_A340,5.5677605
20_B350,3.1798744
20_B340,3.1789894
20_B330,3.1789894
20_B320,3.1788368
20_B310,3.1786423
21_A320,26.936264
21_A350,26.905533
21_A310,26.95903
21_A330,26.961098
21_A340,25.85553
21_A430,2.4086075
21_A410,2.4082718
21_B310,3.1244698
21_B320,3.12397
21_B330,3.1241226
21_B340,3.1240463
21_B350,3.125183
26_0659,28.751526
26_0608,28.756958
26_0607,28.758911
26_0606,28.760162
26_0603,28.760345
26_0604,28.76007
26_0601,28.759003
26_0602,28.757385
26_0605,28.755005
26_0902,27.429932
26_0903,27.430908
26_0901,27.429688
26_A310,3.0848122
26_A320,3.0846481
26_A330,3.0847702
26_A340,3.0848694
26_A350,3.0959435
26_A321,3.0953064
26_B321,3.134369
26_B310,3.152874
26_B320,3.1347008
26_B330,3.1349373
26_B340,3.141201
26_B350,3.14254
26_C310,5.5026016
26_C320,5.1268997
26_C330,5.5043755
26_C340,5.504204
26_C350,5.5033493
26_C351,5.501892
26_D320,5.6838226
26_D330,5.6845093
26_D310,5.6846237
26_D350,5.684227
26_D351,5.6835175
26_D340,5.682186
27_0903,28.087982
27_0902,28.090393
27_0910,28.091125
27_0909,28.255554
27_0901,28.25351
27_A310,3.1489563
27_A320,3.1467667
27_A330,3.1468086
27_A340,3.1494637
27_A350,3.1506958
27_B310,3.1433945
27_B320,3.1423874
27_B330,3.14254
27_B340,3.1520004
27_B350,3.1533737
27_C310,3.143219
27_C320,3.0930595
27_C330,3.0918694
27_C340,3.0918884
27_C350,3.093254
27_D310,3.189991
27_D330,3.0666656
27_D320,3.1492653
27_D340,3.1496887
27_D350,3.1913147
29_0607,28.43106
29_0659,28.434174
29_0663,27.80719
29_0661,28.08374
29_0605,28.4794
29_0601,28.323792
29_0602,28.282745
29_0705,28.730682
40_AA01,4.019043
40_AA02,4.0197144
40_AA03,4.020859
40_AA61,4.020996
40_AA62,4.020218
40_AA63,4.0251007
48_AA01,3.0808334
48_AA02,3.0798492
48_AA03,3.0793152
29_AA01,2.893776
29_AA02,2.8928108
29_AA03,2.8923988
29_AA61,2.8921738
29_AA62,2.8920822
29_AA63,2.8929405
29_AA64,2.8836136
29_AA65,2.8798904
29_AA66,2.911255
29_AA67,2.9189377
4_AA61,2.0260773
4_BA01,1.9181824
4_BA03,1.9183197
4_BA02,1.9184494
4_BA60,1.9182968
4_BA61,1.9181595
4_BA59,1.9180603
12_AA01,3.0977173
12_AA02,3.0963974
12_AA03,3.0966873
12_AA61,3.0981178
29_0707,28.537231
29_A430,2.0093765
29_A410,2.00943
29_A411,2.0094833
29_B351,28.019928
29_B310,28.048157
29_B320,28.05812
29_B330,28.059753
29_B340,25.933533
29_B350,28.0233
31_0123,25.054047
31_0114,25.079147
31_0119,25.134903
31_0117,25.212814
31_0115,25.256653
31_0121,25.475662
31_0120,25.478851
31_0118,25.471085
31_0116,25.251923
31_0122,25.194931
31_0113,24.198654
31_0902,25.05095
31_0903,25.052383
31_A310,3.2169952
31_A320,3.216591
31_A330,3.216896
31_A340,3.2170982
31_A350,3.2165184
31_A351,3.2159996
31_A352,3.2159004
31_A353,3.2130013
31_C430,5.7138977
38_0216,28.676788
38_0214,28.72995
38_0213,28.696808
39_0103,28.582672
39_0110,28.65509
39_0109,28.630493
39_0102,26.814056
39_0107,26.827942
39_A430,5.915489
39_A410,5.916855
39_A411,5.9165497
39_A412,5.91539
46_A410,3.055462
46_A430,3.056736
46_A420,3.0558662
46_A422,3.0559387
46_A412,3.055519
46_A421,3.0555458
46_A411,3.0554543
46_A423,3.0554352
55_A901,1.6828461
55_A902,1.6826096
55_A903,1.671318
55_A907,1.6128464
55_A908,1.6130219
55_A909,1.6255798
4_A443,5.5247345
