source,target,edge_type,distance_km,component_rank,distance_bin,topology_level,osm_path_km,detour_ratio,osm_connected,osm_supported,same_osm_edge,src_osm_edge,dst_osm_edge,src_snap_m,dst_snap_m,topology_status,component_size
55_0113,55_0806,spatial,0.1805518610335439,11,0-1 km,supported,0.15701386443952026,0.869633043607063,1,1,0,"(147104492, 544551455, 0)","(147039452, 147039411, 0)",3.8272358564408484,4.087029696345151,short_connected,39
55_0113,55_0116,spatial,0.2145219929652148,11,0-1 km,supported,0.0,0.0,1,1,1,"(147104492, 544551455, 0)","(147104492, 544551455, 0)",3.8272358564408484,6.54475056941549,same_osm_edge,39
55_0113,55_0118,spatial,0.5209602040838823,11,0-1 km,supported,0.0,0.0,1,1,0,"(147104492, 544551455, 0)","(147065716, 147104492, 0)",3.8272358564408484,5.327995565094113,short_connected,39
55_0113,55_0805,spatial,0.5217475911881465,11,0-1 km,supported,0.15701386443952026,0.3009383600257001,1,1,0,"(147104492, 544551455, 0)","(147039452, 147039411, 0)",3.8272358564408484,2.4970229747212502,short_connected,39
55_0113,55_0122,spatial,0.7351739629166582,11,0-1 km,supported,0.0,0.0,1,1,0,"(147104492, 544551455, 0)","(147065716, 147104492, 0)",3.8272358564408484,6.595293855186842,short_connected,39
55_0113,55_0120,spatial,1.1239678767056187,11,1-5 km,supported,0.6146679572233207,0.5468732425208892,1,1,0,"(147104492, 544551455, 0)","(147128637, 147065716, 0)",3.8272358564408484,3.8766330992732856,short_connected,39
55_0113,55_0121,spatial,1.331238013200687,11,1-5 km,supported,0.6146679572233207,0.4617265666456432,1,1,0,"(147104492, 544551455, 0)","(147128637, 147065716, 0)",3.8272358564408484,0.1174831852062984,short_connected,39
55_0113,55_0119,spatial,1.5378960871790142,11,1-5 km,supported,0.6146679572233207,0.39968107230886796,1,1,0,"(147104492, 544551455, 0)","(147128637, 147065716, 0)",3.8272358564408484,3.9767871712864453,short_connected,39
55_0115,55_0117,spatial,0.2454872986857957,11,0-1 km,supported,0.0,0.0,1,1,1,"(147128637, 147065716, 0)","(147128637, 147065716, 0)",3.9942893224366407,3.2914258582177873,same_osm_edge,39
55_0115,55_0123,spatial,0.271500272938494,11,0-1 km,supported,0.0,0.0,1,1,1,"(147128637, 147065716, 0)","(147128637, 147065716, 0)",3.9942893224366407,4.675924690037686,same_osm_edge,39
55_0114,55_0115,spatial,0.4419874941606332,11,0-1 km,supported,0.0,0.0,1,1,1,"(147128637, 147065716, 0)","(147128637, 147065716, 0)",3.4257867738169736,3.9942893224366407,same_osm_edge,39
55_0115,55_0124,spatial,0.4874284113227696,11,0-1 km,supported,0.0,0.0,1,1,1,"(147128637, 147065716, 0)","(147128637, 147065716, 0)",3.9942893224366407,3.9422540638885804,same_osm_edge,39
55_0115,55_C901,spatial,0.6882146386192423,11,0-1 km,supported,0.0,0.0,1,1,0,"(147128637, 147065716, 0)","(147101059, 147128637, 0)",3.9942893224366407,2.8453584058961066,short_connected,39
55_0115,55_0119,spatial,0.7915775894064899,11,0-1 km,supported,0.0,0.0,1,1,1,"(147128637, 147065716, 0)","(147128637, 147065716, 0)",3.9942893224366407,3.9767871712864453,same_osm_edge,39
55_0115,55_C959,spatial,1.001828757773264,11,1-5 km,supported,0.0,0.0,1,1,0,"(147128637, 147065716, 0)","(147101059, 147128637, 0)",3.9942893224366407,4.26888153660437,short_connected,39
55_0115,55_0121,spatial,1.0021411171200303,11,1-5 km,supported,0.0,0.0,1,1,1,"(147128637, 147065716, 0)","(147128637, 147065716, 0)",3.9942893224366407,0.1174831852062984,same_osm_edge,39
55_0114,55_0117,spatial,0.1965077715001667,11,0-1 km,supported,0.0,0.0,1,1,1,"(147128637, 147065716, 0)","(147128637, 147065716, 0)",3.4257867738169736,3.2914258582177873,same_osm_edge,39
55_0114,55_C901,spatial,0.2462293966488743,11,0-1 km,supported,0.0,0.0,1,1,0,"(147128637, 147065716, 0)","(147101059, 147128637, 0)",3.4257867738169736,2.8453584058961066,short_connected,39
55_0114,55_C959,spatial,0.5598461311346312,11,0-1 km,supported,0.0,0.0,1,1,0,"(147128637, 147065716, 0)","(147101059, 147128637, 0)",3.4257867738169736,4.26888153660437,short_connected,39
55_0114,55_0123,spatial,0.7134857933702922,11,0-1 km,supported,0.0,0.0,1,1,1,"(147128637, 147065716, 0)","(147128637, 147065716, 0)",3.4257867738169736,4.675924690037686,same_osm_edge,39
55_0114,55_C902,spatial,0.8526247416536556,11,0-1 km,supported,0.0,0.0,1,1,0,"(147128637, 147065716, 0)","(147101059, 147128637, 0)",3.4257867738169736,5.635338732337235,short_connected,39
55_0114,55_0124,spatial,0.9294149960011366,11,0-1 km,supported,0.0,0.0,1,1,1,"(147128637, 147065716, 0)","(147128637, 147065716, 0)",3.4257867738169736,3.9422540638885804,same_osm_edge,39
55_0114,55_C903,spatial,1.1590014914534983,11,1-5 km,supported,0.0,0.0,1,1,0,"(147128637, 147065716, 0)","(147101059, 147128637, 0)",3.4257867738169736,6.715013641947047,short_connected,39
55_0116,55_0118,spatial,0.3078227194352491,11,0-1 km,supported,0.0,0.0,1,1,0,"(147104492, 544551455, 0)","(147065716, 147104492, 0)",6.54475056941549,5.327995565094113,short_connected,39
55_0116,55_0806,spatial,0.3946850478006418,11,0-1 km,supported,0.15701386443952026,0.3978206555188001,1,1,0,"(147104492, 544551455, 0)","(147039452, 147039411, 0)",6.54475056941549,4.087029696345151,short_connected,39
55_0116,55_0122,spatial,0.5236725757597114,11,0-1 km,supported,0.0,0.0,1,1,0,"(147104492, 544551455, 0)","(147065716, 147104492, 0)",6.54475056941549,6.595293855186842,short_connected,39
55_0116,55_0805,spatial,0.7345226028524888,11,0-1 km,supported,0.15701386443952026,0.2137631487850248,1,1,0,"(147104492, 544551455, 0)","(147039452, 147039411, 0)",6.54475056941549,2.4970229747212502,short_connected,39
55_0116,55_0120,spatial,0.9171569319558468,11,0-1 km,supported,0.6146679572233207,0.6701884222938105,1,1,0,"(147104492, 544551455, 0)","(147128637, 147065716, 0)",6.54475056941549,3.8766330992732856,short_connected,39
55_0116,55_0121,spatial,1.1272127728956258,11,1-5 km,supported,0.6146679572233207,0.5452989639607603,1,1,0,"(147104492, 544551455, 0)","(147128637, 147065716, 0)",6.54475056941549,0.1174831852062984,short_connected,39
55_0116,55_0119,spatial,1.335698195387724,11,1-5 km,supported,0.6146679572233207,0.460184762804816,1,1,0,"(147104492, 544551455, 0)","(147128637, 147065716, 0)",6.54475056941549,3.9767871712864453,short_connected,39
55_0117,55_C901,spatial,0.4427370885352115,11,0-1 km,supported,0.0,0.0,1,1,0,"(147128637, 147065716, 0)","(147101059, 147128637, 0)",3.2914258582177873,2.8453584058961066,short_connected,39
55_0117,55_0123,spatial,0.5169875616279909,11,0-1 km,supported,0.0,0.0,1,1,1,"(147128637, 147065716, 0)","(147128637, 147065716, 0)",3.2914258582177873,4.675924690037686,same_osm_edge,39
55_0117,55_0124,spatial,0.7329152251389467,11,0-1 km,supported,0.0,0.0,1,1,1,"(147128637, 147065716, 0)","(147128637, 147065716, 0)",3.2914258582177873,3.9422540638885804,same_osm_edge,39
55_0117,55_C959,spatial,0.7563419457440621,11,0-1 km,supported,0.0,0.0,1,1,0,"(147128637, 147065716, 0)","(147101059, 147128637, 0)",3.2914258582177873,4.26888153660437,short_connected,39
55_0117,55_0119,spatial,1.0370645250324295,11,1-5 km,supported,0.0,0.0,1,1,1,"(147128637, 147065716, 0)","(147128637, 147065716, 0)",3.2914258582177873,3.9767871712864453,same_osm_edge,39
55_0117,55_C902,spatial,1.0491255750319186,11,1-5 km,supported,0.0,0.0,1,1,0,"(147128637, 147065716, 0)","(147101059, 147128637, 0)",3.2914258582177873,5.635338732337235,short_connected,39
55_0118,55_0122,spatial,0.2168313810229657,11,0-1 km,supported,0.0,0.0,1,1,1,"(147065716, 147104492, 0)","(147065716, 147104492, 0)",5.327995565094113,6.595293855186842,same_osm_edge,39
55_0118,55_0120,spatial,0.6145422645711867,11,0-1 km,supported,0.0,0.0,1,1,0,"(147065716, 147104492, 0)","(147128637, 147065716, 0)",5.327995565094113,3.8766330992732856,short_connected,39
55_0118,55_0806,spatial,0.7015118464481014,11,0-1 km,supported,0.15701386443952026,0.22382211395932045,1,1,0,"(147065716, 147104492, 0)","(147039452, 147039411, 0)",5.327995565094113,4.087029696345151,short_connected,39
55_0118,55_0121,spatial,0.8273172319114263,11,0-1 km,supported,0.0,0.0,1,1,0,"(147065716, 147104492, 0)","(147128637, 147065716, 0)",5.327995565094113,0.1174831852062984,short_connected,39
55_0118,55_0805,spatial,1.035276478894932,11,1-5 km,supported,0.15701386443952026,0.15166370302078044,1,1,0,"(147065716, 147104492, 0)","(147039452, 147039411, 0)",5.327995565094113,2.4970229747212502,short_connected,39
55_0118,55_0119,spatial,1.0373391399069172,11,1-5 km,supported,0.0,0.0,1,1,0,"(147065716, 147104492, 0)","(147128637, 147065716, 0)",5.327995565094113,3.9767871712864453,short_connected,39
55_0119,55_0121,spatial,0.2105882550405831,11,0-1 km,supported,0.0,0.0,1,1,1,"(147128637, 147065716, 0)","(147128637, 147065716, 0)",3.9767871712864453,0.1174831852062984,same_osm_edge,39
55_0119,55_0124,spatial,0.3041493173742321,11,0-1 km,supported,0.0,0.0,1,1,1,"(147128637, 147065716, 0)","(147128637, 147065716, 0)",3.9767871712864453,3.9422540638885804,same_osm_edge,39
55_0119,55_0120,spatial,0.4252639501318023,11,0-1 km,supported,0.0,0.0,1,1,1,"(147128637, 147065716, 0)","(147128637, 147065716, 0)",3.9767871712864453,3.8766330992732856,same_osm_edge,39
55_0119,55_0123,spatial,0.520077828842645,11,0-1 km,supported,0.0,0.0,1,1,1,"(147128637, 147065716, 0)","(147128637, 147065716, 0)",3.9767871712864453,4.675924690037686,same_osm_edge,39
55_0119,55_0122,spatial,0.823940019727178,11,0-1 km,supported,0.0,0.0,1,1,0,"(147128637, 147065716, 0)","(147065716, 147104492, 0)",3.9767871712864453,6.595293855186842,short_connected,39
55_0120,55_0121,spatial,0.2147384809729577,11,0-1 km,supported,0.0,0.0,1,1,1,"(147128637, 147065716, 0)","(147128637, 147065716, 0)",3.8766330992732856,0.1174831852062984,same_osm_edge,39
55_0120,55_0122,spatial,0.3994240633553337,11,0-1 km,supported,0.0,0.0,1,1,0,"(147128637, 147065716, 0)","(147065716, 147104492, 0)",3.8766330992732856,6.595293855186842,short_connected,39
55_0120,55_0124,spatial,0.729413230867964,11,0-1 km,supported,0.0,0.0,1,1,1,"(147128637, 147065716, 0)","(147128637, 147065716, 0)",3.8766330992732856,3.9422540638885804,same_osm_edge,39
55_0120,55_0123,spatial,0.9453416777447536,11,0-1 km,supported,0.0,0.0,1,1,1,"(147128637, 147065716, 0)","(147128637, 147065716, 0)",3.8766330992732856,4.675924690037686,same_osm_edge,39
55_0121,55_0124,spatial,0.514717427921453,11,0-1 km,supported,0.0,0.0,1,1,1,"(147128637, 147065716, 0)","(147128637, 147065716, 0)",0.1174831852062984,3.9422540638885804,same_osm_edge,39
55_0121,55_0122,spatial,0.6134327406052669,11,0-1 km,supported,0.0,0.0,1,1,0,"(147128637, 147065716, 0)","(147065716, 147104492, 0)",0.1174831852062984,6.595293855186842,short_connected,39
55_0121,55_0123,spatial,0.7306458749354138,11,0-1 km,supported,0.0,0.0,1,1,1,"(147128637, 147065716, 0)","(147128637, 147065716, 0)",0.1174831852062984,4.675924690037686,same_osm_edge,39
55_0122,55_0806,spatial,0.915526253422852,11,0-1 km,supported,0.15701386443952026,0.17150121457740508,1,1,0,"(147065716, 147104492, 0)","(147039452, 147039411, 0)",6.595293855186842,4.087029696345151,short_connected,39
55_0122,55_0124,spatial,1.1278941424898437,11,1-5 km,supported,0.0,0.0,1,1,0,"(147065716, 147104492, 0)","(147128637, 147065716, 0)",6.595293855186842,3.9422540638885804,short_connected,39
55_0123,55_0124,spatial,0.2159294178593041,11,0-1 km,supported,0.0,0.0,1,1,1,"(147128637, 147065716, 0)","(147128637, 147065716, 0)",4.675924690037686,3.9422540638885804,same_osm_edge,39
55_0123,55_C901,spatial,0.9597104707487584,11,0-1 km,supported,0.0,0.0,1,1,0,"(147128637, 147065716, 0)","(147101059, 147128637, 0)",4.675924690037686,2.8453584058961066,short_connected,39
55_0805,55_0806,spatial,0.3490662089202704,11,0-1 km,supported,0.0,0.0,1,1,1,"(147039452, 147039411, 0)","(147039452, 147039411, 0)",2.4970229747212502,4.087029696345151,same_osm_edge,39
55_0122,55_0805,spatial,1.2438294346310743,11,1-5 km,supported,0.15701386443952026,0.12623424085963308,1,1,0,"(147065716, 147104492, 0)","(147039452, 147039411, 0)",6.595293855186842,2.4970229747212502,short_connected,39
55_0120,55_0805,spatial,1.6181905660807872,11,1-5 km,supported,0.7355065828599103,0.4545240828101519,1,1,0,"(147128637, 147065716, 0)","(147039452, 147039411, 0)",3.8766330992732856,2.4970229747212502,short_connected,39
55_0121,55_0805,spatial,1.8169573340265024,11,1-5 km,supported,0.7355065828599103,0.404801240560766,1,1,0,"(147128637, 147065716, 0)","(147039452, 147039411, 0)",0.1174831852062984,2.4970229747212502,short_connected,39
55_0119,55_0805,spatial,2.0172917597710627,11,1-5 km,supported,0.7355065828599103,0.3646009950208596,1,1,0,"(147128637, 147065716, 0)","(147039452, 147039411, 0)",3.9767871712864453,2.4970229747212502,short_connected,39
55_0120,55_0806,spatial,1.30269604687862,11,1-5 km,supported,0.7355065828599103,0.5646033736129407,1,1,0,"(147128637, 147065716, 0)","(147039452, 147039411, 0)",3.8766330992732856,4.087029696345151,short_connected,39
55_0121,55_0806,spatial,1.5086452208888403,11,1-5 km,supported,0.7355065828599103,0.4875278645211071,1,1,0,"(147128637, 147065716, 0)","(147039452, 147039411, 0)",0.1174831852062984,4.087029696345151,short_connected,39
55_0119,55_0806,spatial,1.7142823711418456,11,1-5 km,supported,0.7355065828599103,0.42904634338041153,1,1,0,"(147128637, 147065716, 0)","(147039452, 147039411, 0)",3.9767871712864453,4.087029696345151,short_connected,39
55_0213,55_0261,spatial,0.3316055564576415,11,0-1 km,supported,0.0,0.0,1,1,0,"(147176244, 147136449, 0)","(147136449, 147101059, 0)",0.03001157694222543,2.3250102072154912,short_connected,39
55_0213,55_0266,spatial,0.5053869638250528,11,0-1 km,supported,0.028322520824981275,0.056041257199474455,1,1,0,"(147176244, 147136449, 0)","(147171663, 3866280278, 0)",0.03001157694222543,4.600812461854007,short_connected,39
55_0213,55_0223,spatial,0.5411950023934947,11,0-1 km,supported,0.0,0.0,1,1,0,"(147176244, 147136449, 0)","(147136449, 147101059, 0)",0.03001157694222543,3.0204964867742743,short_connected,39
55_0213,55_0217,spatial,0.6771971252475676,11,0-1 km,supported,0.0,0.0,1,1,1,"(147176244, 147136449, 0)","(147176244, 147136449, 0)",0.03001157694222543,1.6690634403728652,same_osm_edge,39
55_0213,55_0222,spatial,0.7534814850606499,11,0-1 km,supported,0.0,0.0,1,1,0,"(147176244, 147136449, 0)","(147136449, 147101059, 0)",0.03001157694222543,2.234872877628502,short_connected,39
55_0213,55_0220,spatial,0.8875528575774747,11,0-1 km,supported,0.0,0.0,1,1,1,"(147176244, 147136449, 0)","(147176244, 147136449, 0)",0.03001157694222543,2.926888708535886,same_osm_edge,39
55_0213,55_0214,spatial,0.9626812038249968,11,0-1 km,supported,0.0,0.0,1,1,0,"(147176244, 147136449, 0)","(147136449, 147101059, 0)",0.03001157694222543,5.191580463314536,short_connected,39
55_0213,55_0216,spatial,1.092708279210155,11,1-5 km,supported,0.0,0.0,1,1,1,"(147176244, 147136449, 0)","(147176244, 147136449, 0)",0.03001157694222543,4.822817840547906,same_osm_edge,39
55_0214,55_0222,spatial,0.2137140628714433,11,0-1 km,supported,0.0,0.0,1,1,1,"(147136449, 147101059, 0)","(147136449, 147101059, 0)",5.191580463314536,2.234872877628502,same_osm_edge,39
55_0214,55_0262,spatial,0.3273686854510819,11,0-1 km,supported,0.0,0.0,1,1,0,"(147136449, 147101059, 0)","(147101059, 147128637, 0)",5.191580463314536,4.174346750641201,short_connected,39
55_0214,55_0223,spatial,0.4280001784561439,11,0-1 km,supported,0.0,0.0,1,1,1,"(147136449, 147101059, 0)","(147136449, 147101059, 0)",5.191580463314536,3.0204964867742743,same_osm_edge,39
55_0214,55_0218,spatial,0.6020173214451852,11,0-1 km,supported,0.0,0.0,1,1,0,"(147136449, 147101059, 0)","(147101059, 147128637, 0)",5.191580463314536,3.307775268862017,short_connected,39
55_0214,55_0261,spatial,0.6370701419348115,11,0-1 km,supported,0.0,0.0,1,1,1,"(147136449, 147101059, 0)","(147136449, 147101059, 0)",5.191580463314536,2.3250102072154912,same_osm_edge,39
55_0214,55_0219,spatial,0.8210322363646924,11,0-1 km,supported,0.0,0.0,1,1,0,"(147136449, 147101059, 0)","(147101059, 147128637, 0)",5.191580463314536,4.833158786553385,short_connected,39
55_0214,55_0215,spatial,1.0988404665186429,11,1-5 km,supported,0.0,0.0,1,1,0,"(147136449, 147101059, 0)","(147101059, 147128637, 0)",5.191580463314536,3.3032890878911894,short_connected,39
55_0215,55_C960,spatial,0.2391747641126497,11,0-1 km,supported,0.0,0.0,1,1,1,"(147101059, 147128637, 0)","(147101059, 147128637, 0)",3.3032890878911894,2.753556442789175,same_osm_edge,39
55_0215,55_0219,spatial,0.2778127275022715,11,0-1 km,supported,0.0,0.0,1,1,1,"(147101059, 147128637, 0)","(147101059, 147128637, 0)",3.3032890878911894,4.833158786553385,same_osm_edge,39
55_0215,55_0218,spatial,0.4968242123680261,11,0-1 km,supported,0.0,0.0,1,1,1,"(147101059, 147128637, 0)","(147101059, 147128637, 0)",3.3032890878911894,3.307775268862017,same_osm_edge,39
55_0215,55_C903,spatial,0.5454405171918054,11,0-1 km,supported,0.0,0.0,1,1,1,"(147101059, 147128637, 0)","(147101059, 147128637, 0)",3.3032890878911894,6.715013641947047,same_osm_edge,39
55_0215,55_0262,spatial,0.7714721255760262,11,0-1 km,supported,0.0,0.0,1,1,1,"(147101059, 147128637, 0)","(147101059, 147128637, 0)",3.3032890878911894,4.174346750641201,same_osm_edge,39
55_0215,55_C902,spatial,0.8518113487364181,11,0-1 km,supported,0.0,0.0,1,1,1,"(147101059, 147128637, 0)","(147101059, 147128637, 0)",3.3032890878911894,5.635338732337235,same_osm_edge,39
55_0215,55_C959,spatial,1.144594803757795,11,1-5 km,supported,0.0,0.0,1,1,1,"(147101059, 147128637, 0)","(147101059, 147128637, 0)",3.3032890878911894,4.26888153660437,same_osm_edge,39
55_0216,55_0220,spatial,0.2139238798281409,11,0-1 km,supported,0.0,0.0,1,1,1,"(147176244, 147136449, 0)","(147176244, 147136449, 0)",4.822817840547906,2.926888708535886,same_osm_edge,39
55_0216,55_0224,spatial,0.2157521818372105,11,0-1 km,supported,0.0,0.0,1,1,1,"(147176244, 147136449, 0)","(147176244, 147136449, 0)",4.822817840547906,5.0072865022319135,same_osm_edge,39
55_0216,55_0217,spatial,0.4268717426899209,11,0-1 km,supported,0.0,0.0,1,1,1,"(147176244, 147136449, 0)","(147176244, 147136449, 0)",4.822817840547906,1.6690634403728652,same_osm_edge,39
55_0216,55_0221,spatial,0.4378131959677596,11,0-1 km,supported,0.0,0.0,1,1,1,"(147176244, 147136449, 0)","(147176244, 147136449, 0)",4.822817840547906,5.215493795457644,same_osm_edge,39
55_0216,55_0266,spatial,0.6061546655790374,11,0-1 km,supported,0.028322520824981275,0.04672490773938992,1,1,0,"(147176244, 147136449, 0)","(147171663, 3866280278, 0)",4.822817840547906,4.600812461854007,short_connected,39
55_0216,55_0263,spatial,0.8301605580214803,11,0-1 km,supported,0.8647492522017418,1.041665065686446,1,1,0,"(147176244, 147136449, 0)","(147136295, 3866280275, 0)",4.822817840547906,5.337134518043058,short_connected,39
55_0216,55_0264,spatial,0.8897629219481711,11,0-1 km,supported,0.060399354681491164,0.06788252599832367,1,1,0,"(147176244, 147136449, 0)","(3866280274, 147138564, 0)",4.822817840547906,0.6405132863732417,short_connected,39
55_0216,55_0259,spatial,1.0164994761250723,11,1-5 km,supported,0.8647492522017418,0.8507129344504858,1,1,0,"(147176244, 147136449, 0)","(147136295, 3866280275, 0)",4.822817840547906,4.407643854435109,short_connected,39
55_0217,55_0266,spatial,0.1794042033475724,11,0-1 km,supported,0.028322520824981275,0.1578698842975828,1,1,0,"(147176244, 147136449, 0)","(147171663, 3866280278, 0)",1.6690634403728652,4.600812461854007,short_connected,39
55_0217,55_0220,spatial,0.2142151596396572,11,0-1 km,supported,0.0,0.0,1,1,1,"(147176244, 147136449, 0)","(147176244, 147136449, 0)",1.6690634403728652,2.926888708535886,same_osm_edge,39
55_0217,55_0224,spatial,0.6389592649750762,11,0-1 km,supported,0.0,0.0,1,1,1,"(147176244, 147136449, 0)","(147176244, 147136449, 0)",1.6690634403728652,5.0072865022319135,same_osm_edge,39
55_0217,55_0221,spatial,0.854438988118998,11,0-1 km,supported,0.0,0.0,1,1,1,"(147176244, 147136449, 0)","(147176244, 147136449, 0)",1.6690634403728652,5.215493795457644,same_osm_edge,39
55_0217,55_0261,spatial,1.0083314932501468,11,1-5 km,supported,0.0,0.0,1,1,0,"(147176244, 147136449, 0)","(147136449, 147101059, 0)",1.6690634403728652,2.3250102072154912,short_connected,39
55_0217,55_0223,spatial,1.2163537684612706,11,1-5 km,supported,0.0,0.0,1,1,0,"(147176244, 147136449, 0)","(147136449, 147101059, 0)",1.6690634403728652,3.0204964867742743,short_connected,39
55_0218,55_0219,spatial,0.2190246046660337,11,0-1 km,supported,0.0,0.0,1,1,1,"(147101059, 147128637, 0)","(147101059, 147128637, 0)",3.307775268862017,4.833158786553385,same_osm_edge,39
55_0218,55_0262,spatial,0.2746508457924182,11,0-1 km,supported,0.0,0.0,1,1,1,"(147101059, 147128637, 0)","(147101059, 147128637, 0)",3.307775268862017,4.174346750641201,same_osm_edge,39
55_0218,55_C960,spatial,0.7359445075146155,11,0-1 km,supported,0.0,0.0,1,1,1,"(147101059, 147128637, 0)","(147101059, 147128637, 0)",3.307775268862017,2.753556442789175,same_osm_edge,39
55_0218,55_0222,spatial,0.8155139484651341,11,0-1 km,supported,0.0,0.0,1,1,0,"(147101059, 147128637, 0)","(147136449, 147101059, 0)",3.307775268862017,2.234872877628502,short_connected,39
55_0218,55_0223,spatial,1.028669719563586,11,1-5 km,supported,0.0,0.0,1,1,0,"(147101059, 147128637, 0)","(147136449, 147101059, 0)",3.307775268862017,3.0204964867742743,short_connected,39
55_0218,55_C903,spatial,1.0422643797556763,11,1-5 km,supported,0.0,0.0,1,1,1,"(147101059, 147128637, 0)","(147101059, 147128637, 0)",3.307775268862017,6.715013641947047,same_osm_edge,39
55_0219,55_0262,spatial,0.493663605712533,11,0-1 km,supported,0.0,0.0,1,1,1,"(147101059, 147128637, 0)","(147101059, 147128637, 0)",4.833158786553385,4.174346750641201,same_osm_edge,39
55_0219,55_C960,spatial,0.5169629974380052,11,0-1 km,supported,0.0,0.0,1,1,1,"(147101059, 147128637, 0)","(147101059, 147128637, 0)",4.833158786553385,2.753556442789175,same_osm_edge,39
55_0219,55_C903,spatial,0.8232472168449639,11,0-1 km,supported,0.0,0.0,1,1,1,"(147101059, 147128637, 0)","(147101059, 147128637, 0)",4.833158786553385,6.715013641947047,same_osm_edge,39
55_0219,55_0222,spatial,1.034537890656586,11,1-5 km,supported,0.0,0.0,1,1,0,"(147101059, 147128637, 0)","(147136449, 147101059, 0)",4.833158786553385,2.234872877628502,short_connected,39
55_0219,55_C902,spatial,1.129622104361819,11,1-5 km,supported,0.0,0.0,1,1,1,"(147101059, 147128637, 0)","(147101059, 147128637, 0)",4.833158786553385,5.635338732337235,same_osm_edge,39
55_0220,55_0266,spatial,0.393565924104841,11,0-1 km,supported,0.028322520824981275,0.0719638543133539,1,1,0,"(147176244, 147136449, 0)","(147171663, 3866280278, 0)",2.926888708535886,4.600812461854007,short_connected,39
55_0220,55_0224,spatial,0.4284795847418513,11,0-1 km,supported,0.0,0.0,1,1,1,"(147176244, 147136449, 0)","(147176244, 147136449, 0)",2.926888708535886,5.0072865022319135,same_osm_edge,39
55_0220,55_0221,spatial,0.6479019373017176,11,0-1 km,supported,0.0,0.0,1,1,1,"(147176244, 147136449, 0)","(147176244, 147136449, 0)",2.926888708535886,5.215493795457644,same_osm_edge,39
55_0220,55_0263,spatial,1.0293938482992715,11,1-5 km,supported,0.8647492522017418,0.8400567514857897,1,1,0,"(147176244, 147136449, 0)","(147136295, 3866280275, 0)",2.926888708535886,5.337134518043058,short_connected,39
55_0220,55_0264,spatial,1.0892749085452806,11,1-5 km,supported,0.060399354681491164,0.05544913796109937,1,1,0,"(147176244, 147136449, 0)","(3866280274, 147138564, 0)",2.926888708535886,0.6405132863732417,short_connected,39
55_0221,55_0224,spatial,0.2234827734819074,11,0-1 km,supported,0.0,0.0,1,1,1,"(147176244, 147136449, 0)","(147176244, 147136449, 0)",5.215493795457644,5.0072865022319135,same_osm_edge,39
55_0221,55_0263,spatial,0.4080069519094567,11,0-1 km,supported,0.8647492522017418,2.1194473480286278,1,1,0,"(147176244, 147136449, 0)","(147136295, 3866280275, 0)",5.215493795457644,5.337134518043058,supported_connected,39
55_0221,55_0264,spatial,0.4655404365712969,11,0-1 km,supported,0.060399354681491164,0.12974029737638287,1,1,0,"(147176244, 147136449, 0)","(3866280274, 147138564, 0)",5.215493795457644,0.6405132863732417,short_connected,39
55_0221,55_0259,spatial,0.60647126856502,11,0-1 km,supported,0.8647492522017418,1.4258701063412895,1,1,0,"(147176244, 147136449, 0)","(147136295, 3866280275, 0)",5.215493795457644,4.407643854435109,short_connected,39
55_0221,55_0265,spatial,0.6797778047114703,11,0-1 km,supported,0.060399354681491164,0.08885161336964728,1,1,0,"(147176244, 147136449, 0)","(3866280274, 147138564, 0)",5.215493795457644,3.8124404800320093,short_connected,39
55_0221,55_0260,spatial,0.8223699785422738,11,0-1 km,supported,0.8647492522017418,1.051533099170995,1,1,0,"(147176244, 147136449, 0)","(147136295, 3866280275, 0)",5.215493795457644,4.799598442800104,short_connected,39
55_0222,55_0223,spatial,0.2148470833140544,11,0-1 km,supported,0.0,0.0,1,1,1,"(147136449, 147101059, 0)","(147136449, 147101059, 0)",2.234872877628502,3.0204964867742743,same_osm_edge,39
55_0222,55_0261,spatial,0.4250128487290611,11,0-1 km,supported,0.0,0.0,1,1,1,"(147136449, 147101059, 0)","(147136449, 147101059, 0)",2.234872877628502,2.3250102072154912,same_osm_edge,39
55_0222,55_0262,spatial,0.5409209377697178,11,0-1 km,supported,0.0,0.0,1,1,0,"(147136449, 147101059, 0)","(147101059, 147128637, 0)",2.234872877628502,4.174346750641201,short_connected,39
55_0222,55_0266,spatial,1.2489300723959622,11,1-5 km,supported,0.029439068973530207,0.023571430958543537,1,1,0,"(147136449, 147101059, 0)","(147171663, 3866280278, 0)",2.234872877628502,4.600812461854007,short_connected,39
55_0223,55_0261,spatial,0.2107157230129481,11,0-1 km,supported,0.0,0.0,1,1,1,"(147136449, 147101059, 0)","(147136449, 147101059, 0)",3.0204964867742743,2.3250102072154912,same_osm_edge,39
55_0223,55_0262,spatial,0.7544166704804901,11,0-1 km,supported,0.0,0.0,1,1,0,"(147136449, 147101059, 0)","(147101059, 147128637, 0)",3.0204964867742743,4.174346750641201,short_connected,39
55_0223,55_0266,spatial,1.0411092771448651,11,1-5 km,supported,0.029439068973530207,0.028276636871648886,1,1,0,"(147136449, 147101059, 0)","(147171663, 3866280278, 0)",3.0204964867742743,4.600812461854007,short_connected,39
55_0224,55_0263,spatial,0.6247188989676457,11,0-1 km,supported,0.8647492522017418,1.384221373214015,1,1,0,"(147176244, 147136449, 0)","(147136295, 3866280275, 0)",5.0072865022319135,5.337134518043058,short_connected,39
55_0224,55_0264,spatial,0.6835934411568038,11,0-1 km,supported,0.060399354681491164,0.08835566733829539,1,1,0,"(147176244, 147136449, 0)","(3866280274, 147138564, 0)",5.0072865022319135,0.6405132863732417,short_connected,39
55_0224,55_0266,spatial,0.817361249046053,11,0-1 km,supported,0.028322520824981275,0.03465116661456198,1,1,0,"(147176244, 147136449, 0)","(147171663, 3866280278, 0)",5.0072865022319135,4.600812461854007,short_connected,39
55_0224,55_0259,spatial,0.8176257327296731,11,0-1 km,supported,0.8647492522017418,1.0576345846096906,1,1,0,"(147176244, 147136449, 0)","(147136295, 3866280275, 0)",5.0072865022319135,4.407643854435109,short_connected,39
55_0259,55_0265,spatial,0.076028937912526,11,0-1 km,supported,0.026133819671756663,0.3437351670205436,1,1,0,"(147136295, 3866280275, 0)","(3866280274, 147138564, 0)",4.407643854435109,3.8124404800320093,short_connected,39
55_0259,55_0264,spatial,0.1549155598259448,11,0-1 km,supported,0.026133819671756663,0.16869719027010124,1,1,0,"(147136295, 3866280275, 0)","(3866280274, 147138564, 0)",4.407643854435109,0.6405132863732417,short_connected,39
55_0259,55_0263,spatial,0.2027071991806517,11,0-1 km,supported,0.0,0.0,1,1,1,"(147136295, 3866280275, 0)","(147136295, 3866280275, 0)",4.407643854435109,5.337134518043058,same_osm_edge,39
55_0259,55_0260,spatial,0.2184552483673774,11,0-1 km,supported,0.0,0.0,1,1,1,"(147136295, 3866280275, 0)","(147136295, 3866280275, 0)",4.407643854435109,4.799598442800104,same_osm_edge,39
55_0220,55_0259,spatial,1.208242707639381,11,1-5 km,supported,0.8647492522017418,0.7157082320747099,1,1,0,"(147176244, 147136449, 0)","(147136295, 3866280275, 0)",2.926888708535886,4.407643854435109,short_connected,39
55_0260,55_0265,spatial,0.1542202644012238,11,0-1 km,supported,0.026133819671756663,0.16945775429204413,1,1,0,"(147136295, 3866280275, 0)","(3866280274, 147138564, 0)",4.799598442800104,3.8124404800320093,short_connected,39
55_0260,55_0264,spatial,0.3716827161528445,11,0-1 km,supported,0.026133819671756663,0.07031217362555496,1,1,0,"(147136295, 3866280275, 0)","(3866280274, 147138564, 0)",4.799598442800104,0.6405132863732417,short_connected,39
55_0260,55_0263,spatial,0.4211561453561463,11,0-1 km,supported,0.0,0.0,1,1,1,"(147136295, 3866280275, 0)","(147136295, 3866280275, 0)",4.799598442800104,5.337134518043058,same_osm_edge,39
55_0224,55_0260,spatial,1.029223621484234,11,1-5 km,supported,0.8647492522017418,0.8401956913451857,1,1,0,"(147176244, 147136449, 0)","(147136295, 3866280275, 0)",5.0072865022319135,4.799598442800104,short_connected,39
55_0216,55_0260,spatial,1.2224405254458472,11,1-5 km,supported,0.8647492522017418,0.7073957662573002,1,1,0,"(147176244, 147136449, 0)","(147136295, 3866280275, 0)",4.822817840547906,4.799598442800104,short_connected,39
55_0220,55_0260,spatial,1.4073407534555749,11,1-5 km,supported,0.8647492522017418,0.6144562005174954,1,1,0,"(147176244, 147136449, 0)","(147136295, 3866280275, 0)",2.926888708535886,4.799598442800104,short_connected,39
55_0261,55_0266,spatial,0.8346387369804694,11,0-1 km,supported,0.029439068973530207,0.035271630310419064,1,1,0,"(147136449, 147101059, 0)","(147171663, 3866280278, 0)",2.3250102072154912,4.600812461854007,short_connected,39
55_0261,55_0262,spatial,0.9619528772240108,11,0-1 km,supported,0.0,0.0,1,1,0,"(147136449, 147101059, 0)","(147101059, 147128637, 0)",2.3250102072154912,4.174346750641201,short_connected,39
55_0220,55_0261,spatial,1.2191384845842457,11,1-5 km,supported,0.0,0.0,1,1,0,"(147176244, 147136449, 0)","(147136449, 147101059, 0)",2.926888708535886,2.3250102072154912,short_connected,39
55_0262,55_C960,spatial,1.0105946336343152,11,1-5 km,supported,0.0,0.0,1,1,1,"(147101059, 147128637, 0)","(147101059, 147128637, 0)",4.174346750641201,2.753556442789175,same_osm_edge,39
55_0263,55_0264,spatial,0.0598893328769378,11,0-1 km,supported,0.026133819671756663,0.4363685220113761,1,1,0,"(147136295, 3866280275, 0)","(3866280274, 147138564, 0)",5.337134518043058,0.6405132863732417,short_connected,39
55_0263,55_0265,spatial,0.2731236172808745,11,0-1 km,supported,0.026133819671756663,0.09568495003081773,1,1,0,"(147136295, 3866280275, 0)","(3866280274, 147138564, 0)",5.337134518043058,3.8124404800320093,short_connected,39
55_0264,55_0265,spatial,0.2200989595609277,11,0-1 km,supported,0.0,0.0,1,1,1,"(3866280274, 147138564, 0)","(3866280274, 147138564, 0)",0.6405132863732417,3.8124404800320093,same_osm_edge,39
55_0224,55_0265,spatial,0.8925230555136822,11,0-1 km,supported,0.060399354681491164,0.06767259882909014,1,1,0,"(147176244, 147136449, 0)","(3866280274, 147138564, 0)",5.0072865022319135,3.8124404800320093,short_connected,39
55_0216,55_0265,spatial,1.092249841370695,11,1-5 km,supported,0.060399354681491164,0.05529811256891035,1,1,0,"(147176244, 147136449, 0)","(3866280274, 147138564, 0)",4.822817840547906,3.8124404800320093,short_connected,39
55_0220,55_0265,spatial,1.284271290340571,11,1-5 km,supported,0.060399354681491164,0.04703005909715079,1,1,0,"(147176244, 147136449, 0)","(3866280274, 147138564, 0)",2.926888708535886,3.8124404800320093,short_connected,39
55_0221,55_0266,spatial,1.0308864465791572,11,1-5 km,supported,0.028322520824981275,0.027473948191835615,1,1,0,"(147176244, 147136449, 0)","(147171663, 3866280278, 0)",5.215493795457644,4.600812461854007,short_connected,39
55_C901,55_C959,spatial,0.3136463832597894,11,0-1 km,supported,0.0,0.0,1,1,1,"(147101059, 147128637, 0)","(147101059, 147128637, 0)",2.8453584058961066,4.26888153660437,same_osm_edge,39
55_C901,55_C902,spatial,0.6064067427369817,11,0-1 km,supported,0.0,0.0,1,1,1,"(147101059, 147128637, 0)","(147101059, 147128637, 0)",2.8453584058961066,5.635338732337235,same_osm_edge,39
55_C901,55_C903,spatial,0.9127784875738584,11,0-1 km,supported,0.0,0.0,1,1,1,"(147101059, 147128637, 0)","(147101059, 147128637, 0)",2.8453584058961066,6.715013641947047,same_osm_edge,39
55_0124,55_C901,spatial,1.1756398839123392,11,1-5 km,supported,0.0,0.0,1,1,0,"(147128637, 147065716, 0)","(147101059, 147128637, 0)",3.9422540638885804,2.8453584058961066,short_connected,39
55_C902,55_C959,spatial,0.2927886008941948,11,0-1 km,supported,0.0,0.0,1,1,1,"(147101059, 147128637, 0)","(147101059, 147128637, 0)",5.635338732337235,4.26888153660437,same_osm_edge,39
55_C902,55_C903,spatial,0.3063815183205291,11,0-1 km,supported,0.0,0.0,1,1,1,"(147101059, 147128637, 0)","(147101059, 147128637, 0)",5.635338732337235,6.715013641947047,same_osm_edge,39
55_C902,55_C960,spatial,0.6127312503311755,11,0-1 km,supported,0.0,0.0,1,1,1,"(147101059, 147128637, 0)","(147101059, 147128637, 0)",5.635338732337235,2.753556442789175,same_osm_edge,39
55_C903,55_C960,spatial,0.3064281308782803,11,0-1 km,supported,0.0,0.0,1,1,1,"(147101059, 147128637, 0)","(147101059, 147128637, 0)",6.715013641947047,2.753556442789175,same_osm_edge,39
55_C903,55_C959,spatial,0.5991701165387033,11,0-1 km,supported,0.0,0.0,1,1,1,"(147101059, 147128637, 0)","(147101059, 147128637, 0)",6.715013641947047,4.26888153660437,same_osm_edge,39
55_C959,55_C960,spatial,0.9054938981890692,11,0-1 km,supported,0.0,0.0,1,1,1,"(147101059, 147128637, 0)","(147101059, 147128637, 0)",4.26888153660437,2.753556442789175,same_osm_edge,39
55_C901,55_C960,spatial,1.2191321399073145,11,1-5 km,supported,0.0,0.0,1,1,1,"(147101059, 147128637, 0)","(147101059, 147128637, 0)",2.8453584058961066,2.753556442789175,same_osm_edge,39
55_C901,55_C902,same_route,0.6064067427368675,11,0-1 km,supported,0.0,0.0,1,1,1,"(147101059, 147128637, 0)","(147101059, 147128637, 0)",2.8453584058961066,5.635338732337235,same_osm_edge,39
55_C902,55_C903,same_route,0.3063815183208849,11,0-1 km,supported,0.0,0.0,1,1,1,"(147101059, 147128637, 0)","(147101059, 147128637, 0)",5.635338732337235,6.715013641947047,same_osm_edge,39
55_C903,55_C959,same_route,0.5991701165391674,11,0-1 km,supported,0.0,0.0,1,1,1,"(147101059, 147128637, 0)","(147101059, 147128637, 0)",6.715013641947047,4.26888153660437,same_osm_edge,39
55_C959,55_C960,same_route,0.9054938981892467,11,0-1 km,supported,0.0,0.0,1,1,1,"(147101059, 147128637, 0)","(147101059, 147128637, 0)",4.26888153660437,2.753556442789175,same_osm_edge,39
4_1001,4_B959,spatial,1.7590779493139157,14,1-5 km,supported,1.544820852230077,0.8781992025041276,1,1,0,"(1906415073, 4851604069, 0)","(4851603612, 4851603582, 0)",5.2873121258006375,7.046744828922823,short_connected,35
4_1001,4_B960,spatial,4.251625561799923,14,1-5 km,supported,3.144673437064073,0.7396402602614839,1,1,0,"(1906415073, 4851604069, 0)","(312682357, 312682208, 0)",5.2873121258006375,3.301537295557061,short_connected,35
4_1001,4_B961,spatial,5.8173022869157025,14,5-10 km,supported,5.536288690110067,0.9516934855804738,1,1,0,"(1906415073, 4851604069, 0)","(312682199, 312682099, 0)",5.2873121258006375,2.2696118005079686,short_connected,35
4_1001,4_B903,spatial,7.335528193162726,14,5-10 km,supported,5.536288690110067,0.7547225699807564,1,1,0,"(1906415073, 4851604069, 0)","(312682199, 312682099, 0)",5.2873121258006375,0.693580340877027,short_connected,35
4_1001,4_B902,spatial,8.90669019504658,14,5-10 km,supported,5.536288690110067,0.6215876570164134,1,1,0,"(1906415073, 4851604069, 0)","(312682199, 312682099, 0)",5.2873121258006375,0.529540860105553,short_connected,35
4_1001,4_B901,spatial,10.674277280926557,14,10-25 km,supported,9.267476332401502,0.8682064451296565,1,1,0,"(1906415073, 4851604069, 0)","(312682099, 312682094, 0)",5.2873121258006375,1.85062729696087,short_connected,35
4_1001,4_7614,spatial,11.61170309797594,14,10-25 km,supported,14.707754750405458,1.2666320027567013,1,1,0,"(1906415073, 4851604069, 0)","(7935950258, 321836342, 0)",5.2873121258006375,3.4619360466677613,short_connected,35
4_1001,4_1007,spatial,12.498791485897025,14,10-25 km,supported,10.736348008052854,0.8589908888525086,1,1,0,"(1906415073, 4851604069, 0)","(312682094, 312681916, 0)",5.2873121258006375,0.7217018713720237,short_connected,35
4_0260,4_1006,spatial,2.884117948456188,14,1-5 km,weakly_connected,11.370277560958929,3.9423760623400352,1,0,0,"(335616865, 315694623, 0)","(312681310, 315694614, 0)",0.39976885254738326,1.4377278087741163,long_connected,35
4_0268,4_1006,spatial,3.107970366005077,14,1-5 km,weakly_connected,11.370277560958929,3.6584253457905573,1,0,0,"(335616865, 315694623, 0)","(312681310, 315694614, 0)",0.04488043750656292,1.4377278087741163,long_connected,35
4_0267,4_1006,spatial,3.3204064257359143,14,1-5 km,weakly_connected,11.370277560958929,3.4243631962731462,1,0,0,"(335616865, 315694623, 0)","(312681310, 315694614, 0)",0.5147092817445679,1.4377278087741163,long_connected,35
4_1006,4_B964,spatial,3.464232465528319,14,1-5 km,supported,0.0,0.0,1,1,0,"(312681310, 315694614, 0)","(312681337, 312681310, 0)",1.4377278087741163,1.1545579732682993,short_connected,35
4_0266,4_1006,spatial,3.541992252155542,14,1-5 km,weakly_connected,11.370277560958929,3.210136203442948,1,0,0,"(335616865, 315694623, 0)","(312681310, 315694614, 0)",2.32400191775678,1.4377278087741163,long_connected,35
4_0265,4_1006,spatial,3.7474402480143088,14,1-5 km,weakly_connected,11.370277560958929,3.034145125324894,1,0,0,"(335616865, 315694623, 0)","(312681310, 315694614, 0)",2.4429330063407737,1.4377278087741163,long_connected,35
4_0264,4_1006,spatial,3.9452318504818704,14,1-5 km,supported,11.370277560958929,2.882030256237073,1,1,0,"(335616865, 315694623, 0)","(312681310, 315694614, 0)",3.3234442611418835,1.4377278087741163,supported_connected,35
4_0263,4_1006,spatial,4.172310905694211,14,1-5 km,supported,11.370277560958929,2.7251750451868793,1,1,0,"(335616865, 315694623, 0)","(312681310, 315694614, 0)",2.3695120777733005,1.4377278087741163,supported_connected,35
4_1007,4_B901,spatial,1.847350993235506,14,1-5 km,supported,0.0,0.0,1,1,0,"(312682094, 312681916, 0)","(312682099, 312682094, 0)",0.7217018713720237,1.85062729696087,short_connected,35
4_1007,4_B902,spatial,3.6457087504638666,14,1-5 km,supported,10.3329509549835,2.8342776843237334,1,1,0,"(312682094, 312681916, 0)","(312682199, 312682099, 0)",0.7217018713720237,0.529540860105553,supported_connected,35
4_1007,4_B964,spatial,4.130777504265542,14,1-5 km,supported,3.168044298474402,0.7669365622338656,1,1,0,"(312682094, 312681916, 0)","(312681337, 312681310, 0)",0.7217018713720237,1.1545579732682993,short_connected,35
4_1007,4_B903,spatial,5.257728182095251,14,5-10 km,supported,10.3329509549835,1.965288161942546,1,1,0,"(312682094, 312681916, 0)","(312682199, 312682099, 0)",0.7217018713720237,0.693580340877027,supported_connected,35
4_1007,4_B961,spatial,6.8378446046027355,14,5-10 km,supported,10.3329509549835,1.5111415296024884,1,1,0,"(312682094, 312681916, 0)","(312682199, 312682099, 0)",0.7217018713720237,2.2696118005079686,supported_connected,35
4_1006,4_1007,spatial,7.356363416939233,14,5-10 km,supported,13.291201609785956,1.8067625070263365,1,1,0,"(312681310, 315694614, 0)","(312682094, 312681916, 0)",1.4377278087741163,0.7217018713720237,supported_connected,35
4_1007,4_B960,spatial,8.440930427732047,14,5-10 km,supported,12.636032753714305,1.496995249741612,1,1,0,"(312682094, 312681916, 0)","(312682357, 312682208, 0)",0.7217018713720237,3.301537295557061,short_connected,35
4_0260,4_1007,spatial,10.166973459204891,14,10-25 km,supported,12.999926978870034,1.2786427574570156,1,1,0,"(335616865, 315694623, 0)","(312682094, 312681916, 0)",0.39976885254738326,0.7217018713720237,short_connected,35
4_6055,4_B964,spatial,20.22935352112633,14,10-25 km,supported,18.28391908431333,0.9038311118157432,1,1,0,"(315423948, 8538586628, 0)","(312681337, 312681310, 0)",3.1756249407663937,1.1545579732682993,short_connected,35
4_1006,4_6055,spatial,21.188067720774697,14,10-25 km,supported,22.491631870489844,1.0615235030817376,1,1,0,"(312681310, 315694614, 0)","(315423948, 8538586628, 0)",1.4377278087741163,3.1756249407663937,short_connected,35
4_1007,4_6055,spatial,21.830868493190337,14,10-25 km,supported,21.198751946012074,0.9710448282268094,1,1,0,"(312682094, 312681916, 0)","(315423948, 8538586628, 0)",0.7217018713720237,3.1756249407663937,short_connected,35
4_0260,4_6055,spatial,22.34622962943578,14,10-25 km,supported,22.200357239573925,0.9934721699239274,1,1,0,"(335616865, 315694623, 0)","(315423948, 8538586628, 0)",0.39976885254738326,3.1756249407663937,short_connected,35
4_0268,4_6055,spatial,22.451234108570652,14,10-25 km,supported,22.200357239573925,0.9888256980536781,1,1,0,"(335616865, 315694623, 0)","(315423948, 8538586628, 0)",0.04488043750656292,3.1756249407663937,short_connected,35
4_0267,4_6055,spatial,22.552871302963016,14,10-25 km,supported,22.200357239573925,0.9843694375472812,1,1,0,"(335616865, 315694623, 0)","(315423948, 8538586628, 0)",0.5147092817445679,3.1756249407663937,short_connected,35
4_0266,4_6055,spatial,22.662201366940774,14,10-25 km,supported,22.200357239573925,0.9796205090631407,1,1,0,"(335616865, 315694623, 0)","(315423948, 8538586628, 0)",2.32400191775678,3.1756249407663937,short_connected,35
4_0265,4_6055,spatial,22.759393786919567,14,10-25 km,supported,22.200357239573925,0.9754371073070085,1,1,0,"(335616865, 315694623, 0)","(315423948, 8538586628, 0)",2.4429330063407737,3.1756249407663937,short_connected,35
4_7614,4_B959,spatial,13.370353936547485,14,10-25 km,supported,12.937776379351215,0.9676465141275108,1,1,0,"(7935950258, 321836342, 0)","(4851603612, 4851603582, 0)",3.4619360466677613,7.046744828922823,short_connected,35
4_7614,4_B960,spatial,15.863113953329751,14,10-25 km,supported,14.537628964185211,0.916442320653801,1,1,0,"(7935950258, 321836342, 0)","(312682357, 312682208, 0)",3.4619360466677613,3.301537295557061,short_connected,35
4_7079,4_7614,spatial,17.386550720780996,14,10-25 km,supported,19.58252699453269,1.1263031586320906,1,1,0,"(258029630, 6403111137, 0)","(7935950258, 321836342, 0)",2.1089649778153827,3.4619360466677613,short_connected,35
4_7614,4_B961,spatial,17.413885792270857,14,10-25 km,supported,16.929244217231204,0.9721692458064265,1,1,0,"(7935950258, 321836342, 0)","(312682199, 312682099, 0)",3.4619360466677613,2.2696118005079686,short_connected,35
4_7614,4_B903,spatial,18.89298943825451,14,10-25 km,supported,16.929244217231204,0.8960595819184064,1,1,0,"(7935950258, 321836342, 0)","(312682199, 312682099, 0)",3.4619360466677613,0.693580340877027,short_connected,35
4_7614,4_B902,spatial,20.41766465503892,14,10-25 km,supported,16.929244217231204,0.8291469422803552,1,1,0,"(7935950258, 321836342, 0)","(312682199, 312682099, 0)",3.4619360466677613,0.529540860105553,short_connected,35
4_7614,4_B901,spatial,22.133910760171883,14,10-25 km,supported,20.66043185952264,0.9334288948475998,1,1,0,"(7935950258, 321836342, 0)","(312682099, 312682094, 0)",3.4619360466677613,1.85062729696087,short_connected,35
4_0261,4_1003,spatial,11.9407508371835,14,10-25 km,supported,18.250535383149582,1.528424437625598,1,1,0,"(335616865, 315694623, 0)","(1697025034, 41221470, 0)",1.1444818250268998,1.097688116273879,supported_connected,35
4_0214,4_1003,spatial,12.150155113316776,14,10-25 km,supported,18.250535383149582,1.5020825012469747,1,1,0,"(335616865, 315694623, 0)","(1697025034, 41221470, 0)",4.251369695221053,1.097688116273879,supported_connected,35
4_0222,4_1003,spatial,12.362360852804503,14,10-25 km,supported,18.250535383149582,1.4762985485097937,1,1,0,"(335616865, 315694623, 0)","(1697025034, 41221470, 0)",3.801695785331936,1.097688116273879,short_connected,35
4_0218,4_1003,spatial,12.592352554925103,14,10-25 km,supported,18.250535383149582,1.4493348485554798,1,1,0,"(335616865, 315694623, 0)","(1697025034, 41221470, 0)",5.146062690848466,1.097688116273879,short_connected,35
4_0220,4_1003,spatial,12.90993894405675,14,10-25 km,supported,18.250535383149582,1.4136809989757109,1,1,0,"(335616865, 315694623, 0)","(1697025034, 41221470, 0)",3.553194016680781,1.097688116273879,short_connected,35
4_0224,4_1003,spatial,13.134900603273568,14,10-25 km,supported,18.250535383149582,1.389468861195726,1,1,0,"(335616865, 315694623, 0)","(1697025034, 41221470, 0)",4.043993467322428,1.097688116273879,short_connected,35
4_0216,4_1003,spatial,13.349124983698667,14,10-25 km,supported,18.250535383149582,1.367170912358397,1,1,0,"(335616865, 315694623, 0)","(1697025034, 41221470, 0)",3.907634915920607,1.097688116273879,short_connected,35
4_0215,4_1003,spatial,13.645013822897774,14,10-25 km,supported,18.250535383149582,1.3375241403217384,1,1,0,"(335616865, 315694623, 0)","(1697025034, 41221470, 0)",3.7386220784314754,1.097688116273879,short_connected,35
4_0213,4_0262,spatial,0.2099955017139053,14,0-1 km,supported,0.0,0.0,1,1,1,"(335616865, 315694623, 0)","(335616865, 315694623, 0)",3.658053697583573,1.7890895883276445,same_osm_edge,35
4_0213,4_0221,spatial,0.2980361394709162,14,0-1 km,supported,0.0,0.0,1,1,1,"(335616865, 315694623, 0)","(335616865, 315694623, 0)",3.658053697583573,0.09822099809364271,same_osm_edge,35
4_0213,4_0217,spatial,0.457771088463461,14,0-1 km,supported,0.0,0.0,1,1,1,"(335616865, 315694623, 0)","(335616865, 315694623, 0)",3.658053697583573,2.5873824563585393,same_osm_edge,35
4_0213,4_0263,spatial,0.5148378759353354,14,0-1 km,supported,0.0,0.0,1,1,1,"(335616865, 315694623, 0)","(335616865, 315694623, 0)",3.658053697583573,2.3695120777733005,same_osm_edge,35
4_0213,4_0219,spatial,0.7003024873720372,14,0-1 km,supported,0.0,0.0,1,1,1,"(335616865, 315694623, 0)","(335616865, 315694623, 0)",3.658053697583573,1.1470084009997261,same_osm_edge,35
4_0213,4_0264,spatial,0.7419350718303397,14,0-1 km,supported,0.0,0.0,1,1,1,"(335616865, 315694623, 0)","(335616865, 315694623, 0)",3.658053697583573,3.3234442611418835,same_osm_edge,35
4_0213,4_0265,spatial,0.9397294861122996,14,0-1 km,supported,0.0,0.0,1,1,1,"(335616865, 315694623, 0)","(335616865, 315694623, 0)",3.658053697583573,2.4429330063407737,same_osm_edge,35
4_0213,4_0223,spatial,0.944297354566614,14,0-1 km,supported,0.0,0.0,1,1,1,"(335616865, 315694623, 0)","(335616865, 315694623, 0)",3.658053697583573,4.917411216855363,same_osm_edge,35
4_0214,4_0261,spatial,0.2094225061358654,14,0-1 km,supported,0.0,0.0,1,1,1,"(335616865, 315694623, 0)","(335616865, 315694623, 0)",4.251369695221053,1.1444818250268998,same_osm_edge,35
4_0214,4_0222,spatial,0.2122085711525166,14,0-1 km,supported,0.0,0.0,1,1,1,"(335616865, 315694623, 0)","(335616865, 315694623, 0)",4.251369695221053,3.801695785331936,same_osm_edge,35
4_0214,4_0218,spatial,0.4421976807976282,14,0-1 km,supported,0.0,0.0,1,1,1,"(335616865, 315694623, 0)","(335616865, 315694623, 0)",4.251369695221053,5.146062690848466,same_osm_edge,35
4_0214,4_0220,spatial,0.7597895731133649,14,0-1 km,supported,0.0,0.0,1,1,1,"(335616865, 315694623, 0)","(335616865, 315694623, 0)",4.251369695221053,3.553194016680781,same_osm_edge,35
4_0214,4_0224,spatial,0.9847504423436558,14,0-1 km,supported,0.0,0.0,1,1,1,"(335616865, 315694623, 0)","(335616865, 315694623, 0)",4.251369695221053,4.043993467322428,same_osm_edge,35
4_0214,4_0216,spatial,1.1989760804081382,14,1-5 km,supported,0.0,0.0,1,1,1,"(335616865, 315694623, 0)","(335616865, 315694623, 0)",4.251369695221053,3.907634915920607,same_osm_edge,35
4_0214,4_0215,spatial,1.494866538796721,14,1-5 km,supported,0.0,0.0,1,1,1,"(335616865, 315694623, 0)","(335616865, 315694623, 0)",4.251369695221053,3.7386220784314754,same_osm_edge,35
4_0214,4_0223,spatial,1.6960012446178836,14,1-5 km,supported,0.0,0.0,1,1,1,"(335616865, 315694623, 0)","(335616865, 315694623, 0)",4.251369695221053,4.917411216855363,same_osm_edge,35
4_0215,4_0223,spatial,0.2011381344890606,14,0-1 km,supported,0.0,0.0,1,1,1,"(335616865, 315694623, 0)","(335616865, 315694623, 0)",3.7386220784314754,4.917411216855363,same_osm_edge,35
4_0215,4_0216,spatial,0.2958904679593832,14,0-1 km,supported,0.0,0.0,1,1,1,"(335616865, 315694623, 0)","(335616865, 315694623, 0)",3.7386220784314754,3.907634915920607,same_osm_edge,35
4_0215,4_0219,spatial,0.4451426035094563,14,0-1 km,supported,0.0,0.0,1,1,1,"(335616865, 315694623, 0)","(335616865, 315694623, 0)",3.7386220784314754,1.1470084009997261,same_osm_edge,35
4_0215,4_0224,spatial,0.5101161217179653,14,0-1 km,supported,0.0,0.0,1,1,1,"(335616865, 315694623, 0)","(335616865, 315694623, 0)",3.7386220784314754,4.043993467322428,same_osm_edge,35
4_0215,4_0217,spatial,0.6876637221638799,14,0-1 km,supported,0.0,0.0,1,1,1,"(335616865, 315694623, 0)","(335616865, 315694623, 0)",3.7386220784314754,2.5873824563585393,same_osm_edge,35
4_0215,4_0220,spatial,0.7350772236117198,14,0-1 km,supported,0.0,0.0,1,1,1,"(335616865, 315694623, 0)","(335616865, 315694623, 0)",3.7386220784314754,3.553194016680781,same_osm_edge,35
4_0215,4_0221,spatial,0.8474314939624231,14,0-1 km,supported,0.0,0.0,1,1,1,"(335616865, 315694623, 0)","(335616865, 315694623, 0)",3.7386220784314754,0.09822099809364271,same_osm_edge,35
4_0215,4_0218,spatial,1.0526706229697462,14,1-5 km,supported,0.0,0.0,1,1,1,"(335616865, 315694623, 0)","(335616865, 315694623, 0)",3.7386220784314754,5.146062690848466,same_osm_edge,35
4_0216,4_0224,spatial,0.2142256540281261,14,0-1 km,supported,0.0,0.0,1,1,1,"(335616865, 315694623, 0)","(335616865, 315694623, 0)",3.907634915920607,4.043993467322428,same_osm_edge,35
4_0216,4_0220,spatial,0.4391869241960002,14,0-1 km,supported,0.0,0.0,1,1,1,"(335616865, 315694623, 0)","(335616865, 315694623, 0)",3.907634915920607,3.553194016680781,same_osm_edge,35
4_0216,4_0223,spatial,0.4970261139119371,14,0-1 km,supported,0.0,0.0,1,1,1,"(335616865, 315694623, 0)","(335616865, 315694623, 0)",3.907634915920607,4.917411216855363,same_osm_edge,35
4_0216,4_0219,spatial,0.7410306103588169,14,0-1 km,supported,0.0,0.0,1,1,1,"(335616865, 315694623, 0)","(335616865, 315694623, 0)",3.907634915920607,1.1470084009997261,same_osm_edge,35
4_0216,4_0218,spatial,0.7567802764465748,14,0-1 km,supported,0.0,0.0,1,1,1,"(335616865, 315694623, 0)","(335616865, 315694623, 0)",3.907634915920607,5.146062690848466,same_osm_edge,35
4_0216,4_0217,spatial,0.9835540638865954,14,0-1 km,supported,0.0,0.0,1,1,1,"(335616865, 315694623, 0)","(335616865, 315694623, 0)",3.907634915920607,2.5873824563585393,same_osm_edge,35
4_0216,4_0222,spatial,0.9867679444719922,14,0-1 km,supported,0.0,0.0,1,1,1,"(335616865, 315694623, 0)","(335616865, 315694623, 0)",3.907634915920607,3.801695785331936,same_osm_edge,35
4_0217,4_0221,spatial,0.1597818460972711,14,0-1 km,supported,0.0,0.0,1,1,1,"(335616865, 315694623, 0)","(335616865, 315694623, 0)",2.5873824563585393,0.09822099809364271,same_osm_edge,35
4_0217,4_0219,spatial,0.2425320277351701,14,0-1 km,supported,0.0,0.0,1,1,1,"(335616865, 315694623, 0)","(335616865, 315694623, 0)",2.5873824563585393,1.1470084009997261,same_osm_edge,35
4_0217,4_0223,spatial,0.486533694188768,14,0-1 km,supported,0.0,0.0,1,1,1,"(335616865, 315694623, 0)","(335616865, 315694623, 0)",2.5873824563585393,4.917411216855363,same_osm_edge,35
4_0217,4_0262,spatial,0.6677577643736661,14,0-1 km,supported,0.0,0.0,1,1,1,"(335616865, 315694623, 0)","(335616865, 315694623, 0)",2.5873824563585393,1.7890895883276445,same_osm_edge,35
4_0217,4_0263,spatial,0.972606332389668,14,0-1 km,supported,0.0,0.0,1,1,1,"(335616865, 315694623, 0)","(335616865, 315694623, 0)",2.5873824563585393,2.3695120777733005,same_osm_edge,35
4_0218,4_0222,spatial,0.2299926265893397,14,0-1 km,supported,0.0,0.0,1,1,1,"(335616865, 315694623, 0)","(335616865, 315694623, 0)",5.146062690848466,3.801695785331936,same_osm_edge,35
4_0218,4_0220,spatial,0.317596491511922,14,0-1 km,supported,0.0,0.0,1,1,1,"(335616865, 315694623, 0)","(335616865, 315694623, 0)",5.146062690848466,3.553194016680781,same_osm_edge,35
4_0218,4_0224,spatial,0.5425547726200813,14,0-1 km,supported,0.0,0.0,1,1,1,"(335616865, 315694623, 0)","(335616865, 315694623, 0)",5.146062690848466,4.043993467322428,same_osm_edge,35
4_0218,4_0261,spatial,0.6516059808986748,14,0-1 km,supported,0.0,0.0,1,1,1,"(335616865, 315694623, 0)","(335616865, 315694623, 0)",5.146062690848466,1.1444818250268998,same_osm_edge,35
4_0218,4_0223,spatial,1.2538043617171537,14,1-5 km,supported,0.0,0.0,1,1,1,"(335616865, 315694623, 0)","(335616865, 315694623, 0)",5.146062690848466,4.917411216855363,same_osm_edge,35
4_0219,4_0223,spatial,0.244029623568014,14,0-1 km,supported,0.0,0.0,1,1,1,"(335616865, 315694623, 0)","(335616865, 315694623, 0)",1.1470084009997261,4.917411216855363,same_osm_edge,35
4_0219,4_0221,spatial,0.4022897828404774,14,0-1 km,supported,0.0,0.0,1,1,1,"(335616865, 315694623, 0)","(335616865, 315694623, 0)",1.1470084009997261,0.09822099809364271,same_osm_edge,35
4_0219,4_0262,spatial,0.9102862627962336,14,0-1 km,supported,0.0,0.0,1,1,1,"(335616865, 315694623, 0)","(335616865, 315694623, 0)",1.1470084009997261,1.7890895883276445,same_osm_edge,35
4_0219,4_0224,spatial,0.955255468299896,14,0-1 km,supported,0.0,0.0,1,1,1,"(335616865, 315694623, 0)","(335616865, 315694623, 0)",1.1470084009997261,4.043993467322428,same_osm_edge,35
4_0220,4_0224,spatial,0.2249617078425255,14,0-1 km,supported,0.0,0.0,1,1,1,"(335616865, 315694623, 0)","(335616865, 315694623, 0)",3.553194016680781,4.043993467322428,same_osm_edge,35
4_0220,4_0222,spatial,0.547581215135344,14,0-1 km,supported,0.0,0.0,1,1,1,"(335616865, 315694623, 0)","(335616865, 315694623, 0)",3.553194016680781,3.801695785331936,same_osm_edge,35
4_0220,4_0223,spatial,0.9362128622586549,14,0-1 km,supported,0.0,0.0,1,1,1,"(335616865, 315694623, 0)","(335616865, 315694623, 0)",3.553194016680781,4.917411216855363,same_osm_edge,35
4_0220,4_0261,spatial,0.9691881101859964,14,0-1 km,supported,0.0,0.0,1,1,1,"(335616865, 315694623, 0)","(335616865, 315694623, 0)",3.553194016680781,1.1444818250268998,same_osm_edge,35
4_0221,4_0262,spatial,0.5080030269599368,14,0-1 km,supported,0.0,0.0,1,1,1,"(335616865, 315694623, 0)","(335616865, 315694623, 0)",0.09822099809364271,1.7890895883276445,same_osm_edge,35
4_0221,4_0223,spatial,0.6463074304069722,14,0-1 km,supported,0.0,0.0,1,1,1,"(335616865, 315694623, 0)","(335616865, 315694623, 0)",0.09822099809364271,4.917411216855363,same_osm_edge,35
4_0221,4_0263,spatial,0.8128523788111367,14,0-1 km,supported,0.0,0.0,1,1,1,"(335616865, 315694623, 0)","(335616865, 315694623, 0)",0.09822099809364271,2.3695120777733005,same_osm_edge,35
4_0221,4_0264,spatial,1.0399530111853408,14,1-5 km,supported,0.0,0.0,1,1,1,"(335616865, 315694623, 0)","(335616865, 315694623, 0)",0.09822099809364271,3.3234442611418835,same_osm_edge,35
4_0222,4_0261,spatial,0.4216134447049229,14,0-1 km,supported,0.0,0.0,1,1,1,"(335616865, 315694623, 0)","(335616865, 315694623, 0)",3.801695785331936,1.1444818250268998,same_osm_edge,35
4_0222,4_0224,spatial,0.7725423663783786,14,0-1 km,supported,0.0,0.0,1,1,1,"(335616865, 315694623, 0)","(335616865, 315694623, 0)",3.801695785331936,4.043993467322428,same_osm_edge,35
4_0215,4_0222,spatial,1.2826583599376615,14,1-5 km,supported,0.0,0.0,1,1,1,"(335616865, 315694623, 0)","(335616865, 315694623, 0)",3.7386220784314754,3.801695785331936,same_osm_edge,35
4_0222,4_0223,spatial,1.483793442841118,14,1-5 km,supported,0.0,0.0,1,1,1,"(335616865, 315694623, 0)","(335616865, 315694623, 0)",3.801695785331936,4.917411216855363,same_osm_edge,35
4_0223,4_0224,spatial,0.7112512323791814,14,0-1 km,supported,0.0,0.0,1,1,1,"(335616865, 315694623, 0)","(335616865, 315694623, 0)",4.917411216855363,4.043993467322428,same_osm_edge,35
4_0260,4_0268,spatial,0.2238642034805308,14,0-1 km,supported,0.0,0.0,1,1,1,"(335616865, 315694623, 0)","(335616865, 315694623, 0)",0.39976885254738326,0.04488043750656292,same_osm_edge,35
4_0260,4_0267,spatial,0.4363142163284025,14,0-1 km,supported,0.0,0.0,1,1,1,"(335616865, 315694623, 0)","(335616865, 315694623, 0)",0.39976885254738326,0.5147092817445679,same_osm_edge,35
4_0260,4_0266,spatial,0.6579339420830838,14,0-1 km,supported,0.0,0.0,1,1,1,"(335616865, 315694623, 0)","(335616865, 315694623, 0)",0.39976885254738326,2.32400191775678,same_osm_edge,35
4_0260,4_0265,spatial,0.8633490895583509,14,0-1 km,supported,0.0,0.0,1,1,1,"(335616865, 315694623, 0)","(335616865, 315694623, 0)",0.39976885254738326,2.4429330063407737,same_osm_edge,35
4_0260,4_0264,spatial,1.0611444487846835,14,1-5 km,supported,0.0,0.0,1,1,1,"(335616865, 315694623, 0)","(335616865, 315694623, 0)",0.39976885254738326,3.3234442611418835,same_osm_edge,35
4_0260,4_0263,spatial,1.288239615781642,14,1-5 km,supported,0.0,0.0,1,1,1,"(335616865, 315694623, 0)","(335616865, 315694623, 0)",0.39976885254738326,2.3695120777733005,same_osm_edge,35
4_0260,4_0262,spatial,1.5930872459436676,14,1-5 km,supported,0.0,0.0,1,1,1,"(335616865, 315694623, 0)","(335616865, 315694623, 0)",0.39976885254738326,1.7890895883276445,same_osm_edge,35
4_0213,4_0260,spatial,1.8030774687385611,14,1-5 km,supported,0.0,0.0,1,1,1,"(335616865, 315694623, 0)","(335616865, 315694623, 0)",3.658053697583573,0.39976885254738326,same_osm_edge,35
4_0224,4_0261,spatial,1.1941497869268771,14,1-5 km,supported,0.0,0.0,1,1,1,"(335616865, 315694623, 0)","(335616865, 315694623, 0)",4.043993467322428,1.1444818250268998,same_osm_edge,35
4_0216,4_0261,spatial,1.4083744530503888,14,1-5 km,supported,0.0,0.0,1,1,1,"(335616865, 315694623, 0)","(335616865, 315694623, 0)",3.907634915920607,1.1444818250268998,same_osm_edge,35
4_0215,4_0261,spatial,1.7042640094334311,14,1-5 km,supported,0.0,0.0,1,1,1,"(335616865, 315694623, 0)","(335616865, 315694623, 0)",3.7386220784314754,1.1444818250268998,same_osm_edge,35
4_0223,4_0261,spatial,1.9054005642479368,14,1-5 km,supported,0.0,0.0,1,1,1,"(335616865, 315694623, 0)","(335616865, 315694623, 0)",4.917411216855363,1.1444818250268998,same_osm_edge,35
4_0262,4_0263,spatial,0.3048496655747271,14,0-1 km,supported,0.0,0.0,1,1,1,"(335616865, 315694623, 0)","(335616865, 315694623, 0)",1.7890895883276445,2.3695120777733005,same_osm_edge,35
4_0262,4_0264,spatial,0.531950074134247,14,0-1 km,supported,0.0,0.0,1,1,1,"(335616865, 315694623, 0)","(335616865, 315694623, 0)",1.7890895883276445,3.3234442611418835,same_osm_edge,35
4_0262,4_0265,spatial,0.7297420574422783,14,0-1 km,supported,0.0,0.0,1,1,1,"(335616865, 315694623, 0)","(335616865, 315694623, 0)",1.7890895883276445,2.4429330063407737,same_osm_edge,35
4_0262,4_0266,spatial,0.9351618580116446,14,0-1 km,supported,0.0,0.0,1,1,1,"(335616865, 315694623, 0)","(335616865, 315694623, 0)",1.7890895883276445,2.32400191775678,same_osm_edge,35
4_0263,4_0264,spatial,0.2271007534785139,14,0-1 km,supported,0.0,0.0,1,1,1,"(335616865, 315694623, 0)","(335616865, 315694623, 0)",2.3695120777733005,3.3234442611418835,same_osm_edge,35
4_0263,4_0265,spatial,0.4248925941196679,14,0-1 km,supported,0.0,0.0,1,1,1,"(335616865, 315694623, 0)","(335616865, 315694623, 0)",2.3695120777733005,2.4429330063407737,same_osm_edge,35
4_0263,4_0266,spatial,0.6303204282561228,14,0-1 km,supported,0.0,0.0,1,1,1,"(335616865, 315694623, 0)","(335616865, 315694623, 0)",2.3695120777733005,2.32400191775678,same_osm_edge,35
4_0263,4_0267,spatial,0.8519260626765363,14,0-1 km,supported,0.0,0.0,1,1,1,"(335616865, 315694623, 0)","(335616865, 315694623, 0)",2.3695120777733005,0.5147092817445679,same_osm_edge,35
4_0264,4_0265,spatial,0.1977953849664986,14,0-1 km,supported,0.0,0.0,1,1,1,"(335616865, 315694623, 0)","(335616865, 315694623, 0)",3.3234442611418835,2.4429330063407737,same_osm_edge,35
4_0264,4_0266,spatial,0.4032421621541986,14,0-1 km,supported,0.0,0.0,1,1,1,"(335616865, 315694623, 0)","(335616865, 315694623, 0)",3.3234442611418835,2.32400191775678,same_osm_edge,35
4_0264,4_0267,spatial,0.6248330964147465,14,0-1 km,supported,0.0,0.0,1,1,1,"(335616865, 315694623, 0)","(335616865, 315694623, 0)",3.3234442611418835,0.5147092817445679,same_osm_edge,35
4_0264,4_0268,spatial,0.8372806936231407,14,0-1 km,supported,0.0,0.0,1,1,1,"(335616865, 315694623, 0)","(335616865, 315694623, 0)",3.3234442611418835,0.04488043750656292,same_osm_edge,35
4_0265,4_0266,spatial,0.2054639506708389,14,0-1 km,supported,0.0,0.0,1,1,1,"(335616865, 315694623, 0)","(335616865, 315694623, 0)",2.4429330063407737,2.32400191775678,same_osm_edge,35
4_0265,4_0267,spatial,0.4270380289622645,14,0-1 km,supported,0.0,0.0,1,1,1,"(335616865, 315694623, 0)","(335616865, 315694623, 0)",2.4429330063407737,0.5147092817445679,same_osm_edge,35
4_0265,4_0268,spatial,0.6394853086863262,14,0-1 km,supported,0.0,0.0,1,1,1,"(335616865, 315694623, 0)","(335616865, 315694623, 0)",2.4429330063407737,0.04488043750656292,same_osm_edge,35
4_0266,4_0267,spatial,0.2216266366987048,14,0-1 km,supported,0.0,0.0,1,1,1,"(335616865, 315694623, 0)","(335616865, 315694623, 0)",2.32400191775678,0.5147092817445679,same_osm_edge,35
4_0266,4_0268,spatial,0.4340728308355657,14,0-1 km,supported,0.0,0.0,1,1,1,"(335616865, 315694623, 0)","(335616865, 315694623, 0)",2.32400191775678,0.04488043750656292,same_osm_edge,35
4_0213,4_0266,spatial,1.1451553885115129,14,1-5 km,supported,0.0,0.0,1,1,1,"(335616865, 315694623, 0)","(335616865, 315694623, 0)",3.658053697583573,2.32400191775678,same_osm_edge,35
4_0267,4_0268,spatial,0.2124502439153316,14,0-1 km,supported,0.0,0.0,1,1,1,"(335616865, 315694623, 0)","(335616865, 315694623, 0)",0.5147092817445679,0.04488043750656292,same_osm_edge,35
4_0262,4_0267,spatial,1.156773152788247,14,1-5 km,supported,0.0,0.0,1,1,1,"(335616865, 315694623, 0)","(335616865, 315694623, 0)",1.7890895883276445,0.5147092817445679,same_osm_edge,35
4_0213,4_0267,spatial,1.3667639163223029,14,1-5 km,supported,0.0,0.0,1,1,1,"(335616865, 315694623, 0)","(335616865, 315694623, 0)",3.658053697583573,0.5147092817445679,same_osm_edge,35
4_0263,4_0268,spatial,1.0643754356694608,14,1-5 km,supported,0.0,0.0,1,1,1,"(335616865, 315694623, 0)","(335616865, 315694623, 0)",2.3695120777733005,0.04488043750656292,same_osm_edge,35
4_0262,4_0268,spatial,1.3692230595570212,14,1-5 km,supported,0.0,0.0,1,1,1,"(335616865, 315694623, 0)","(335616865, 315694623, 0)",1.7890895883276445,0.04488043750656292,same_osm_edge,35
4_0213,4_0268,spatial,1.5792132993182186,14,1-5 km,supported,0.0,0.0,1,1,1,"(335616865, 315694623, 0)","(335616865, 315694623, 0)",3.658053697583573,0.04488043750656292,same_osm_edge,35
4_B901,4_B902,spatial,1.79835864136696,14,1-5 km,supported,0.0,0.0,1,1,0,"(312682099, 312682094, 0)","(312682199, 312682099, 0)",1.85062729696087,0.529540860105553,short_connected,35
4_B901,4_B903,spatial,3.410377515337305,14,1-5 km,supported,0.0,0.0,1,1,0,"(312682099, 312682094, 0)","(312682199, 312682099, 0)",1.85062729696087,0.693580340877027,short_connected,35
4_B901,4_B961,spatial,4.990493742163534,14,1-5 km,supported,0.0,0.0,1,1,0,"(312682099, 312682094, 0)","(312682199, 312682099, 0)",1.85062729696087,2.2696118005079686,short_connected,35
4_B901,4_B964,spatial,5.967846319954648,14,5-10 km,supported,5.1627952869101,0.8651019161883066,1,1,0,"(312682099, 312682094, 0)","(312681337, 312681310, 0)",1.85062729696087,1.1545579732682993,short_connected,35
4_B901,4_B960,spatial,6.594138471287941,14,5-10 km,supported,9.253621452019567,1.4033101507212038,1,1,0,"(312682099, 312682094, 0)","(312682357, 312682208, 0)",1.85062729696087,3.301537295557061,short_connected,35
4_B901,4_B959,spatial,8.984441105902699,14,5-10 km,supported,10.870528152255568,1.2099281440126228,1,1,0,"(312682099, 312682094, 0)","(4851603612, 4851603582, 0)",1.85062729696087,7.046744828922823,short_connected,35
4_1006,4_B901,spatial,9.110311478610049,14,5-10 km,supported,13.291201609785956,1.4589184618980537,1,1,0,"(312681310, 315694614, 0)","(312682099, 312682094, 0)",1.4377278087741163,1.85062729696087,short_connected,35
4_B902,4_B903,spatial,1.6120196896623151,14,1-5 km,supported,0.0,0.0,1,1,1,"(312682199, 312682099, 0)","(312682199, 312682099, 0)",0.529540860105553,0.693580340877027,same_osm_edge,35
4_B902,4_B961,spatial,3.1921363762466237,14,1-5 km,supported,0.0,0.0,1,1,1,"(312682199, 312682099, 0)","(312682199, 312682099, 0)",0.529540860105553,2.2696118005079686,same_osm_edge,35
4_B902,4_B960,spatial,4.796644166450081,14,1-5 km,supported,9.253621452019567,1.9291865585409944,1,1,0,"(312682199, 312682099, 0)","(312682357, 312682208, 0)",0.529540860105553,3.301537295557061,supported_connected,35
4_B902,4_B959,spatial,7.202000856156233,14,5-10 km,supported,10.870528152255568,1.5093761260752279,1,1,0,"(312682199, 312682099, 0)","(4851603612, 4851603582, 0)",0.529540860105553,7.046744828922823,supported_connected,35
4_B902,4_B964,spatial,7.761053289800206,14,5-10 km,supported,6.631666962561451,0.8544802767012275,1,1,0,"(312682199, 312682099, 0)","(312681337, 312681310, 0)",0.529540860105553,1.1545579732682993,short_connected,35
4_B903,4_B961,spatial,1.580116704133403,14,1-5 km,supported,0.0,0.0,1,1,1,"(312682199, 312682099, 0)","(312682199, 312682099, 0)",0.693580340877027,2.2696118005079686,same_osm_edge,35
4_B903,4_B960,spatial,3.186352966073055,14,1-5 km,supported,9.253621452019567,2.904141992600391,1,1,0,"(312682199, 312682099, 0)","(312682357, 312682208, 0)",0.693580340877027,3.301537295557061,supported_connected,35
4_B903,4_B959,spatial,5.613315022130768,14,5-10 km,supported,10.870528152255568,1.936561213720944,1,1,0,"(312682199, 312682099, 0)","(4851603612, 4851603582, 0)",0.693580340877027,7.046744828922823,supported_connected,35
4_B903,4_B964,spatial,9.370009622971638,14,5-10 km,supported,6.631666962561451,0.7077545519593886,1,1,0,"(312682199, 312682099, 0)","(312681337, 312681310, 0)",0.693580340877027,1.1545579732682993,short_connected,35
4_B959,4_B960,spatial,2.4944261104526744,14,1-5 km,supported,1.413414792845961,0.5666292486769482,1,1,0,"(4851603612, 4851603582, 0)","(312682357, 312682208, 0)",7.046744828922823,3.301537295557061,short_connected,35
4_B959,4_B961,spatial,4.0739889769211795,14,1-5 km,supported,3.8050300458919555,0.9339814288765005,1,1,0,"(4851603612, 4851603582, 0)","(312682199, 312682099, 0)",7.046744828922823,2.2696118005079686,short_connected,35
4_1007,4_B959,spatial,10.820670850981996,14,10-25 km,supported,14.252939453950306,1.3171955463978304,1,1,0,"(312682094, 312681916, 0)","(4851603612, 4851603582, 0)",0.7217018713720237,7.046744828922823,short_connected,35
4_B960,4_B961,spatial,1.6113260875580886,14,1-5 km,supported,1.4048992148630846,0.8718900697450774,1,1,0,"(312682357, 312682208, 0)","(312682199, 312682099, 0)",3.301537295557061,2.2696118005079686,short_connected,35
4_B960,4_B964,spatial,12.556361970032368,14,10-25 km,supported,11.767753819715972,0.9371945351528947,1,1,0,"(312682357, 312682208, 0)","(312681337, 312681310, 0)",3.301537295557061,1.1545579732682993,short_connected,35
4_B961,4_B964,spatial,10.947982377656468,14,10-25 km,supported,6.631666962561451,0.6057432989749688,1,1,0,"(312682199, 312682099, 0)","(312681337, 312681310, 0)",2.2696118005079686,1.1545579732682993,short_connected,35
4_0260,4_B964,spatial,6.3482965643658975,14,5-10 km,supported,11.305701474935766,1.7809031698986233,1,1,0,"(335616865, 315694623, 0)","(312681337, 312681310, 0)",0.39976885254738326,1.1545579732682993,supported_connected,35
4_0268,4_B964,spatial,6.572156694362074,14,5-10 km,supported,11.305701474935766,1.7202422280397491,1,1,0,"(335616865, 315694623, 0)","(312681337, 312681310, 0)",0.04488043750656292,1.1545579732682993,supported_connected,35
4_0267,4_B964,spatial,6.7846003724835136,14,5-10 km,supported,11.305701474935766,1.6663769204135594,1,1,0,"(335616865, 315694623, 0)","(312681337, 312681310, 0)",0.5147092817445679,1.1545579732682993,supported_connected,35
4_0266,4_B964,spatial,7.006198221700852,14,5-10 km,supported,11.305701474935766,1.6136713688627482,1,1,0,"(335616865, 315694623, 0)","(312681337, 312681310, 0)",2.32400191775678,1.1545579732682993,supported_connected,35
4_0265,4_B964,spatial,7.211638075626805,14,5-10 km,supported,11.305701474935766,1.5677022829453517,1,1,0,"(335616865, 315694623, 0)","(312681337, 312681310, 0)",2.4429330063407737,1.1545579732682993,supported_connected,35
4_1001,4_7079,spatial,24.046223386970333,14,10-25 km,supported,31.545463460431378,1.3118676871946793,1,1,0,"(1906415073, 4851604069, 0)","(258029630, 6403111137, 0)",5.2873121258006375,2.1089649778153827,short_connected,35
4_7079,4_B959,spatial,25.341062444411328,14,25-50 km,supported,32.45289703716106,1.2806446891621215,1,1,0,"(258029630, 6403111137, 0)","(4851603612, 4851603582, 0)",2.1089649778153827,7.046744828922823,short_connected,35
4_7079,4_B960,spatial,27.35532300520748,14,25-50 km,supported,34.01111831595803,1.2433089643826734,1,1,0,"(258029630, 6403111137, 0)","(312682357, 312682208, 0)",2.1089649778153827,3.301537295557061,short_connected,35
4_7079,4_B961,spatial,28.875008490111103,14,25-50 km,supported,36.40273356900403,1.2607003589789754,1,1,0,"(258029630, 6403111137, 0)","(312682199, 312682099, 0)",2.1089649778153827,2.2696118005079686,short_connected,35
4_7079,4_B903,spatial,30.42012977070389,14,25-50 km,supported,36.40273356900403,1.1966659525582197,1,1,0,"(258029630, 6403111137, 0)","(312682199, 312682099, 0)",2.1089649778153827,0.693580340877027,short_connected,35
4_7079,4_B902,spatial,31.99990406199461,14,25-50 km,supported,36.40273356900403,1.1375888345939928,1,1,0,"(258029630, 6403111137, 0)","(312682199, 312682099, 0)",2.1089649778153827,0.529540860105553,short_connected,35
4_7079,4_B901,spatial,33.765427312634856,14,25-50 km,supported,40.133921211295466,1.1886099008815905,1,1,0,"(258029630, 6403111137, 0)","(312682099, 312682094, 0)",2.1089649778153827,1.85062729696087,short_connected,35
4_1003,4_1006,same_route,19.477401764395104,14,10-25 km,supported,30.473444254313282,1.5645538672421422,1,1,0,"(1697025034, 41221470, 0)","(312681310, 315694614, 0)",1.097688116273879,1.4377278087741163,supported_connected,35
4_1006,4_B964,same_route,3.4642324655285233,14,1-5 km,supported,0.0,0.0,1,1,0,"(312681310, 315694614, 0)","(312681337, 312681310, 0)",1.4377278087741163,1.1545579732682993,short_connected,35
4_B901,4_B964,same_route,5.9678463199545,14,5-10 km,supported,5.1627952869101,0.865101916188328,1,1,0,"(312682099, 312682094, 0)","(312681337, 312681310, 0)",1.85062729696087,1.1545579732682993,short_connected,35
4_B901,4_B902,same_route,1.7983586413674622,14,1-5 km,supported,0.0,0.0,1,1,0,"(312682099, 312682094, 0)","(312682199, 312682099, 0)",1.85062729696087,0.529540860105553,short_connected,35
4_B902,4_B903,same_route,1.6120196896624617,14,1-5 km,supported,0.0,0.0,1,1,1,"(312682199, 312682099, 0)","(312682199, 312682099, 0)",0.529540860105553,0.693580340877027,same_osm_edge,35
4_B903,4_B959,same_route,5.6133150221302115,14,5-10 km,supported,10.870528152255568,1.9365612137211363,1,1,0,"(312682199, 312682099, 0)","(4851603612, 4851603582, 0)",0.693580340877027,7.046744828922823,supported_connected,35
4_B959,4_B960,same_route,2.4944261104519745,14,1-5 km,supported,1.413414792845961,0.5666292486771072,1,1,0,"(4851603612, 4851603582, 0)","(312682357, 312682208, 0)",7.046744828922823,3.301537295557061,short_connected,35
4_B960,4_B961,same_route,1.6113260875589703,14,1-5 km,supported,1.4048992148630846,0.8718900697446003,1,1,0,"(312682357, 312682208, 0)","(312682199, 312682099, 0)",3.301537295557061,2.2696118005079686,short_connected,35
4_1007,4_B961,same_route,6.83784460460272,14,5-10 km,supported,10.3329509549835,1.5111415296024917,1,1,0,"(312682094, 312681916, 0)","(312682199, 312682099, 0)",0.7217018713720237,2.2696118005079686,supported_connected,35
4_1001,4_1007,same_route,12.498791485897774,14,10-25 km,supported,10.736348008052854,0.8589908888524572,1,1,0,"(1906415073, 4851604069, 0)","(312682094, 312681916, 0)",5.2873121258006375,0.7217018713720237,short_connected,35
4_1001,4_7614,same_route,11.611703097975512,14,10-25 km,supported,14.707754750405458,1.266632002756748,1,1,0,"(1906415073, 4851604069, 0)","(7935950258, 321836342, 0)",5.2873121258006375,3.4619360466677613,short_connected,35
48_3739,48_N310,spatial,0.3302573885868122,24,0-1 km,supported,0.0,0.0,1,1,1,"(3221882785, 305390764, 0)","(3221882785, 305390764, 0)",1.2382432082733377,1.0297704067291111,same_osm_edge,26
48_3739,48_N320,spatial,0.6395543288809378,24,0-1 km,supported,0.0,0.0,1,1,1,"(3221882785, 305390764, 0)","(3221882785, 305390764, 0)",1.2382432082733377,1.274647078469559,same_osm_edge,26
48_3739,48_N330,spatial,0.9054285459315718,24,0-1 km,supported,0.0,0.0,1,1,1,"(3221882785, 305390764, 0)","(3221882785, 305390764, 0)",1.2382432082733377,1.475147153251311,same_osm_edge,26
48_3739,48_N340,spatial,1.079937898627842,24,1-5 km,supported,0.0,0.0,1,1,1,"(3221882785, 305390764, 0)","(3221882785, 305390764, 0)",1.2382432082733377,2.5838515319039943,same_osm_edge,26
48_3739,48_N350,spatial,1.8819801216050556,24,1-5 km,supported,0.0,0.0,1,1,1,"(3221882785, 305390764, 0)","(3221882785, 305390764, 0)",1.2382432082733377,2.2440417627975227,same_osm_edge,26
48_0115,48_3739,spatial,41.1767499604902,24,25-50 km,not_connected,,,0,0,0,"(364200016, 364199694, 0)","(3221882785, 305390764, 0)",4.667714891495615,1.2382432082733377,unreachable,26
48_0116,48_3739,spatial,41.368867385463304,24,25-50 km,not_connected,,,0,0,0,"(364200016, 364199694, 0)","(3221882785, 305390764, 0)",6.321645796311223,1.2382432082733377,unreachable,26
48_0124,48_3739,spatial,41.56314205414428,24,25-50 km,not_connected,,,0,0,0,"(364200016, 364199694, 0)","(3221882785, 305390764, 0)",6.708629521264677,1.2382432082733377,unreachable,26
48_0115,48_0116,spatial,0.2458115054336992,24,0-1 km,supported,0.0,0.0,1,1,1,"(364200016, 364199694, 0)","(364200016, 364199694, 0)",4.667714891495615,6.321645796311223,same_osm_edge,26
48_0115,48_0124,spatial,0.4930431799438884,24,0-1 km,supported,0.0,0.0,1,1,1,"(364200016, 364199694, 0)","(364200016, 364199694, 0)",4.667714891495615,6.708629521264677,same_osm_edge,26
48_0115,48_0123,spatial,0.7381547863007127,24,0-1 km,supported,0.0,0.0,1,1,1,"(364200016, 364199694, 0)","(364200016, 364199694, 0)",4.667714891495615,3.4581858506646506,same_osm_edge,26
48_0115,48_0122,spatial,1.131932359797296,24,1-5 km,supported,0.0,0.0,1,1,1,"(364200016, 364199694, 0)","(364200016, 364199694, 0)",4.667714891495615,8.875315480093716,same_osm_edge,26
48_0115,48_0117,spatial,1.3765348178280117,24,1-5 km,supported,0.0,0.0,1,1,1,"(364200016, 364199694, 0)","(364200016, 364199694, 0)",4.667714891495615,9.932348713582124,same_osm_edge,26
48_0115,48_0118,spatial,1.6232297368656514,24,1-5 km,supported,0.0,0.0,1,1,1,"(364200016, 364199694, 0)","(364200016, 364199694, 0)",4.667714891495615,8.97744423030599,same_osm_edge,26
48_0113,48_0115,spatial,1.86944005730557,24,1-5 km,supported,0.0,0.0,1,1,1,"(364200016, 364199694, 0)","(364200016, 364199694, 0)",5.08139337742536,4.667714891495615,same_osm_edge,26
48_0115,48_0165,spatial,2.1142047165196587,24,1-5 km,supported,0.0,0.0,1,1,1,"(364200016, 364199694, 0)","(364200016, 364199694, 0)",4.667714891495615,4.937514658238859,same_osm_edge,26
48_0116,48_0124,spatial,0.2472322725828416,24,0-1 km,supported,0.0,0.0,1,1,1,"(364200016, 364199694, 0)","(364200016, 364199694, 0)",6.321645796311223,6.708629521264677,same_osm_edge,26
48_0116,48_0123,spatial,0.4923448148376261,24,0-1 km,supported,0.0,0.0,1,1,1,"(364200016, 364199694, 0)","(364200016, 364199694, 0)",6.321645796311223,3.4581858506646506,same_osm_edge,26
48_0116,48_0122,spatial,0.886120931326608,24,0-1 km,supported,0.0,0.0,1,1,1,"(364200016, 364199694, 0)","(364200016, 364199694, 0)",6.321645796311223,8.875315480093716,same_osm_edge,26
48_0116,48_0117,spatial,1.1307235118142174,24,1-5 km,supported,0.0,0.0,1,1,1,"(364200016, 364199694, 0)","(364200016, 364199694, 0)",6.321645796311223,9.932348713582124,same_osm_edge,26
48_0116,48_0118,spatial,1.3774186427880617,24,1-5 km,supported,0.0,0.0,1,1,1,"(364200016, 364199694, 0)","(364200016, 364199694, 0)",6.321645796311223,8.97744423030599,same_osm_edge,26
48_0113,48_0116,spatial,1.6236304346596246,24,1-5 km,supported,0.0,0.0,1,1,1,"(364200016, 364199694, 0)","(364200016, 364199694, 0)",5.08139337742536,6.321645796311223,same_osm_edge,26
48_0116,48_0165,spatial,1.8683945793935195,24,1-5 km,supported,0.0,0.0,1,1,1,"(364200016, 364199694, 0)","(364200016, 364199694, 0)",6.321645796311223,4.937514658238859,same_osm_edge,26
48_0123,48_0124,spatial,0.245126289580174,24,0-1 km,supported,0.0,0.0,1,1,1,"(364200016, 364199694, 0)","(364200016, 364199694, 0)",3.4581858506646506,6.708629521264677,same_osm_edge,26
48_0122,48_0124,spatial,0.6388914150670686,24,0-1 km,supported,0.0,0.0,1,1,1,"(364200016, 364199694, 0)","(364200016, 364199694, 0)",8.875315480093716,6.708629521264677,same_osm_edge,26
48_0117,48_0124,spatial,0.8834944723507862,24,0-1 km,supported,0.0,0.0,1,1,1,"(364200016, 364199694, 0)","(364200016, 364199694, 0)",9.932348713582124,6.708629521264677,same_osm_edge,26
48_0118,48_0124,spatial,1.1301902905900505,24,1-5 km,supported,0.0,0.0,1,1,1,"(364200016, 364199694, 0)","(364200016, 364199694, 0)",8.97744423030599,6.708629521264677,same_osm_edge,26
48_0113,48_0124,spatial,1.3764059646522817,24,1-5 km,supported,0.0,0.0,1,1,1,"(364200016, 364199694, 0)","(364200016, 364199694, 0)",5.08139337742536,6.708629521264677,same_osm_edge,26
48_0124,48_0165,spatial,1.6211686345436065,24,1-5 km,supported,0.0,0.0,1,1,1,"(364200016, 364199694, 0)","(364200016, 364199694, 0)",6.708629521264677,4.937514658238859,same_osm_edge,26
48_0122,48_0123,spatial,0.3937826390379731,24,0-1 km,supported,0.0,0.0,1,1,1,"(364200016, 364199694, 0)","(364200016, 364199694, 0)",8.875315480093716,3.4581858506646506,same_osm_edge,26
48_0117,48_0123,spatial,0.63838241553225,24,0-1 km,supported,0.0,0.0,1,1,1,"(364200016, 364199694, 0)","(364200016, 364199694, 0)",9.932348713582124,3.4581858506646506,same_osm_edge,26
48_0118,48_0123,spatial,0.8850759252717942,24,0-1 km,supported,0.0,0.0,1,1,1,"(364200016, 364199694, 0)","(364200016, 364199694, 0)",8.97744423030599,3.4581858506646506,same_osm_edge,26
48_0113,48_0123,spatial,1.1312856254284311,24,1-5 km,supported,0.0,0.0,1,1,1,"(364200016, 364199694, 0)","(364200016, 364199694, 0)",5.08139337742536,3.4581858506646506,same_osm_edge,26
48_0123,48_0165,spatial,1.3760499660600312,24,1-5 km,supported,0.0,0.0,1,1,1,"(364200016, 364199694, 0)","(364200016, 364199694, 0)",3.4581858506646506,4.937514658238859,same_osm_edge,26
48_0117,48_0122,spatial,0.2446031154467325,24,0-1 km,supported,0.0,0.0,1,1,1,"(364200016, 364199694, 0)","(364200016, 364199694, 0)",9.932348713582124,8.875315480093716,same_osm_edge,26
48_0118,48_0122,spatial,0.491299191710344,24,0-1 km,supported,0.0,0.0,1,1,1,"(364200016, 364199694, 0)","(364200016, 364199694, 0)",8.97744423030599,8.875315480093716,same_osm_edge,26
48_0113,48_0122,spatial,0.7375201602245242,24,0-1 km,supported,0.0,0.0,1,1,1,"(364200016, 364199694, 0)","(364200016, 364199694, 0)",5.08139337742536,8.875315480093716,same_osm_edge,26
48_0122,48_0165,spatial,0.9822795883830338,24,0-1 km,supported,0.0,0.0,1,1,1,"(364200016, 364199694, 0)","(364200016, 364199694, 0)",8.875315480093716,4.937514658238859,same_osm_edge,26
48_0117,48_0118,spatial,0.2466961949305493,24,0-1 km,supported,0.0,0.0,1,1,1,"(364200016, 364199694, 0)","(364200016, 364199694, 0)",9.932348713582124,8.97744423030599,same_osm_edge,26
48_0113,48_0117,spatial,0.4929214640754005,24,0-1 km,supported,0.0,0.0,1,1,1,"(364200016, 364199694, 0)","(364200016, 364199694, 0)",5.08139337742536,9.932348713582124,same_osm_edge,26
48_0117,48_0165,spatial,0.7376776491541744,24,0-1 km,supported,0.0,0.0,1,1,1,"(364200016, 364199694, 0)","(364200016, 364199694, 0)",9.932348713582124,4.937514658238859,same_osm_edge,26
48_0117,48_0164,spatial,0.982121884513662,24,0-1 km,supported,0.0,0.0,1,1,1,"(364200016, 364199694, 0)","(364200016, 364199694, 0)",9.932348713582124,2.6571292131349815,same_osm_edge,26
48_0113,48_0118,spatial,0.2462340487633605,24,0-1 km,supported,0.0,0.0,1,1,1,"(364200016, 364199694, 0)","(364200016, 364199694, 0)",5.08139337742536,8.97744423030599,same_osm_edge,26
48_0118,48_0165,spatial,0.4909823418518982,24,0-1 km,supported,0.0,0.0,1,1,1,"(364200016, 364199694, 0)","(364200016, 364199694, 0)",8.97744423030599,4.937514658238859,same_osm_edge,26
48_0118,48_0164,spatial,0.7354265530947491,24,0-1 km,supported,0.0,0.0,1,1,1,"(364200016, 364199694, 0)","(364200016, 364199694, 0)",8.97744423030599,2.6571292131349815,same_osm_edge,26
48_0118,48_0167,spatial,1.1016614825160749,24,1-5 km,supported,0.0,0.0,1,1,0,"(364200016, 364199694, 0)","(364199694, 364199640, 0)",8.97744423030599,5.026937271399842,short_connected,26
48_0113,48_0165,spatial,0.2447667666805529,24,0-1 km,supported,0.0,0.0,1,1,1,"(364200016, 364199694, 0)","(364200016, 364199694, 0)",5.08139337742536,4.937514658238859,same_osm_edge,26
48_0113,48_0164,spatial,0.4892070966294168,24,0-1 km,supported,0.0,0.0,1,1,1,"(364200016, 364199694, 0)","(364200016, 364199694, 0)",5.08139337742536,2.6571292131349815,same_osm_edge,26
48_0113,48_0167,spatial,0.8554300711703887,24,0-1 km,supported,0.0,0.0,1,1,0,"(364200016, 364199694, 0)","(364199694, 364199640, 0)",5.08139337742536,5.026937271399842,short_connected,26
48_0113,48_0114,spatial,1.0998795825672187,24,1-5 km,supported,0.0,0.0,1,1,0,"(364200016, 364199694, 0)","(364199694, 364199640, 0)",5.08139337742536,3.1360231270959735,short_connected,26
48_0114,48_0167,spatial,0.244579794765903,24,0-1 km,supported,0.0,0.0,1,1,1,"(364199694, 364199640, 0)","(364199694, 364199640, 0)",3.1360231270959735,5.026937271399842,same_osm_edge,26
48_0114,48_0121,spatial,0.2502064431039627,24,0-1 km,supported,0.0,0.0,1,1,1,"(364199694, 364199640, 0)","(364199694, 364199640, 0)",3.1360231270959735,3.6724158315791917,same_osm_edge,26
48_0114,48_0120,spatial,0.4892082030461465,24,0-1 km,supported,0.0,0.0,1,1,1,"(364199694, 364199640, 0)","(364199694, 364199640, 0)",3.1360231270959735,2.613200183198289,same_osm_edge,26
48_0114,48_0164,spatial,0.6106724937329009,24,0-1 km,supported,0.0,0.0,1,1,0,"(364199694, 364199640, 0)","(364200016, 364199694, 0)",3.1360231270959735,2.6571292131349815,short_connected,26
48_0114,48_0119,spatial,0.7339286313626808,24,0-1 km,supported,0.0,0.0,1,1,1,"(364199694, 364199640, 0)","(364199694, 364199640, 0)",3.1360231270959735,3.614243126832367,same_osm_edge,26
48_0114,48_0165,spatial,0.8551151708389798,24,0-1 km,supported,0.0,0.0,1,1,0,"(364199694, 364199640, 0)","(364200016, 364199694, 0)",3.1360231270959735,4.937514658238859,short_connected,26
48_0114,48_0163,spatial,0.9794156982941178,24,0-1 km,supported,0.0,0.0,1,1,1,"(364199694, 364199640, 0)","(364199694, 364199640, 0)",3.1360231270959735,1.3422989849995546,same_osm_edge,26
48_0120,48_0121,spatial,0.2390017885616824,24,0-1 km,supported,0.0,0.0,1,1,1,"(364199694, 364199640, 0)","(364199694, 364199640, 0)",2.613200183198289,3.6724158315791917,same_osm_edge,26
48_0119,48_0121,spatial,0.4837232695029717,24,0-1 km,supported,0.0,0.0,1,1,1,"(364199694, 364199640, 0)","(364199694, 364199640, 0)",3.614243126832367,3.6724158315791917,same_osm_edge,26
48_0121,48_0167,spatial,0.4947358116544617,24,0-1 km,supported,0.0,0.0,1,1,1,"(364199694, 364199640, 0)","(364199694, 364199640, 0)",3.6724158315791917,5.026937271399842,same_osm_edge,26
48_0121,48_0163,spatial,0.7292093027390183,24,0-1 km,supported,0.0,0.0,1,1,1,"(364199694, 364199640, 0)","(364199694, 364199640, 0)",3.6724158315791917,1.3422989849995546,same_osm_edge,26
48_0121,48_0164,spatial,0.8608789355031211,24,0-1 km,supported,0.0,0.0,1,1,0,"(364199694, 364199640, 0)","(364200016, 364199694, 0)",3.6724158315791917,2.6571292131349815,short_connected,26
48_0121,48_0162,spatial,0.9739763549487094,24,0-1 km,supported,0.0,0.0,1,1,1,"(364199694, 364199640, 0)","(364199694, 364199640, 0)",3.6724158315791917,1.161216086921251,same_osm_edge,26
48_0121,48_0165,spatial,1.1053214411212198,24,1-5 km,supported,0.0,0.0,1,1,0,"(364199694, 364199640, 0)","(364200016, 364199694, 0)",3.6724158315791917,4.937514658238859,short_connected,26
48_0119,48_0120,spatial,0.2447258596317799,24,0-1 km,supported,0.0,0.0,1,1,1,"(364199694, 364199640, 0)","(364199694, 364199640, 0)",3.614243126832367,2.613200183198289,same_osm_edge,26
48_0120,48_0163,spatial,0.4902078619871693,24,0-1 km,supported,0.0,0.0,1,1,1,"(364199694, 364199640, 0)","(364199694, 364199640, 0)",2.613200183198289,1.3422989849995546,same_osm_edge,26
48_0120,48_0167,spatial,0.7337199513349154,24,0-1 km,supported,0.0,0.0,1,1,1,"(364199694, 364199640, 0)","(364199694, 364199640, 0)",2.613200183198289,5.026937271399842,same_osm_edge,26
48_0120,48_0162,spatial,0.7349752964069389,24,0-1 km,supported,0.0,0.0,1,1,1,"(364199694, 364199640, 0)","(364199694, 364199640, 0)",2.613200183198289,1.161216086921251,same_osm_edge,26
48_0120,48_0164,spatial,1.0998806906915604,24,1-5 km,supported,0.0,0.0,1,1,0,"(364199694, 364199640, 0)","(364200016, 364199694, 0)",2.613200183198289,2.6571292131349815,short_connected,26
48_0120,48_0161,spatial,1.1613732132501449,24,1-5 km,supported,0.0,0.0,1,1,0,"(364199694, 364199640, 0)","(364199640, 364199689, 0)",2.613200183198289,1.0809738120620984,short_connected,26
48_0119,48_0163,spatial,0.2454921034142509,24,0-1 km,supported,0.0,0.0,1,1,1,"(364199694, 364199640, 0)","(364199694, 364199640, 0)",3.614243126832367,1.3422989849995546,same_osm_edge,26
48_0119,48_0162,spatial,0.490255324092183,24,0-1 km,supported,0.0,0.0,1,1,1,"(364199694, 364199640, 0)","(364199694, 364199640, 0)",3.614243126832367,1.161216086921251,same_osm_edge,26
48_0119,48_0161,spatial,0.9166506343904672,24,0-1 km,supported,0.0,0.0,1,1,0,"(364199694, 364199640, 0)","(364199640, 364199689, 0)",3.614243126832367,1.0809738120620984,short_connected,26
48_0119,48_0167,spatial,0.9784456130173615,24,0-1 km,supported,0.0,0.0,1,1,1,"(364199694, 364199640, 0)","(364199694, 364199640, 0)",3.614243126832367,5.026937271399842,same_osm_edge,26
48_0119,48_0160,spatial,1.1647203159428343,24,1-5 km,supported,0.16651791765343163,0.142968157568915,1,1,0,"(364199694, 364199640, 0)","(364199689, 364199577, 0)",3.614243126832367,1.9010586435291188,short_connected,26
48_0164,48_0167,spatial,0.3662604216879025,24,0-1 km,supported,0.0,0.0,1,1,0,"(364200016, 364199694, 0)","(364199694, 364199640, 0)",2.6571292131349815,5.026937271399842,short_connected,26
48_0165,48_0167,spatial,0.6106883908235066,24,0-1 km,supported,0.0,0.0,1,1,0,"(364200016, 364199694, 0)","(364199694, 364199640, 0)",4.937514658238859,5.026937271399842,short_connected,26
48_0160,48_0166,spatial,0.2454608933228736,24,0-1 km,supported,0.0,0.0,1,1,1,"(364199689, 364199577, 0)","(364199689, 364199577, 0)",1.9010586435291188,5.413162017936617,same_osm_edge,26
48_0161,48_0166,spatial,0.4935194271863586,24,0-1 km,supported,0.0,0.0,1,1,0,"(364199640, 364199689, 0)","(364199689, 364199577, 0)",1.0809738120620984,5.413162017936617,short_connected,26
48_0162,48_0166,spatial,0.9199120394271996,24,0-1 km,supported,0.16651791765343163,0.1810150433047024,1,1,0,"(364199694, 364199640, 0)","(364199689, 364199577, 0)",1.161216086921251,5.413162017936617,short_connected,26
48_0163,48_0166,spatial,1.1646770907408333,24,1-5 km,supported,0.16651791765343163,0.14297346361257274,1,1,0,"(364199694, 364199640, 0)","(364199689, 364199577, 0)",1.3422989849995546,5.413162017936617,short_connected,26
48_0119,48_0166,spatial,1.4101521507326693,24,1-5 km,supported,0.16651791765343163,0.11808507157679,1,1,0,"(364199694, 364199640, 0)","(364199689, 364199577, 0)",3.614243126832367,5.413162017936617,short_connected,26
48_0120,48_0166,spatial,1.6548775372170363,24,1-5 km,supported,0.16651791765343163,0.10062250161027649,1,1,0,"(364199694, 364199640, 0)","(364199689, 364199577, 0)",2.613200183198289,5.413162017936617,short_connected,26
48_0121,48_0166,spatial,1.893874645143567,24,1-5 km,supported,0.16651791765343163,0.08792446642676742,1,1,0,"(364199694, 364199640, 0)","(364199689, 364199577, 0)",3.6724158315791917,5.413162017936617,short_connected,26
48_0114,48_0166,spatial,2.144078139217364,24,1-5 km,supported,0.16651791765343163,0.07766410869438478,1,1,0,"(364199694, 364199640, 0)","(364199689, 364199577, 0)",3.1360231270959735,5.413162017936617,short_connected,26
48_0164,48_0165,spatial,0.2444442504953289,24,0-1 km,supported,0.0,0.0,1,1,1,"(364200016, 364199694, 0)","(364200016, 364199694, 0)",2.6571292131349815,4.937514658238859,same_osm_edge,26
48_0162,48_0163,spatial,0.2447678645610781,24,0-1 km,supported,0.0,0.0,1,1,1,"(364199694, 364199640, 0)","(364199694, 364199640, 0)",1.161216086921251,1.3422989849995546,same_osm_edge,26
48_0161,48_0163,spatial,0.6711667706261543,24,0-1 km,supported,0.0,0.0,1,1,0,"(364199640, 364199689, 0)","(364199694, 364199640, 0)",1.0809738120620984,1.3422989849995546,short_connected,26
48_0160,48_0163,spatial,0.919237582382469,24,0-1 km,supported,0.31883519262337656,0.34684742958074377,1,1,0,"(364199689, 364199577, 0)","(364199694, 364199640, 0)",1.9010586435291188,1.3422989849995546,short_connected,26
48_0161,48_0162,spatial,0.4263990518503203,24,0-1 km,supported,0.0,0.0,1,1,0,"(364199640, 364199689, 0)","(364199694, 364199640, 0)",1.0809738120620984,1.161216086921251,short_connected,26
48_0160,48_0162,spatial,0.6744699306676882,24,0-1 km,supported,0.31883519262337656,0.47271965454078463,1,1,0,"(364199689, 364199577, 0)","(364199694, 364199640, 0)",1.9010586435291188,1.161216086921251,short_connected,26
48_0114,48_0162,spatial,1.2241825850822872,24,1-5 km,supported,0.0,0.0,1,1,1,"(364199694, 364199640, 0)","(364199694, 364199640, 0)",3.1360231270959735,1.161216086921251,same_osm_edge,26
48_0160,48_0161,spatial,0.2480708956236759,24,0-1 km,supported,0.0,0.0,1,1,0,"(364199689, 364199577, 0)","(364199640, 364199689, 0)",1.9010586435291188,1.0809738120620984,short_connected,26
48_0121,48_0161,spatial,1.400373486578953,24,1-5 km,supported,0.0,0.0,1,1,0,"(364199694, 364199640, 0)","(364199640, 364199689, 0)",3.6724158315791917,1.0809738120620984,short_connected,26
48_0114,48_0161,spatial,1.650579234909484,24,1-5 km,supported,0.0,0.0,1,1,0,"(364199694, 364199640, 0)","(364199640, 364199689, 0)",3.1360231270959735,1.0809738120620984,short_connected,26
48_0120,48_0160,spatial,1.409443568935493,24,1-5 km,supported,0.16651791765343163,0.1181444375096175,1,1,0,"(364199694, 364199640, 0)","(364199689, 364199577, 0)",2.613200183198289,1.9010586435291188,short_connected,26
48_0121,48_0160,spatial,1.6484434553745015,24,1-5 km,supported,0.16651791765343163,0.10101524387174157,1,1,0,"(364199694, 364199640, 0)","(364199689, 364199577, 0)",3.6724158315791917,1.9010586435291188,short_connected,26
48_0114,48_0160,spatial,1.89864891779106,24,1-5 km,supported,0.16651791765343163,0.08770337480146836,1,1,0,"(364199694, 364199640, 0)","(364199689, 364199577, 0)",3.1360231270959735,1.9010586435291188,short_connected,26
48_N310,48_N320,spatial,0.3093013417026805,24,0-1 km,supported,0.0,0.0,1,1,1,"(3221882785, 305390764, 0)","(3221882785, 305390764, 0)",1.0297704067291111,1.274647078469559,same_osm_edge,26
48_N310,48_N330,spatial,0.5751877129674222,24,0-1 km,supported,0.0,0.0,1,1,1,"(3221882785, 305390764, 0)","(3221882785, 305390764, 0)",1.0297704067291111,1.475147153251311,same_osm_edge,26
48_N310,48_N340,spatial,0.7496848390809171,24,0-1 km,supported,0.0,0.0,1,1,1,"(3221882785, 305390764, 0)","(3221882785, 305390764, 0)",1.0297704067291111,2.5838515319039943,same_osm_edge,26
48_N310,48_N350,spatial,1.5517397449343022,24,1-5 km,supported,0.0,0.0,1,1,1,"(3221882785, 305390764, 0)","(3221882785, 305390764, 0)",1.0297704067291111,2.2440417627975227,same_osm_edge,26
48_0115,48_N310,spatial,41.40051081575154,24,25-50 km,not_connected,,,0,0,0,"(364200016, 364199694, 0)","(3221882785, 305390764, 0)",4.667714891495615,1.0297704067291111,unreachable,26
48_0116,48_N310,spatial,41.5935234402378,24,25-50 km,not_connected,,,0,0,0,"(364200016, 364199694, 0)","(3221882785, 305390764, 0)",6.321645796311223,1.0297704067291111,unreachable,26
48_0124,48_N310,spatial,41.78868356828033,24,25-50 km,not_connected,,,0,0,0,"(364200016, 364199694, 0)","(3221882785, 305390764, 0)",6.708629521264677,1.0297704067291111,unreachable,26
48_N320,48_N330,spatial,0.2658952061778432,24,0-1 km,supported,0.0,0.0,1,1,1,"(3221882785, 305390764, 0)","(3221882785, 305390764, 0)",1.274647078469559,1.475147153251311,same_osm_edge,26
48_N320,48_N340,spatial,0.4403839277733229,24,0-1 km,supported,0.0,0.0,1,1,1,"(3221882785, 305390764, 0)","(3221882785, 305390764, 0)",1.274647078469559,2.5838515319039943,same_osm_edge,26
48_N320,48_N350,spatial,1.2424411253921182,24,1-5 km,supported,0.0,0.0,1,1,1,"(3221882785, 305390764, 0)","(3221882785, 305390764, 0)",1.274647078469559,2.2440417627975227,same_osm_edge,26
48_0115,48_N320,spatial,41.61302896063699,24,25-50 km,not_connected,,,0,0,0,"(364200016, 364199694, 0)","(3221882785, 305390764, 0)",4.667714891495615,1.274647078469559,unreachable,26
48_0116,48_N320,spatial,41.80685958776624,24,25-50 km,not_connected,,,0,0,0,"(364200016, 364199694, 0)","(3221882785, 305390764, 0)",6.321645796311223,1.274647078469559,unreachable,26
48_0124,48_N320,spatial,42.00282874966517,24,25-50 km,not_connected,,,0,0,0,"(364200016, 364199694, 0)","(3221882785, 305390764, 0)",6.708629521264677,1.274647078469559,unreachable,26
48_N330,48_N340,spatial,0.1745480053490407,24,0-1 km,supported,0.0,0.0,1,1,1,"(3221882785, 305390764, 0)","(3221882785, 305390764, 0)",1.475147153251311,2.5838515319039943,same_osm_edge,26
48_N330,48_N350,spatial,0.9765529083119632,24,0-1 km,supported,0.0,0.0,1,1,1,"(3221882785, 305390764, 0)","(3221882785, 305390764, 0)",1.475147153251311,2.2440417627975227,same_osm_edge,26
48_0115,48_N330,spatial,41.798810384451095,24,25-50 km,not_connected,,,0,0,0,"(364200016, 364199694, 0)","(3221882785, 305390764, 0)",4.667714891495615,1.475147153251311,unreachable,26
48_0116,48_N330,spatial,41.993325715697075,24,25-50 km,not_connected,,,0,0,0,"(364200016, 364199694, 0)","(3221882785, 305390764, 0)",6.321645796311223,1.475147153251311,unreachable,26
48_0124,48_N330,spatial,42.189972002951514,24,25-50 km,not_connected,,,0,0,0,"(364200016, 364199694, 0)","(3221882785, 305390764, 0)",6.708629521264677,1.475147153251311,unreachable,26
48_N340,48_N350,spatial,0.8020732739753631,24,0-1 km,supported,0.0,0.0,1,1,1,"(3221882785, 305390764, 0)","(3221882785, 305390764, 0)",2.5838515319039943,2.2440417627975227,same_osm_edge,26
48_0115,48_N340,spatial,41.91700137342108,24,25-50 km,not_connected,,,0,0,0,"(364200016, 364199694, 0)","(3221882785, 305390764, 0)",4.667714891495615,2.5838515319039943,unreachable,26
48_0116,48_N340,spatial,42.111975148873945,24,25-50 km,not_connected,,,0,0,0,"(364200016, 364199694, 0)","(3221882785, 305390764, 0)",6.321645796311223,2.5838515319039943,unreachable,26
48_0124,48_N340,spatial,42.3090749002134,24,25-50 km,not_connected,,,0,0,0,"(364200016, 364199694, 0)","(3221882785, 305390764, 0)",6.708629521264677,2.5838515319039943,unreachable,26
48_0115,48_N350,spatial,42.4828066416715,24,25-50 km,not_connected,,,0,0,0,"(364200016, 364199694, 0)","(3221882785, 305390764, 0)",4.667714891495615,2.2440417627975227,unreachable,26
48_0116,48_N350,spatial,42.679771307877765,24,25-50 km,not_connected,,,0,0,0,"(364200016, 364199694, 0)","(3221882785, 305390764, 0)",6.321645796311223,2.2440417627975227,unreachable,26
48_0124,48_N350,spatial,42.87883982169004,24,25-50 km,not_connected,,,0,0,0,"(364200016, 364199694, 0)","(3221882785, 305390764, 0)",6.708629521264677,2.2440417627975227,unreachable,26
48_3739,48_N310,same_route,0.3302573885867775,24,0-1 km,supported,0.0,0.0,1,1,1,"(3221882785, 305390764, 0)","(3221882785, 305390764, 0)",1.2382432082733377,1.0297704067291111,same_osm_edge,26
48_N310,48_N320,same_route,0.3093013417026831,24,0-1 km,supported,0.0,0.0,1,1,1,"(3221882785, 305390764, 0)","(3221882785, 305390764, 0)",1.0297704067291111,1.274647078469559,same_osm_edge,26
48_N320,48_N330,same_route,0.2658952061777442,24,0-1 km,supported,0.0,0.0,1,1,1,"(3221882785, 305390764, 0)","(3221882785, 305390764, 0)",1.274647078469559,1.475147153251311,same_osm_edge,26
48_N330,48_N340,same_route,0.1745480053491055,24,0-1 km,supported,0.0,0.0,1,1,1,"(3221882785, 305390764, 0)","(3221882785, 305390764, 0)",1.475147153251311,2.5838515319039943,same_osm_edge,26
48_N340,48_N350,same_route,0.8020732739752551,24,0-1 km,supported,0.0,0.0,1,1,1,"(3221882785, 305390764, 0)","(3221882785, 305390764, 0)",2.5838515319039943,2.2440417627975227,same_osm_edge,26
