project_id,node_id,construction_date,traffic_open_date,ORIGINAL_NO_LANES,FINAL_NO_LANES,YEAR_WIDENED
4_A901_19930801,4_A901,1993-08-01,1993-08-01,2.0,,
4_A902_19930801,4_A902,1993-08-01,1993-08-01,2.0,,
4_A903_19930801,4_A903,1993-08-01,1993-08-01,2.0,,
4_AA01_19961201,4_AA01,1996-12-01,1996-12-01,2.0,,
4_AA02_19961201,4_AA02,1996-12-01,1996-12-01,2.0,,
4_AA03_19961201,4_AA03,1996-12-01,1996-12-01,2.0,,
4_AA59_19961201,4_AA59,1996-12-01,1996-12-01,2.0,,
4_AA60_19961201,4_AA60,1996-12-01,1996-12-01,2.0,,
4_AA61_19961201,4_AA61,1996-12-01,1996-12-01,2.0,,
4_BA01_19961201,4_BA01,1996-12-01,1996-12-01,2.0,,
4_BA02_19961201,4_BA02,1996-12-01,1996-12-01,2.0,,
4_BA03_19961201,4_BA03,1996-12-01,1996-12-01,2.0,,
4_BA59_19961201,4_BA59,1996-12-01,1996-12-01,2.0,,
4_BA60_19961201,4_BA60,1996-12-01,1996-12-01,2.0,,
4_BA61_19961201,4_BA61,1996-12-01,1996-12-01,2.0,,
5_0113_19931201,5_0113,1993-12-01,1994-09-01,2.0,,
5_0114_19931201,5_0114,1993-12-01,1994-09-01,2.0,,
5_0115_19931201,5_0115,1993-12-01,1994-09-01,2.0,,
5_0116_19931201,5_0116,1993-12-01,1994-09-01,2.0,,
5_0117_19931201,5_0117,1993-12-01,1994-09-01,2.0,,
5_0118_19931201,5_0118,1993-12-01,1994-09-01,2.0,,
5_0119_19931201,5_0119,1993-12-01,1994-09-01,2.0,,
5_0120_19931201,5_0120,1993-12-01,1994-09-01,2.0,,
5_0121_19931201,5_0121,1993-12-01,1994-09-01,2.0,,
5_0122_19931201,5_0122,1993-12-01,1994-09-01,2.0,,
5_0123_19931201,5_0123,1993-12-01,1994-09-01,2.0,,
5_0124_19931201,5_0124,1993-12-01,1994-09-01,2.0,,
5_0213_19951001,5_0213,1995-10-01,1995-12-01,2.0,,
5_0214_19951001,5_0214,1995-10-01,1995-12-01,2.0,,
5_0215_19951001,5_0215,1995-10-01,1995-12-01,2.0,,
5_0216_19951001,5_0216,1995-10-01,1995-12-01,2.0,,
5_0217_19951001,5_0217,1995-10-01,1995-12-01,2.0,,
5_0218_19951001,5_0218,1995-10-01,1995-12-01,2.0,,
5_0219_19951001,5_0219,1995-10-01,1995-12-01,2.0,,
5_0220_19951001,5_0220,1995-10-01,1995-12-01,2.0,,
5_0221_19951001,5_0221,1995-10-01,1995-12-01,2.0,,
5_0222_19951001,5_0222,1995-10-01,1995-12-01,2.0,,
5_0223_19951001,5_0223,1995-10-01,1995-12-01,2.0,,
5_0224_19951001,5_0224,1995-10-01,1995-12-01,2.0,,
5_0803_19971201,5_0803,1997-12-01,1997-12-01,1.0,,
5_0804_19971201,5_0804,1997-12-01,1997-12-01,1.0,,
5_0809_19971201,5_0809,1997-12-01,1997-12-01,1.0,,
5_0810_19971201,5_0810,1997-12-01,1997-12-01,1.0,,
5_3058_19900201,5_3058,1990-02-01,1990-02-01,,,
5_3071_19870701,5_3071,1987-07-01,1987-07-01,,,
5_A310_19870701,5_A310,1987-07-01,1987-07-01,,,
5_A320_19870701,5_A320,1987-07-01,1987-07-01,,,
5_A350_19870701,5_A350,1987-07-01,1987-07-01,,,
6_0201_20000901,6_0201,2000-09-01,2000-10-01,2.0,,
6_0202_20000901,6_0202,2000-09-01,2000-10-01,2.0,,
6_0203_20000901,6_0203,2000-09-01,2000-10-01,2.0,,
6_0204_20000901,6_0204,2000-09-01,2000-10-01,2.0,,
6_0205_20000901,6_0205,2000-09-01,2000-10-01,2.0,,
6_0206_20000901,6_0206,2000-09-01,2000-10-01,2.0,,
6_0207_20000901,6_0207,2000-09-01,2000-10-01,2.0,,
6_0208_20000901,6_0208,2000-09-01,2000-10-01,2.0,,
6_0209_20000901,6_0209,2000-09-01,2000-10-01,2.0,,
6_0210_20000901,6_0210,2000-09-01,2000-10-01,2.0,,
6_0211_20000901,6_0211,2000-09-01,2000-10-01,2.0,,
6_0212_20000901,6_0212,2000-09-01,2000-10-01,2.0,,
6_0811_19990701,6_0811,1999-07-01,1999-11-01,1.0,,
6_0812_19990701,6_0812,1999-07-01,1999-11-01,1.0,,
6_A805_19990901,6_A805,1999-09-01,1999-11-01,1.0,,
6_A806_19990901,6_A806,1999-09-01,1999-11-01,1.0,,
8_0213_19931001,8_0213,1993-10-01,1993-11-01,2.0,,
8_0214_19931001,8_0214,1993-10-01,1993-11-01,2.0,,
8_0215_19931001,8_0215,1993-10-01,1993-11-01,2.0,,
8_0216_19931001,8_0216,1993-10-01,1993-11-01,2.0,,
8_0217_19931001,8_0217,1993-10-01,1993-11-01,2.0,,
8_0218_19931001,8_0218,1993-10-01,1993-11-01,2.0,,
8_0219_19931001,8_0219,1993-10-01,1993-11-01,2.0,,
8_0220_19931001,8_0220,1993-10-01,1993-11-01,2.0,,
8_0221_19931001,8_0221,1993-10-01,1993-11-01,2.0,,
8_0222_19931001,8_0222,1993-10-01,1993-11-01,2.0,,
8_0223_19931001,8_0223,1993-10-01,1993-11-01,2.0,,
8_0224_19931001,8_0224,1993-10-01,1993-11-01,2.0,,
8_0259_19931001,8_0259,1993-10-01,1993-11-01,2.0,,
8_0811_19931001,8_0811,1993-10-01,1994-01-01,1.0,,
8_0812_19931001,8_0812,1993-10-01,1994-01-01,1.0,,
8_7776_19880601,8_7776,1988-06-01,1988-08-01,,,
8_A410_19950801,8_A410,1995-08-01,1995-12-01,,,
8_A411_19950801,8_A411,1995-08-01,1995-12-01,,,
8_A412_19950801,8_A412,1995-08-01,1995-12-01,,,
8_A413_19950801,8_A413,1995-08-01,1995-12-01,,,
8_A414_19950801,8_A414,1995-08-01,1995-12-01,,,
8_A415_19950801,8_A415,1995-08-01,1995-12-01,,,
8_A430_19950801,8_A430,1995-08-01,1995-12-01,,,
8_A431_19950801,8_A431,1995-08-01,1995-12-01,,,
8_A441_19950801,8_A441,1995-08-01,1995-12-01,,,
8_A442_19950801,8_A442,1995-08-01,1995-12-01,,,
8_A443_19950801,8_A443,1995-08-01,1995-12-01,,,
8_A444_19950801,8_A444,1995-08-01,1995-12-01,,,
8_A445_19950801,8_A445,1995-08-01,1995-12-01,,,
8_A446_19950801,8_A446,1995-08-01,1995-12-01,,,
8_A451_19950801,8_A451,1995-08-01,1995-12-01,,,
8_A452_19950801,8_A452,1995-08-01,1995-12-01,,,
8_A455_19950801,8_A455,1995-08-01,1995-12-01,,,
10_0101_19951005,10_0101,1995-10-05,1995-12-04,2.0,,
10_0102_19951005,10_0102,1995-10-05,1995-12-04,2.0,,
10_0103_19951005,10_0103,1995-10-05,1995-12-04,2.0,,
10_0104_19951005,10_0104,1995-10-05,1995-12-04,2.0,,
10_0105_19951005,10_0105,1995-10-05,1995-12-04,2.0,,
10_0106_19951005,10_0106,1995-10-05,1995-12-04,2.0,,
10_0107_19951005,10_0107,1995-10-05,1995-12-04,2.0,,
10_0108_19951005,10_0108,1995-10-05,1995-12-04,2.0,,
10_0109_19951005,10_0109,1995-10-05,1995-12-04,2.0,,
10_0110_19951005,10_0110,1995-10-05,1995-12-04,2.0,,
10_0111_19951005,10_0111,1995-10-05,1995-12-04,2.0,,
10_0112_19951005,10_0112,1995-10-05,1995-12-04,2.0,,
10_0159_19951005,10_0159,1995-10-05,1995-12-04,2.0,,
10_0160_19951005,10_0160,1995-10-05,1995-12-04,2.0,,
19_0101_19921101,19_0101,1992-11-01,1993-06-01,2.0,,
19_0102_19921101,19_0102,1992-11-01,1993-06-01,2.0,,
19_0103_19921101,19_0103,1992-11-01,1993-06-01,2.0,,
19_0104_19921101,19_0104,1992-11-01,1993-06-01,2.0,,
19_0105_19921101,19_0105,1992-11-01,1993-06-01,2.0,,
19_0106_19921101,19_0106,1992-11-01,1993-06-01,2.0,,
19_0107_19921101,19_0107,1992-11-01,1993-06-01,2.0,,
19_0108_19921101,19_0108,1992-11-01,1993-06-01,2.0,,
19_0109_19921101,19_0109,1992-11-01,1993-06-01,2.0,,
19_0110_19921101,19_0110,1992-11-01,1993-06-01,2.0,,
19_0111_19921101,19_0111,1992-11-01,1993-06-01,2.0,,
19_0112_19921101,19_0112,1992-11-01,1993-06-01,2.0,,
19_0159_19921101,19_0159,1992-11-01,1993-06-01,2.0,,
19_0213_19940801,19_0213,1994-08-01,1994-12-01,2.0,,
19_0214_19940801,19_0214,1994-08-01,1994-12-01,2.0,,
19_0215_19940801,19_0215,1994-08-01,1994-12-01,2.0,,
19_0216_19940801,19_0216,1994-08-01,1994-12-01,2.0,,
19_0217_19940801,19_0217,1994-08-01,1994-12-01,2.0,,
19_0218_19940801,19_0218,1994-08-01,1994-12-01,2.0,,
19_0219_19940801,19_0219,1994-08-01,1994-12-01,2.0,,
19_0220_19940801,19_0220,1994-08-01,1994-12-01,2.0,,
19_0221_19940801,19_0221,1994-08-01,1994-12-01,2.0,,
19_0222_19940801,19_0222,1994-08-01,1994-12-01,2.0,,
19_0223_19940801,19_0223,1994-08-01,1994-12-01,2.0,,
19_0224_19940801,19_0224,1994-08-01,1994-12-01,2.0,,
19_0259_19940801,19_0259,1994-08-01,1994-12-01,2.0,,
20_0101_19931101,20_0101,1993-11-01,1993-11-01,1.0,,
20_0102_19931101,20_0102,1993-11-01,1993-11-01,1.0,,
20_0103_19931101,20_0103,1993-11-01,1993-11-01,1.0,,
20_0104_19931101,20_0104,1993-11-01,1993-11-01,1.0,,
20_0105_19931101,20_0105,1993-11-01,1993-11-01,1.0,,
20_0106_19931101,20_0106,1993-11-01,1993-11-01,1.0,,
20_0107_19931101,20_0107,1993-11-01,1993-11-01,1.0,,
20_0108_19931101,20_0108,1993-11-01,1993-11-01,1.0,,
10_0201_19960501,10_0201,1996-05-01,1996-05-01,2.0,,
10_0202_19960501,10_0202,1996-05-01,1996-05-01,2.0,,
10_0203_19960501,10_0203,1996-05-01,1996-05-01,2.0,,
10_0204_19960501,10_0204,1996-05-01,1996-05-01,2.0,,
10_0205_19960501,10_0205,1996-05-01,1996-05-01,2.0,,
10_0206_19960501,10_0206,1996-05-01,1996-05-01,2.0,,
10_0207_19960501,10_0207,1996-05-01,1996-05-01,2.0,,
10_0208_19960501,10_0208,1996-05-01,1996-05-01,2.0,,
10_0209_19960501,10_0209,1996-05-01,1996-05-01,2.0,,
10_0210_19960501,10_0210,1996-05-01,1996-05-01,2.0,,
10_0211_19960501,10_0211,1996-05-01,1996-05-01,2.0,,
10_0212_19960501,10_0212,1996-05-01,1996-05-01,2.0,,
10_0259_19960501,10_0259,1996-05-01,1996-05-01,2.0,,
10_0260_19960501,10_0260,1996-05-01,1996-05-01,2.0,,
12_0101_19951101,12_0101,1995-11-01,1995-11-01,2.0,,
12_0102_19951101,12_0102,1995-11-01,1995-11-01,2.0,,
12_0103_19951101,12_0103,1995-11-01,1995-11-01,2.0,,
12_0104_19951101,12_0104,1995-11-01,1995-11-01,2.0,,
12_0105_19951101,12_0105,1995-11-01,1995-11-01,2.0,,
12_0106_19951101,12_0106,1995-11-01,1995-11-01,2.0,,
12_0107_19951101,12_0107,1995-11-01,1995-11-01,2.0,,
12_0108_19951101,12_0108,1995-11-01,1995-11-01,2.0,,
12_0109_19951101,12_0109,1995-11-01,1995-11-01,2.0,,
12_0110_19951101,12_0110,1995-11-01,1995-11-01,2.0,,
12_0111_19951101,12_0111,1995-11-01,1995-11-01,2.0,,
12_0112_19951101,12_0112,1995-11-01,1995-11-01,2.0,,
12_0161_19951101,12_0161,1995-11-01,1995-11-01,2.0,,
12_4059_19890601,12_4059,1989-06-01,1989-06-01,,,
12_4106_19870801,12_4106,1987-08-01,1987-08-01,,,
12_4109_19890301,12_4109,1989-03-01,1989-03-01,,,
12_AA01_19970601,12_AA01,1997-06-01,1997-06-01,,,
12_AA02_19970601,12_AA02,1997-06-01,1997-06-01,,,
12_AA03_19970601,12_AA03,1997-06-01,1997-06-01,,,
12_AA61_19970601,12_AA61,1997-06-01,1997-06-01,,,
16_9032_19871001,16_9032,1987-10-01,1987-10-01,,,
16_9034_19881001,16_9034,1988-10-01,1988-10-01,,,
1_0101_19930301,1_0101,1993-03-01,1993-03-01,2.0,,
1_0102_19930301,1_0102,1993-03-01,1993-03-01,2.0,,
1_0103_19930301,1_0103,1993-03-01,1993-03-01,2.0,,
1_0104_19930301,1_0104,1993-03-01,1993-03-01,2.0,,
1_0105_19930301,1_0105,1993-03-01,1993-03-01,2.0,,
1_0106_19930301,1_0106,1993-03-01,1993-03-01,2.0,,
1_0107_19930301,1_0107,1993-03-01,1993-03-01,2.0,,
1_0108_19930301,1_0108,1993-03-01,1993-03-01,2.0,,
1_0109_19930301,1_0109,1993-03-01,1993-03-01,2.0,,
1_0110_19930301,1_0110,1993-03-01,1993-03-01,2.0,,
1_0111_19930301,1_0111,1993-03-01,1993-03-01,2.0,,
1_0112_19930301,1_0112,1993-03-01,1993-03-01,2.0,,
1_0161_19930301,1_0161,1993-03-01,1993-03-01,2.0,,
1_0162_19930301,1_0162,1993-03-01,1993-03-01,2.0,,
1_0163_19930301,1_0163,1993-03-01,1993-03-01,2.0,,
1_4073_19880601,1_4073,1988-06-01,1988-06-01,,,
1_4126_19880401,1_4126,1988-04-01,1988-04-01,,,
4_0113_19930801,4_0113,1993-08-01,1993-08-01,2.0,,
4_0114_19930801,4_0114,1993-08-01,1993-08-01,2.0,,
4_0115_19930801,4_0115,1993-08-01,1993-08-01,2.0,,
4_0116_19930801,4_0116,1993-08-01,1993-08-01,2.0,,
4_0117_19930801,4_0117,1993-08-01,1993-08-01,2.0,,
4_0118_19930801,4_0118,1993-08-01,1993-08-01,2.0,,
4_0119_19930801,4_0119,1993-08-01,1993-08-01,2.0,,
4_0120_19930801,4_0120,1993-08-01,1993-08-01,2.0,,
4_0121_19930801,4_0121,1993-08-01,1993-08-01,2.0,,
4_0122_19930801,4_0122,1993-08-01,1993-08-01,2.0,,
4_0123_19930801,4_0123,1993-08-01,1993-08-01,2.0,,
4_0124_19930801,4_0124,1993-08-01,1993-08-01,2.0,,
4_0160_19930801,4_0160,1993-08-01,1993-08-01,2.0,,
4_0161_19930801,4_0161,1993-08-01,1993-08-01,2.0,,
4_0162_19930801,4_0162,1993-08-01,1993-08-01,2.0,,
4_0163_19930801,4_0163,1993-08-01,1993-08-01,2.0,,
4_0213_19931001,4_0213,1993-10-01,1993-10-01,2.0,,
4_0214_19931001,4_0214,1993-10-01,1993-10-01,2.0,,
4_0215_19931001,4_0215,1993-10-01,1993-10-01,2.0,,
4_0216_19931001,4_0216,1993-10-01,1993-10-01,2.0,,
4_0217_19931001,4_0217,1993-10-01,1993-10-01,2.0,,
4_0218_19931001,4_0218,1993-10-01,1993-10-01,2.0,,
4_0219_19931001,4_0219,1993-10-01,1993-10-01,2.0,,
4_0220_19931001,4_0220,1993-10-01,1993-10-01,2.0,,
4_0221_19931001,4_0221,1993-10-01,1993-10-01,2.0,,
4_0222_19931001,4_0222,1993-10-01,1993-10-01,2.0,,
4_0223_19931001,4_0223,1993-10-01,1993-10-01,2.0,,
4_0224_19931001,4_0224,1993-10-01,1993-10-01,2.0,,
4_0260_19931001,4_0260,1993-10-01,1993-10-01,2.0,,
4_0261_19931001,4_0261,1993-10-01,1993-10-01,2.0,,
4_0262_19931001,4_0262,1993-10-01,1993-10-01,2.0,,
4_0263_19931001,4_0263,1993-10-01,1993-10-01,2.0,,
4_0264_19931001,4_0264,1993-10-01,1993-10-01,2.0,,
4_0265_19931001,4_0265,1993-10-01,1993-10-01,2.0,,
4_0266_19931001,4_0266,1993-10-01,1993-10-01,2.0,,
4_0267_19931001,4_0267,1993-10-01,1993-10-01,2.0,,
4_0268_19931001,4_0268,1993-10-01,1993-10-01,2.0,,
4_0902_19930801,4_0902,1993-08-01,1993-08-01,2.0,,
4_0903_19930801,4_0903,1993-08-01,1993-08-01,2.0,,
4_7079_19890301,4_7079,1989-03-01,1989-08-01,,,
29_0801_19980701,29_0801,1998-07-01,1998-07-01,1.0,,
29_0802_19980701,29_0802,1998-07-01,1998-07-01,1.0,,
29_0807_19980701,29_0807,1998-07-01,1998-07-01,1.0,,
29_0808_19980701,29_0808,1998-07-01,1998-07-01,1.0,,
29_A801_19981201,29_A801,1998-12-01,1998-12-01,1.0,,
29_A802_19981201,29_A802,1998-12-01,1998-12-01,1.0,,
29_A807_19981201,29_A807,1998-12-01,1998-12-01,1.0,,
29_A808_19981201,29_A808,1998-12-01,1998-12-01,1.0,,
29_AA01_20050801,29_AA01,2005-08-01,2005-08-01,2.0,2.0,
29_AA02_20050801,29_AA02,2005-08-01,2005-08-01,2.0,2.0,
29_AA03_20050801,29_AA03,2005-08-01,2005-08-01,2.0,2.0,
29_AA61_20050801,29_AA61,2005-08-01,2005-08-01,2.0,2.0,
29_AA62_20050801,29_AA62,2005-08-01,2005-08-01,2.0,2.0,
29_AA63_20050801,29_AA63,2005-08-01,2005-08-01,2.0,2.0,
29_AA64_20050801,29_AA64,2005-08-01,2005-08-01,2.0,2.0,
29_AA65_20050801,29_AA65,2005-08-01,2005-08-01,2.0,2.0,
29_AA66_20050801,29_AA66,2005-08-01,2005-08-01,2.0,2.0,
29_AA67_20050801,29_AA67,2005-08-01,2005-08-01,2.0,2.0,
30_0113_19981001,30_0113,1998-10-01,1998-10-01,2.0,,
30_0114_19981001,30_0114,1998-10-01,1998-10-01,2.0,,
30_0115_19981001,30_0115,1998-10-01,1998-10-01,2.0,,
30_0116_19981001,30_0116,1998-10-01,1998-10-01,2.0,,
30_0117_19981001,30_0117,1998-10-01,1998-10-01,2.0,,
30_0118_19981001,30_0118,1998-10-01,1998-10-01,2.0,,
30_0119_19981001,30_0119,1998-10-01,1998-10-01,2.0,,
30_0120_19981001,30_0120,1998-10-01,1998-10-01,2.0,,
30_0121_19981001,30_0121,1998-10-01,1998-10-01,2.0,,
30_0122_19981001,30_0122,1998-10-01,1998-10-01,2.0,,
30_0123_19981001,30_0123,1998-10-01,1998-10-01,2.0,,
30_0124_19981001,30_0124,1998-10-01,1998-10-01,2.0,,
30_0805_19940601,30_0805,1994-06-01,1994-06-01,1.0,,
30_0806_19940601,30_0806,1994-06-01,1994-06-01,1.0,,
30_0901_19981001,30_0901,1998-10-01,1998-10-01,2.0,,
30_0902_19981001,30_0902,1998-10-01,1998-10-01,2.0,,
30_0903_19981001,30_0903,1998-10-01,1998-10-01,2.0,,
30_8129_19880601,30_8129,1988-06-01,1988-06-01,,,
31_0113_19950701,31_0113,1995-07-01,1995-08-01,2.0,,
31_0114_19950701,31_0114,1995-07-01,1995-08-01,2.0,,
31_0115_19950701,31_0115,1995-07-01,1995-08-01,2.0,,
31_0116_19950701,31_0116,1995-07-01,1995-08-01,2.0,,
31_0117_19950701,31_0117,1995-07-01,1995-08-01,2.0,,
31_0118_19950701,31_0118,1995-07-01,1995-08-01,2.0,,
31_0119_19950701,31_0119,1995-07-01,1995-08-01,2.0,,
31_0120_19950701,31_0120,1995-07-01,1995-08-01,2.0,,
31_0121_19950701,31_0121,1995-07-01,1995-08-01,2.0,,
31_0122_19950701,31_0122,1995-07-01,1995-08-01,2.0,,
31_0123_19950701,31_0123,1995-07-01,1995-08-01,2.0,,
31_0124_19950701,31_0124,1995-07-01,1995-08-01,2.0,,
31_0902_19950731,31_0902,1995-07-31,1995-08-01,2.0,,
31_0903_19950731,31_0903,1995-07-31,1995-08-01,2.0,,
31_0904_19950731,31_0904,1995-07-31,1995-08-01,2.0,,
32_0101_19950801,32_0101,1995-08-01,1995-09-01,2.0,,
32_0102_19950801,32_0102,1995-08-01,1995-09-01,2.0,,
32_0103_19950801,32_0103,1995-08-01,1995-09-01,2.0,,
32_0104_19950801,32_0104,1995-08-01,1995-09-01,2.0,,
32_0105_19950801,32_0105,1995-08-01,1995-09-01,2.0,,
32_0106_19950801,32_0106,1995-08-01,1995-09-01,2.0,,
32_0107_19950801,32_0107,1995-08-01,1995-09-01,2.0,,
32_0108_19950801,32_0108,1995-08-01,1995-09-01,2.0,,
32_0109_19950801,32_0109,1995-08-01,1995-09-01,2.0,,
32_0110_19950801,32_0110,1995-08-01,1995-09-01,2.0,,
32_0111_19950801,32_0111,1995-08-01,1995-09-01,2.0,,
32_0112_19950801,32_0112,1995-08-01,1995-09-01,2.0,,
32_0201_19950801,32_0201,1995-08-01,1995-09-01,2.0,,
32_0202_19950801,32_0202,1995-08-01,1995-09-01,2.0,,
32_0203_19950801,32_0203,1995-08-01,1995-09-01,2.0,,
32_0204_19950801,32_0204,1995-08-01,1995-09-01,2.0,,
32_0205_19950801,32_0205,1995-08-01,1995-09-01,2.0,,
32_0206_19950801,32_0206,1995-08-01,1995-09-01,2.0,,
32_0207_19950801,32_0207,1995-08-01,1995-09-01,2.0,,
32_0208_19950801,32_0208,1995-08-01,1995-09-01,2.0,,
32_0209_19950801,32_0209,1995-08-01,1995-09-01,2.0,,
32_0210_19950801,32_0210,1995-08-01,1995-09-01,2.0,,
32_0211_19950801,32_0211,1995-08-01,1995-09-01,2.0,,
32_0259_19950801,32_0259,1995-08-01,1995-09-01,2.0,,
32_7084_19900201,32_7084,1990-02-01,1990-02-01,,,
32_AA01_20040901,32_AA01,2004-09-01,2004-09-01,2.0,,
32_AA02_20040901,32_AA02,2004-09-01,2004-09-01,2.0,,
32_AA03_20040901,32_AA03,2004-09-01,2004-09-01,2.0,,
32_AA59_20040901,32_AA59,2004-09-01,2004-09-01,2.0,,
32_AA60_20040901,32_AA60,2004-09-01,2004-09-01,2.0,,
32_AA61_20040901,32_AA61,2004-09-01,2004-09-01,2.0,,
32_AA62_20040901,32_AA62,2004-09-01,2004-09-01,2.0,,
34_0801_19930601,34_0801,1993-06-01,1993-08-01,1.0,,
34_0802_19930601,34_0802,1993-06-01,1993-08-01,1.0,,
34_0859_19930601,34_0859,1993-06-01,1993-08-01,1.0,,
34_0860_19930601,34_0860,1993-06-01,1993-08-01,1.0,,
35_0101_19951101,35_0101,1995-11-01,1995-11-01,2.0,,
35_0102_19951101,35_0102,1995-11-01,1995-11-01,2.0,,
35_0103_19951101,35_0103,1995-11-01,1995-11-01,2.0,,
35_0104_19951101,35_0104,1995-11-01,1995-11-01,2.0,,
35_0105_19951101,35_0105,1995-11-01,1995-11-01,2.0,,
35_0106_19951101,35_0106,1995-11-01,1995-11-01,2.0,,
35_0107_19951101,35_0107,1995-11-01,1995-11-01,2.0,,
35_0108_19951101,35_0108,1995-11-01,1995-11-01,2.0,,
35_0109_19951101,35_0109,1995-11-01,1995-11-01,2.0,,
35_0110_19951101,35_0110,1995-11-01,1995-11-01,2.0,,
35_0111_19951101,35_0111,1995-11-01,1995-11-01,2.0,,
35_0112_19951101,35_0112,1995-11-01,1995-11-01,2.0,,
35_0801_19961101,35_0801,1996-11-01,1996-11-01,1.0,,
35_0802_19961101,35_0802,1996-11-01,1996-11-01,1.0,,
36_0801_19940801,36_0801,1994-08-01,1994-09-01,2.0,,
36_0802_19940801,36_0802,1994-08-01,1994-09-01,2.0,,
36_0859_19940801,36_0859,1994-08-01,1994-09-01,2.0,,
37_0201_19940701,37_0201,1994-07-01,1994-07-01,2.0,,
37_0202_19940701,37_0202,1994-07-01,1994-07-01,2.0,,
37_0203_19940701,37_0203,1994-07-01,1994-07-01,2.0,,
37_0204_19940701,37_0204,1994-07-01,1994-07-01,2.0,,
37_0205_19940701,37_0205,1994-07-01,1994-07-01,2.0,,
37_0206_19940701,37_0206,1994-07-01,1994-07-01,2.0,,
37_0207_19940701,37_0207,1994-07-01,1994-07-01,2.0,,
37_0208_19940701,37_0208,1994-07-01,1994-07-01,2.0,,
37_0209_19940701,37_0209,1994-07-01,1994-07-01,2.0,,
37_0210_19940701,37_0210,1994-07-01,1994-07-01,2.0,,
37_0211_19940701,37_0211,1994-07-01,1994-07-01,2.0,,
37_0212_19940701,37_0212,1994-07-01,1994-07-01,2.0,,
37_0259_19940701,37_0259,1994-07-01,1994-07-01,2.0,,
37_0260_19940701,37_0260,1994-07-01,1994-07-01,2.0,,
37_0801_19971201,37_0801,1997-12-01,1997-12-01,1.0,,
37_0802_19971201,37_0802,1997-12-01,1997-12-01,1.0,,
37_0859_19971201,37_0859,1997-12-01,1997-12-01,1.0,,
37_0901_19970712,37_0901,1997-07-12,1998-09-01,2.0,,
37_0902_19970712,37_0902,1997-07-12,1998-09-01,2.0,,
37_0903_19970712,37_0903,1997-07-12,1998-09-01,2.0,,
37_1992_19900201,37_1992,1990-02-01,1990-02-01,,,
37_2825_19870201,37_2825,1987-02-01,1987-02-01,1.0,2.0,1987.0
37_A960_19980926,37_A960,1998-09-26,1975-01-01,,,
37_A961_19980926,37_A961,1998-09-26,1975-01-01,,,
37_A962_19980926,37_A962,1998-09-26,1975-01-01,,,
37_A963_19980926,37_A963,1998-09-26,1975-01-01,,,
37_A964_19980926,37_A964,1998-09-26,1975-01-01,,,
37_A965_19980926,37_A965,1998-09-26,1975-01-01,,,
38_0213_19941031,38_0213,1994-10-31,1994-11-01,2.0,,
38_0214_19941031,38_0214,1994-10-31,1994-11-01,2.0,,
38_0215_19941031,38_0215,1994-10-31,1994-11-01,2.0,,
38_0216_19941031,38_0216,1994-10-31,1994-11-01,2.0,,
38_0217_19941031,38_0217,1994-10-31,1994-11-01,2.0,,
38_0218_19941031,38_0218,1994-10-31,1994-11-01,2.0,,
38_0219_19941031,38_0219,1994-10-31,1994-11-01,2.0,,
38_0220_19941031,38_0220,1994-10-31,1994-11-01,2.0,,
38_0221_19941031,38_0221,1994-10-31,1994-11-01,2.0,,
38_0222_19941031,38_0222,1994-10-31,1994-11-01,2.0,,
38_0223_19941031,38_0223,1994-10-31,1994-11-01,2.0,,
38_0224_19941031,38_0224,1994-10-31,1994-11-01,2.0,,
38_0259_19941031,38_0259,1994-10-31,1994-11-01,2.0,,
38_0260_19941031,38_0260,1994-10-31,1994-11-01,2.0,,
38_0261_19941031,38_0261,1994-10-31,1994-11-01,2.0,,
38_0262_19941031,38_0262,1994-10-31,1994-11-01,2.0,,
38_0263_19941031,38_0263,1994-10-31,1994-11-01,2.0,,
38_0264_19941031,38_0264,1994-10-31,1994-11-01,2.0,,
38_3006_19871001,38_3006,1987-10-01,1987-10-01,,,
39_0101_19951101,39_0101,1995-11-01,1995-11-01,2.0,,
39_0102_19951101,39_0102,1995-11-01,1995-11-01,2.0,,
39_0103_19951101,39_0103,1995-11-01,1995-11-01,2.0,,
39_0104_19951101,39_0104,1995-11-01,1995-11-01,2.0,,
39_0105_19951101,39_0105,1995-11-01,1995-11-01,2.0,,
39_0106_19951101,39_0106,1995-11-01,1995-11-01,2.0,,
39_0107_19951101,39_0107,1995-11-01,1995-11-01,2.0,,
39_0108_19951101,39_0108,1995-11-01,1995-11-01,2.0,,
39_0109_19951101,39_0109,1995-11-01,1995-11-01,2.0,,
39_0110_19951101,39_0110,1995-11-01,1995-11-01,2.0,,
39_0111_19951101,39_0111,1995-11-01,1995-11-01,2.0,,
39_0112_19951101,39_0112,1995-11-01,1995-11-01,2.0,,
39_0159_19951101,39_0159,1995-11-01,1995-11-01,2.0,,
39_0160_19951101,39_0160,1995-11-01,1995-11-01,2.0,,
39_0201_19960901,39_0201,1996-09-01,1996-10-01,2.0,,
39_0202_19960901,39_0202,1996-09-01,1996-10-01,2.0,,
39_0203_19960901,39_0203,1996-09-01,1996-10-01,2.0,,
39_0204_19960901,39_0204,1996-09-01,1996-10-01,2.0,,
39_0205_19960901,39_0205,1996-09-01,1996-10-01,2.0,,
39_0206_19960901,39_0206,1996-09-01,1996-10-01,2.0,,
39_0207_19960901,39_0207,1996-09-01,1996-10-01,2.0,,
39_0208_19960901,39_0208,1996-09-01,1996-10-01,2.0,,
39_0209_19960901,39_0209,1996-09-01,1996-10-01,2.0,,
39_0210_19960901,39_0210,1996-09-01,1996-10-01,2.0,,
39_0211_19960901,39_0211,1996-09-01,1996-10-01,2.0,,
39_0212_19960901,39_0212,1996-09-01,1996-10-01,2.0,,
39_0259_19960901,39_0259,1996-09-01,1996-10-01,2.0,,
39_0260_19960901,39_0260,1996-09-01,1996-10-01,2.0,,
39_0261_19960901,39_0261,1996-09-01,1996-10-01,2.0,,
39_0262_19960901,39_0262,1996-09-01,1996-10-01,2.0,,
39_0263_19960901,39_0263,1996-09-01,1996-10-01,2.0,,
39_0264_19960901,39_0264,1996-09-01,1996-10-01,2.0,,
39_0265_19960901,39_0265,1996-09-01,1996-10-01,2.0,,
39_0809_19941101,39_0809,1994-11-01,1994-11-01,1.0,,
39_0810_19941101,39_0810,1994-11-01,1994-11-01,1.0,,
39_0901_19951231,39_0901,1995-12-31,1996-01-01,2.0,,
39_0902_19951231,39_0902,1995-12-31,1996-01-01,2.0,,
39_0903_19951231,39_0903,1995-12-31,1996-01-01,2.0,,
39_5003_19880601,39_5003,1988-06-01,1988-09-01,,,
39_A803_19971031,39_A803,1997-10-31,1997-11-01,1.0,,
39_A804_19971031,39_A804,1997-10-31,1997-11-01,1.0,,
40_0113_19970701,40_0113,1997-07-01,1997-07-01,2.0,,
40_0114_19970701,40_0114,1997-07-01,1997-07-01,2.0,,
40_0115_19970701,40_0115,1997-07-01,1997-07-01,2.0,,
40_0116_19970701,40_0116,1997-07-01,1997-07-01,2.0,,
40_0117_19970701,40_0117,1997-07-01,1997-07-01,2.0,,
40_0118_19970701,40_0118,1997-07-01,1997-07-01,2.0,,
40_0119_19970701,40_0119,1997-07-01,1997-07-01,2.0,,
40_0120_19970701,40_0120,1997-07-01,1997-07-01,2.0,,
40_0121_19970701,40_0121,1997-07-01,1997-07-01,2.0,,
40_0122_19970701,40_0122,1997-07-01,1997-07-01,2.0,,
40_0123_19970701,40_0123,1997-07-01,1997-07-01,2.0,,
40_0124_19970701,40_0124,1997-07-01,1997-07-01,2.0,,
40_0160_19970701,40_0160,1997-07-01,1997-07-01,2.0,,
40_4154_19890101,40_4154,1989-01-01,1989-03-01,,,
40_4158_19890601,40_4158,1989-06-01,1989-06-01,,,
40_4163_19870401,40_4163,1987-04-01,1987-04-01,,,
40_4166_19900501,40_4166,1990-05-01,1990-06-01,,,
40_5021_19871001,40_5021,1987-10-01,1987-10-01,,,
41_7081_19880901,41_7081,1988-09-01,1988-09-01,,,
41_AA01_20040901,41_AA01,2004-09-01,2004-09-01,1.0,1.0,
41_AA02_20040901,41_AA02,2004-09-01,2004-09-01,1.0,1.0,
41_AA03_20040901,41_AA03,2004-09-01,2004-09-01,1.0,1.0,
41_AA59_20040901,41_AA59,2004-09-01,2004-09-01,1.0,1.0,
41_AA60_20040901,41_AA60,2004-09-01,2004-09-01,1.0,1.0,
42_1599_19870801,42_1599,1987-08-01,1987-08-01,,,
46_0803_19930601,46_0803,1993-06-01,1993-06-01,1.0,,
46_0804_19930601,46_0804,1993-06-01,1993-06-01,1.0,,
46_0859_19930601,46_0859,1993-06-01,1993-06-01,1.0,,
46_3052_19880701,46_3052,1988-07-01,1988-07-01,,,
46_9187_19890501,46_9187,1989-05-01,1989-05-01,,,
48_0001_19890301,48_0001,1989-03-01,1989-04-01,,,
48_0113_19970701,48_0113,1997-07-01,1997-07-01,2.0,,
48_0114_19970701,48_0114,1997-07-01,1997-07-01,2.0,,
48_0115_19970701,48_0115,1997-07-01,1997-07-01,2.0,,
48_0116_19970701,48_0116,1997-07-01,1997-07-01,2.0,,
48_0117_19970701,48_0117,1997-07-01,1997-07-01,2.0,,
48_0118_19970701,48_0118,1997-07-01,1997-07-01,2.0,,
48_0119_19970701,48_0119,1997-07-01,1997-07-01,2.0,,
48_0120_19970701,48_0120,1997-07-01,1997-07-01,2.0,,
48_0121_19970701,48_0121,1997-07-01,1997-07-01,2.0,,
48_0122_19970701,48_0122,1997-07-01,1997-07-01,2.0,,
48_0123_19970701,48_0123,1997-07-01,1997-07-01,2.0,,
48_0124_19970701,48_0124,1997-07-01,1997-07-01,2.0,,
48_0160_19970701,48_0160,1997-07-01,1997-07-01,2.0,,
48_0161_19970701,48_0161,1997-07-01,1997-07-01,2.0,,
48_0162_19970701,48_0162,1997-07-01,1997-07-01,2.0,,
48_0163_19970701,48_0163,1997-07-01,1997-07-01,2.0,,
48_0164_19970701,48_0164,1997-07-01,1997-07-01,2.0,,
48_0165_19970701,48_0165,1997-07-01,1997-07-01,2.0,,
48_0166_19970701,48_0166,1997-07-01,1997-07-01,2.0,,
48_0167_19970701,48_0167,1997-07-01,1997-07-01,2.0,,
48_0801_19960701,48_0801,1996-07-01,1996-07-01,1.0,,
48_0802_19960701,48_0802,1996-07-01,1996-07-01,1.0,,
48_0901_19951001,48_0901,1995-10-01,1996-01-01,2.0,,
48_0902_19951001,48_0902,1995-10-01,1996-01-01,2.0,,
48_0903_19951001,48_0903,1995-10-01,1996-01-01,2.0,,
48_1068_19870301,48_1068,1987-03-01,1987-03-01,,,
48_1116_19870701,48_1116,1987-07-01,1987-07-01,,,
48_1178_19880701,48_1178,1988-07-01,1988-07-01,,,
48_3579_19871101,48_3579,1987-11-01,1987-11-01,,,
48_3679_19880601,48_3679,1988-06-01,1988-06-01,,,
48_3689_19870401,48_3689,1987-04-01,1987-04-01,1.0,2.0,1987.0
48_3835_19911001,48_3835,1991-10-01,1991-10-01,,,
48_5026_19851101,48_5026,1985-11-01,1988-06-01,,,
48_5283_19871101,48_5283,1987-11-01,1988-04-01,,,
48_5284_19871001,48_5284,1987-10-01,1988-03-01,,,
48_5310_19870701,48_5310,1987-07-01,1987-07-01,,,
48_A807_20000101,48_A807,2000-01-01,2000-01-01,1.0,,
48_A808_20000101,48_A808,2000-01-01,2000-01-01,1.0,,
48_AA01_20140501,48_AA01,2014-05-01,2014-07-01,2.0,2.0,
48_AA02_20140501,48_AA02,2014-05-01,2014-07-01,2.0,2.0,
48_AA03_20140501,48_AA03,2014-05-01,2014-07-01,2.0,2.0,
48_F310_19871101,48_F310,1987-11-01,1987-11-01,,,
48_F320_19871101,48_F320,1987-11-01,1987-11-01,,,
48_F330_19871101,48_F330,1987-11-01,1987-11-01,,,
48_F340_19871101,48_F340,1987-11-01,1987-11-01,,,
48_F350_19871101,48_F350,1987-11-01,1987-11-01,,,
49_0803_19971001,49_0803,1997-10-01,1997-10-01,1.0,,
49_0804_19971001,49_0804,1997-10-01,1997-10-01,1.0,,
49_7082_19901101,49_7082,1990-11-01,1990-11-01,,,
49_7083_19890701,49_7083,1989-07-01,1989-09-01,,,
49_7085_19911001,49_7085,1991-10-01,1991-10-01,,,
49_7086_19911001,49_7086,1991-10-01,1991-11-01,,,
49_C410_19901101,49_C410,1990-11-01,1990-11-01,,,
49_C430_19901101,49_C430,1990-11-01,1990-11-01,,,
49_C431_19901101,49_C431,1990-11-01,1990-11-01,,,
49_C440_19901101,49_C440,1990-11-01,1990-11-01,,,
49_C441_19901101,49_C441,1990-11-01,1990-11-01,,,
49_C443_19901101,49_C443,1990-11-01,1990-11-01,,,
49_C444_19901101,49_C444,1990-11-01,1990-11-01,,,
49_C445_19901101,49_C445,1990-11-01,1990-11-01,,,
49_C446_19901101,49_C446,1990-11-01,1990-11-01,,,
49_C447_19901101,49_C447,1990-11-01,1990-11-01,,,
49_C448_19901101,49_C448,1990-11-01,1990-11-01,,,
49_C449_19901101,49_C449,1990-11-01,1990-11-01,,,
49_C450_19901101,49_C450,1990-11-01,1990-11-01,,,
49_C451_19901101,49_C451,1990-11-01,1990-11-01,,,
49_C452_19901101,49_C452,1990-11-01,1990-11-01,,,
49_C453_19901101,49_C453,1990-11-01,1990-11-01,,,
49_C454_19901101,49_C454,1990-11-01,1990-11-01,,,
49_C455_19901101,49_C455,1990-11-01,1990-11-01,,,
49_C456_19901101,49_C456,1990-11-01,1990-11-01,,,
49_C457_19901101,49_C457,1990-11-01,1990-11-01,,,
49_C458_19901101,49_C458,1990-11-01,1990-11-01,,,
49_D410_19911001,49_D410,1991-10-01,1991-11-01,,,
49_D430_19911001,49_D430,1991-10-01,1991-11-01,,,
49_D431_19911001,49_D431,1991-10-01,1991-11-01,,,
49_D440_19911001,49_D440,1991-10-01,1991-11-01,,,
49_D441_19911001,49_D441,1991-10-01,1991-11-01,,,
49_D443_19911001,49_D443,1991-10-01,1991-11-01,,,
49_D444_19911001,49_D444,1991-10-01,1991-11-01,,,
49_D445_19911001,49_D445,1991-10-01,1991-11-01,,,
49_D446_19911001,49_D446,1991-10-01,1991-11-01,,,
49_D448_19911001,49_D448,1991-10-01,1991-11-01,,,
49_D449_19911001,49_D449,1991-10-01,1991-11-01,,,
49_D450_19911001,49_D450,1991-10-01,1991-11-01,,,
49_D451_19911001,49_D451,1991-10-01,1991-11-01,,,
20_0109_19931101,20_0109,1993-11-01,1993-11-01,1.0,,
20_0110_19931101,20_0110,1993-11-01,1993-11-01,1.0,,
20_0111_19931101,20_0111,1993-11-01,1993-11-01,1.0,,
20_0112_19931101,20_0112,1993-11-01,1993-11-01,1.0,,
20_0159_19931101,20_0159,1993-11-01,1993-11-01,1.0,,
20_0160_19931101,20_0160,1993-11-01,1993-11-01,1.0,,
20_0161_19931101,20_0161,1993-11-01,1993-11-01,1.0,,
20_0162_19931101,20_0162,1993-11-01,1993-11-01,1.0,,
20_0163_19931101,20_0163,1993-11-01,1993-11-01,1.0,,
20_0164_19931101,20_0164,1993-11-01,1993-11-01,1.0,,
20_0201_19920731,20_0201,1992-07-31,1992-08-01,2.0,,
20_0202_19920731,20_0202,1992-07-31,1992-08-01,2.0,,
20_0203_19920731,20_0203,1992-07-31,1992-08-01,2.0,,
20_0204_19920731,20_0204,1992-07-31,1992-08-01,2.0,,
20_0205_19920731,20_0205,1992-07-31,1992-08-01,2.0,,
20_0206_19920731,20_0206,1992-07-31,1992-08-01,2.0,,
20_0207_19920731,20_0207,1992-07-31,1992-08-01,2.0,,
20_0208_19920731,20_0208,1992-07-31,1992-08-01,2.0,,
20_0209_19920731,20_0209,1992-07-31,1992-08-01,2.0,,
20_0210_19920731,20_0210,1992-07-31,1992-08-01,2.0,,
20_0211_19920731,20_0211,1992-07-31,1992-08-01,2.0,,
20_0212_19920731,20_0212,1992-07-31,1992-08-01,2.0,,
20_0259_19920731,20_0259,1992-07-31,1992-08-01,2.0,,
20_0901_19931031,20_0901,1993-10-31,1993-11-01,1.0,,
20_0902_19931031,20_0902,1993-10-31,1993-11-01,1.0,,
20_0903_19931031,20_0903,1993-10-31,1993-11-01,1.0,,
20_4053_19870601,20_4053,1987-06-01,1987-06-01,,,
22_0113_19970701,22_0113,1997-07-01,1997-07-01,2.0,,
22_0114_19970701,22_0114,1997-07-01,1997-07-01,2.0,,
22_0115_19970701,22_0115,1997-07-01,1997-07-01,2.0,,
22_0116_19970701,22_0116,1997-07-01,1997-07-01,2.0,,
22_0117_19970701,22_0117,1997-07-01,1997-07-01,2.0,,
22_0118_19970701,22_0118,1997-07-01,1997-07-01,2.0,,
22_0119_19970701,22_0119,1997-07-01,1997-07-01,2.0,,
22_0120_19970701,22_0120,1997-07-01,1997-07-01,2.0,,
22_0121_19970701,22_0121,1997-07-01,1997-07-01,2.0,,
22_0122_19970701,22_0122,1997-07-01,1997-07-01,2.0,,
22_0123_19970701,22_0123,1997-07-01,1997-07-01,2.0,,
22_0124_19970701,22_0124,1997-07-01,1997-07-01,2.0,,
22_3056_19870101,22_3056,1987-01-01,1988-01-01,,,
24_1632_19861001,24_1632,1986-10-01,1987-07-01,,,
24_2401_19870701,24_2401,1987-07-01,1987-11-01,,,
24_5807_19880901,24_5807,1988-09-01,1990-06-01,,,
26_0113_19950801,26_0113,1995-08-01,1995-11-01,2.0,,
26_0114_19950801,26_0114,1995-08-01,1995-11-01,2.0,,
26_0115_19950801,26_0115,1995-08-01,1995-11-01,2.0,,
26_0116_19950801,26_0116,1995-08-01,1995-11-01,2.0,,
26_0117_19950801,26_0117,1995-08-01,1995-11-01,2.0,,
26_0118_19950801,26_0118,1995-08-01,1995-11-01,2.0,,
26_0119_19950801,26_0119,1995-08-01,1995-11-01,2.0,,
26_0120_19950801,26_0120,1995-08-01,1995-11-01,2.0,,
26_0121_19950801,26_0121,1995-08-01,1995-11-01,2.0,,
26_0122_19950801,26_0122,1995-08-01,1995-11-01,2.0,,
26_0123_19950801,26_0123,1995-08-01,1995-11-01,2.0,,
26_0124_19950801,26_0124,1995-08-01,1995-11-01,2.0,,
26_0159_19950801,26_0159,1995-08-01,1995-11-01,2.0,,
26_0213_19931101,26_0213,1993-11-01,1993-11-01,2.0,,
26_0214_19931101,26_0214,1993-11-01,1993-11-01,2.0,,
26_0215_19931101,26_0215,1993-11-01,1993-11-01,2.0,,
26_0216_19931101,26_0216,1993-11-01,1993-11-01,2.0,,
26_0217_19931101,26_0217,1993-11-01,1993-11-01,2.0,,
26_0218_19931101,26_0218,1993-11-01,1993-11-01,2.0,,
26_0219_19931101,26_0219,1993-11-01,1993-11-01,2.0,,
26_0220_19931101,26_0220,1993-11-01,1993-11-01,2.0,,
26_0221_19931101,26_0221,1993-11-01,1993-11-01,2.0,,
26_0222_19931101,26_0222,1993-11-01,1993-11-01,2.0,,
26_0223_19931101,26_0223,1993-11-01,1993-11-01,2.0,,
26_0224_19931101,26_0224,1993-11-01,1993-11-01,2.0,,
26_0259_19931101,26_0259,1993-11-01,1993-11-01,2.0,,
27_1003_19930601,27_1003,1993-06-01,1994-07-01,,,
27_1004_19930601,27_1004,1993-06-01,1994-07-01,,,
27_1017_19930601,27_1017,1993-06-01,1994-07-01,,,
27_1020_19930601,27_1020,1993-06-01,1994-07-01,,,
27_2018_19930601,27_2018,1993-06-01,1994-07-01,,,
27_2023_19930601,27_2023,1993-06-01,1994-07-01,,,
27_3005_19930601,27_3005,1993-06-01,1994-07-01,,,
27_3007_19930601,27_3007,1993-06-01,1994-07-01,,,
27_3009_19930601,27_3009,1993-06-01,1994-07-01,,,
27_3010_19930601,27_3010,1993-06-01,1994-07-01,,,
27_3012_19930601,27_3012,1993-06-01,1994-07-01,,,
28_0805_19961001,28_0805,1996-10-01,1996-11-01,1.0,,
28_0806_19961001,28_0806,1996-10-01,1996-11-01,1.0,,
28_1001_19870101,28_1001,1987-01-01,1987-01-01,,,
28_3082_19890901,28_3082,1989-09-01,1989-10-01,,,
90_0903_19960901,90_0903,1996-09-01,1996-10-01,2.0,,
90_0959_19960901,90_0959,1996-09-01,1996-10-01,2.0,,
90_0960_19960901,90_0960,1996-09-01,1996-10-01,2.0,,
90_0961_19960901,90_0961,1996-09-01,1996-10-01,2.0,,
90_0962_19960901,90_0962,1996-09-01,1996-10-01,2.0,,
49_D452_19911001,49_D452,1991-10-01,1991-11-01,,,
49_D454_19911001,49_D454,1991-10-01,1991-11-01,,,
49_D455_19911001,49_D455,1991-10-01,1991-11-01,,,
49_D459_19911001,49_D459,1991-10-01,1991-11-01,,,
49_D460_19911001,49_D460,1991-10-01,1991-11-01,,,
49_D461_19911001,49_D461,1991-10-01,1991-11-01,,,
49_D462_19911001,49_D462,1991-10-01,1991-11-01,,,
49_E410_19911001,49_E410,1991-10-01,1991-10-01,,,
49_E430_19911001,49_E430,1991-10-01,1991-10-01,,,
49_E431_19911001,49_E431,1991-10-01,1991-10-01,,,
49_E440_19911001,49_E440,1991-10-01,1991-10-01,,,
49_E441_19911001,49_E441,1991-10-01,1991-10-01,,,
49_E443_19911001,49_E443,1991-10-01,1991-10-01,,,
49_E444_19911001,49_E444,1991-10-01,1991-10-01,,,
49_E445_19911001,49_E445,1991-10-01,1991-10-01,,,
49_E446_19911001,49_E446,1991-10-01,1991-10-01,,,
49_E448_19911001,49_E448,1991-10-01,1991-10-01,,,
49_E449_19911001,49_E449,1991-10-01,1991-10-01,,,
49_E450_19911001,49_E450,1991-10-01,1991-10-01,,,
49_E451_19911001,49_E451,1991-10-01,1991-10-01,,,
49_E452_19911001,49_E452,1991-10-01,1991-10-01,,,
49_E454_19911001,49_E454,1991-10-01,1991-10-01,,,
49_E455_19911001,49_E455,1991-10-01,1991-10-01,,,
49_E456_19911001,49_E456,1991-10-01,1991-10-01,,,
49_E458_19911001,49_E458,1991-10-01,1991-10-01,,,
49_E459_19911001,49_E459,1991-10-01,1991-10-01,,,
49_E460_19911001,49_E460,1991-10-01,1991-10-01,,,
49_E461_19911001,49_E461,1991-10-01,1991-10-01,,,
49_E462_19911001,49_E462,1991-10-01,1991-10-01,,,
51_0113_19951101,51_0113,1995-11-01,1996-07-01,1.0,,
51_0114_19951101,51_0114,1995-11-01,1996-07-01,1.0,,
51_0115_19951101,51_0115,1995-11-01,1996-07-01,1.0,,
51_0116_19951101,51_0116,1995-11-01,1996-07-01,1.0,,
51_0117_19951101,51_0117,1995-11-01,1996-07-01,1.0,,
51_0118_19951101,51_0118,1995-11-01,1996-07-01,1.0,,
51_0119_19951101,51_0119,1995-11-01,1996-07-01,1.0,,
51_0120_19951101,51_0120,1995-11-01,1996-07-01,1.0,,
51_0121_19951101,51_0121,1995-11-01,1996-07-01,1.0,,
51_0122_19951101,51_0122,1995-11-01,1996-07-01,1.0,,
51_0123_19951101,51_0123,1995-11-01,1996-07-01,1.0,,
51_0124_19951101,51_0124,1995-11-01,1996-07-01,1.0,,
51_0159_19951101,51_0159,1995-11-01,1996-07-01,1.0,,
51_5010_19880501,51_5010,1988-05-01,1988-10-01,,,
53_0201_19951101,53_0201,1995-11-01,1995-11-01,2.0,,
53_0202_19951101,53_0202,1995-11-01,1995-11-01,2.0,,
53_0203_19951101,53_0203,1995-11-01,1995-11-01,2.0,,
53_0204_19951101,53_0204,1995-11-01,1995-11-01,2.0,,
53_0205_19951101,53_0205,1995-11-01,1995-11-01,2.0,,
53_0206_19951101,53_0206,1995-11-01,1995-11-01,2.0,,
53_0207_19951101,53_0207,1995-11-01,1995-11-01,2.0,,
53_0208_19951101,53_0208,1995-11-01,1995-11-01,2.0,,
53_0209_19951101,53_0209,1995-11-01,1995-11-01,2.0,,
53_0210_19951101,53_0210,1995-11-01,1995-11-01,2.0,,
53_0211_19951101,53_0211,1995-11-01,1995-11-01,2.0,,
53_0212_19951101,53_0212,1995-11-01,1995-11-01,2.0,,
53_0259_19951101,53_0259,1995-11-01,1995-11-01,2.0,,
53_0801_19951001,53_0801,1995-10-01,1995-11-01,1.0,,
53_0802_19951001,53_0802,1995-10-01,1995-11-01,1.0,,
53_3014_19860401,53_3014,1986-04-01,1987-04-01,,,
53_A809_20000601,53_A809,2000-06-01,2000-06-01,1.0,,
53_A810_20000601,53_A810,2000-06-01,2000-06-01,1.0,,
55_0113_19971031,55_0113,1997-10-31,1997-11-01,2.0,,
55_0114_19971031,55_0114,1997-10-31,1997-11-01,2.0,,
55_0115_19971031,55_0115,1997-10-31,1997-11-01,2.0,,
55_0116_19971031,55_0116,1997-10-31,1997-11-01,2.0,,
55_0117_19971031,55_0117,1997-10-31,1997-11-01,2.0,,
55_0118_19971031,55_0118,1997-10-31,1997-11-01,2.0,,
55_0119_19971031,55_0119,1997-10-31,1997-11-01,2.0,,
55_0120_19971031,55_0120,1997-10-31,1997-11-01,2.0,,
55_0121_19971031,55_0121,1997-10-31,1997-11-01,2.0,,
55_0122_19971031,55_0122,1997-10-31,1997-11-01,2.0,,
55_0123_19971031,55_0123,1997-10-31,1997-11-01,2.0,,
55_0124_19971031,55_0124,1997-10-31,1997-11-01,2.0,,
55_0213_19971031,55_0213,1997-10-31,1997-11-01,2.0,,
55_0214_19971031,55_0214,1997-10-31,1997-11-01,2.0,,
55_0215_19971031,55_0215,1997-10-31,1997-11-01,2.0,,
55_0216_19971031,55_0216,1997-10-31,1997-11-01,2.0,,
55_0217_19971031,55_0217,1997-10-31,1997-11-01,2.0,,
55_0218_19971031,55_0218,1997-10-31,1997-11-01,2.0,,
55_0219_19971031,55_0219,1997-10-31,1997-11-01,2.0,,
55_0220_19971031,55_0220,1997-10-31,1997-11-01,2.0,,
55_0221_19971031,55_0221,1997-10-31,1997-11-01,2.0,,
55_0222_19971031,55_0222,1997-10-31,1997-11-01,2.0,,
55_0223_19971031,55_0223,1997-10-31,1997-11-01,2.0,,
55_0224_19971031,55_0224,1997-10-31,1997-11-01,2.0,,
55_0259_19971031,55_0259,1997-10-31,1997-11-01,2.0,,
55_0260_19971031,55_0260,1997-10-31,1997-11-01,2.0,,
55_0261_19971031,55_0261,1997-10-31,1997-11-01,2.0,,
55_0262_19971031,55_0262,1997-10-31,1997-11-01,2.0,,
55_0263_19971031,55_0263,1997-10-31,1997-11-01,2.0,,
55_0264_19971031,55_0264,1997-10-31,1997-11-01,2.0,,
55_0265_19971031,55_0265,1997-10-31,1997-11-01,2.0,,
55_0266_19971031,55_0266,1997-10-31,1997-11-01,2.0,,
55_0805_19971130,55_0805,1997-11-30,1997-12-01,1.0,,
55_0806_19971130,55_0806,1997-11-30,1997-12-01,1.0,,
55_6351_19880901,55_6351,1988-09-01,1988-10-01,,,
55_6352_19880901,55_6352,1988-09-01,1988-10-01,,,
55_6353_19880901,55_6353,1988-09-01,1988-10-01,,,
55_6354_19880901,55_6354,1988-09-01,1988-10-01,,,
55_6355_19880901,55_6355,1988-09-01,1988-10-01,,,
55_C901_19971001,55_C901,1997-10-01,1997-11-01,2.0,,
55_C902_19971001,55_C902,1997-10-01,1997-11-01,2.0,,
55_C903_19971001,55_C903,1997-10-01,1997-11-01,2.0,,
55_C959_19971001,55_C959,1997-10-01,1997-11-01,2.0,,
55_C960_19971001,55_C960,1997-10-01,1997-11-01,2.0,,
56_7773_19870101,56_7773,1987-01-01,1987-01-01,,,
56_7775_19861001,56_7775,1986-10-01,1987-09-01,,,
56_B310_19861001,56_B310,1986-10-01,1987-09-01,,,
56_B320_19861001,56_B320,1986-10-01,1987-09-01,,,
56_B330_19861001,56_B330,1986-10-01,1987-09-01,,,
56_B350_19861001,56_B350,1986-10-01,1987-09-01,,,
56_B360_19861001,56_B360,1986-10-01,1987-09-01,,,
72_1003_19860301,72_1003,1986-03-01,1987-06-01,,,
81_A901_19951101,81_A901,1995-11-01,1995-11-01,2.0,,
81_A902_19951101,81_A902,1995-11-01,1995-11-01,2.0,,
81_A903_19951101,81_A903,1995-11-01,1995-11-01,2.0,,
82_9017_19871001,82_9017,1987-10-01,1987-11-01,,,
83_AA01_19871001,83_AA01,1987-10-01,1987-10-01,1.0,1.0,
83_AA02_19871001,83_AA02,1987-10-01,1987-10-01,1.0,1.0,
83_AA03_19871001,83_AA03,1987-10-01,1987-10-01,1.0,1.0,
83_AA61_19871001,83_AA61,1987-10-01,1987-10-01,1.0,1.0,
87_0901_19970601,87_0901,1997-06-01,1997-06-01,1.0,,
87_0902_19970601,87_0902,1997-06-01,1997-06-01,1.0,,
87_0903_19970601,87_0903,1997-06-01,1997-06-01,1.0,,
87_0960_19970601,87_0960,1997-06-01,1997-06-01,1.0,,
87_0961_19970601,87_0961,1997-06-01,1997-06-01,1.0,,
87_0962_19970601,87_0962,1997-06-01,1997-06-01,1.0,,
87_AA01_19980901,87_AA01,1998-09-01,1998-09-01,1.0,1.0,
87_AA02_19980901,87_AA02,1998-09-01,1998-09-01,1.0,1.0,
87_AA03_19980901,87_AA03,1998-09-01,1998-09-01,1.0,1.0,
87_AA61_19980901,87_AA61,1998-09-01,1998-09-01,1.0,1.0,
87_AA62_19980901,87_AA62,1998-09-01,1998-09-01,1.0,1.0,
87_BA01_19980901,87_BA01,1998-09-01,1998-09-01,1.0,1.0,
87_BA02_19980901,87_BA02,1998-09-01,1998-09-01,1.0,1.0,
87_BA03_19980901,87_BA03,1998-09-01,1998-09-01,1.0,1.0,
87_BA61_19980901,87_BA61,1998-09-01,1998-09-01,1.0,1.0,
87_BA62_19980901,87_BA62,1998-09-01,1998-09-01,1.0,1.0,
88_1645_19870701,88_1645,1987-07-01,1987-07-01,,,
89_0901_19961201,89_0901,1996-12-01,1996-12-01,2.0,,
89_0902_19961201,89_0902,1996-12-01,1996-12-01,2.0,,
89_0903_19961201,89_0903,1996-12-01,1996-12-01,2.0,,
89_A901_19961201,89_A901,1996-12-01,1996-12-01,2.0,,
89_A902_19961201,89_A902,1996-12-01,1996-12-01,2.0,,
89_A903_19961201,89_A903,1996-12-01,1996-12-01,2.0,,
90_0901_19960901,90_0901,1996-09-01,1996-10-01,2.0,,
90_0902_19960901,90_0902,1996-09-01,1996-10-01,2.0,,
